model,dataset,device,epochs,train_batch_size,eval_batch_size,train_runtime_seconds,eval_runtime_seconds,extra_metrics_runtime_seconds,vsknn_k,vsknn_sample_size,hit@5,hit@10,ndcg@5,ndcg@10,mrr@5,mrr@10,run_id,status,error_message,runtime_seconds,config_json,logged_at,vstan_k,vstan_sample_size,vstan_position_decay,vstan_idf_weighting,hidden_size,learning_rate,dropout_prob,num_layers,loss_type,train_neg_sample_args
VS-KNN,yoochoose_recbole_sample,cuda,1,2048,1024,161.76,247.21,0.0,100.0,100.0,0.3868,0.48,0.2799,0.3102,0.2445,0.2571,"yoochoose_recbole_sample::VS-KNN::{""vsknn_k"": 100, ""vsknn_sample_size"": 100}",success,,417.17,"{""vsknn_k"": 100, ""vsknn_sample_size"": 100}",2026-05-23T13:30:26,,,,,,,,,,
VSTAN,yoochoose_recbole_sample,cuda,1,2048,1024,172.23,262.37,0.0,,,0.406,0.503,0.2926,0.324,0.255,0.268,"yoochoose_recbole_sample::VSTAN::{""vstan_idf_weighting"": true, ""vstan_k"": 100, ""vstan_position_decay"": 0.1, ""vstan_sample_size"": 100}",success,,442.7,"{""vstan_idf_weighting"": true, ""vstan_k"": 100, ""vstan_position_decay"": 0.1, ""vstan_sample_size"": 100}",2026-05-23T13:37:49,100.0,100.0,0.1,True,,,,,,
GRU4Rec,yoochoose_recbole_sample,cuda,10,2048,2048,12.24,0.32,0.0,,,0.222,0.3101,0.1497,0.1781,0.126,0.1377,"yoochoose_recbole_sample::GRU4Rec::{""dropout_prob"": 0.2, ""epochs"": 10, ""eval_batch_size"": 2048, ""hidden_size"": 128, ""learning_rate"": 0.001, ""loss_type"": ""CE"", ""model"": ""GRU4Rec"", ""num_layers"": 1, ""train_batch_size"": 2048, ""train_neg_sample_args"": null}",success,,18.54,"{""dropout_prob"": 0.2, ""epochs"": 10, ""eval_batch_size"": 2048, ""hidden_size"": 128, ""learning_rate"": 0.001, ""loss_type"": ""CE"", ""model"": ""GRU4Rec"", ""num_layers"": 1, ""train_batch_size"": 2048, ""train_neg_sample_args"": null}",2026-05-23T13:38:07,,,,,128.0,0.001,0.2,1.0,CE,
GRU4Rec,yoochoose_recbole_sample,cuda,10,2048,2048,12.03,0.31,0.0,,,0.0557,0.0899,0.0374,0.0484,0.0315,0.0359,"yoochoose_recbole_sample::GRU4Rec::{""dropout_prob"": 0.2, ""epochs"": 10, ""eval_batch_size"": 2048, ""hidden_size"": 128, ""learning_rate"": 0.0005, ""loss_type"": ""CE"", ""model"": ""GRU4Rec"", ""num_layers"": 1, ""train_batch_size"": 2048, ""train_neg_sample_args"": null}",success,,18.25,"{""dropout_prob"": 0.2, ""epochs"": 10, ""eval_batch_size"": 2048, ""hidden_size"": 128, ""learning_rate"": 0.0005, ""loss_type"": ""CE"", ""model"": ""GRU4Rec"", ""num_layers"": 1, ""train_batch_size"": 2048, ""train_neg_sample_args"": null}",2026-05-23T13:38:26,,,,,128.0,0.0005,0.2,1.0,CE,
GRU4Rec,yoochoose_recbole_sample,cuda,10,2048,2048,14.02,0.35,0.0,,,0.2402,0.333,0.1615,0.1915,0.1356,0.1481,"yoochoose_recbole_sample::GRU4Rec::{""dropout_prob"": 0.2, ""epochs"": 10, ""eval_batch_size"": 2048, ""hidden_size"": 256, ""learning_rate"": 0.001, ""loss_type"": ""CE"", ""model"": ""GRU4Rec"", ""num_layers"": 1, ""train_batch_size"": 2048, ""train_neg_sample_args"": null}",success,,20.36,"{""dropout_prob"": 0.2, ""epochs"": 10, ""eval_batch_size"": 2048, ""hidden_size"": 256, ""learning_rate"": 0.001, ""loss_type"": ""CE"", ""model"": ""GRU4Rec"", ""num_layers"": 1, ""train_batch_size"": 2048, ""train_neg_sample_args"": null}",2026-05-23T13:38:46,,,,,256.0,0.001,0.2,1.0,CE,
GRU4Rec,yoochoose_recbole_sample,cuda,10,2048,2048,13.7,0.35,0.0,,,0.0431,0.0696,0.0289,0.0374,0.0243,0.0277,"yoochoose_recbole_sample::GRU4Rec::{""dropout_prob"": 0.2, ""epochs"": 10, ""eval_batch_size"": 2048, ""hidden_size"": 256, ""learning_rate"": 0.0005, ""loss_type"": ""CE"", ""model"": ""GRU4Rec"", ""num_layers"": 1, ""train_batch_size"": 2048, ""train_neg_sample_args"": null}",success,,19.91,"{""dropout_prob"": 0.2, ""epochs"": 10, ""eval_batch_size"": 2048, ""hidden_size"": 256, ""learning_rate"": 0.0005, ""loss_type"": ""CE"", ""model"": ""GRU4Rec"", ""num_layers"": 1, ""train_batch_size"": 2048, ""train_neg_sample_args"": null}",2026-05-23T13:39:06,,,,,256.0,0.0005,0.2,1.0,CE,
VS-KNN,globo_recbole_sample,cuda,1,2048,1024,61.5,129.74,0.0,100.0,100.0,0.1861,0.3406,0.0866,0.1366,0.0546,0.0752,"globo_recbole_sample::VS-KNN::{""vsknn_k"": 100, ""vsknn_sample_size"": 100}",success,,198.75,"{""vsknn_k"": 100, ""vsknn_sample_size"": 100}",2026-05-23T13:42:25,,,,,,,,,,
VSTAN,globo_recbole_sample,cuda,1,2048,1024,65.51,138.19,0.0,,,0.1836,0.3425,0.0837,0.1351,0.0517,0.0729,"globo_recbole_sample::VSTAN::{""vstan_idf_weighting"": true, ""vstan_k"": 100, ""vstan_position_decay"": 0.1, ""vstan_sample_size"": 100}",success,,211.04,"{""vstan_idf_weighting"": true, ""vstan_k"": 100, ""vstan_position_decay"": 0.1, ""vstan_sample_size"": 100}",2026-05-23T13:45:56,100.0,100.0,0.1,True,,,,,,
GRU4Rec,globo_recbole_sample,cuda,10,2048,2048,10.0,0.33,0.0,,,0.2042,0.3127,0.13,0.1649,0.1058,0.1201,"globo_recbole_sample::GRU4Rec::{""dropout_prob"": 0.2, ""epochs"": 10, ""eval_batch_size"": 2048, ""hidden_size"": 128, ""learning_rate"": 0.001, ""loss_type"": ""CE"", ""model"": ""GRU4Rec"", ""num_layers"": 1, ""train_batch_size"": 2048, ""train_neg_sample_args"": null}",success,,16.01,"{""dropout_prob"": 0.2, ""epochs"": 10, ""eval_batch_size"": 2048, ""hidden_size"": 128, ""learning_rate"": 0.001, ""loss_type"": ""CE"", ""model"": ""GRU4Rec"", ""num_layers"": 1, ""train_batch_size"": 2048, ""train_neg_sample_args"": null}",2026-05-23T13:46:12,,,,,128.0,0.001,0.2,1.0,CE,
GRU4Rec,globo_recbole_sample,cuda,10,2048,2048,9.99,0.32,0.0,,,0.0338,0.065,0.0224,0.0324,0.0187,0.0227,"globo_recbole_sample::GRU4Rec::{""dropout_prob"": 0.2, ""epochs"": 10, ""eval_batch_size"": 2048, ""hidden_size"": 128, ""learning_rate"": 0.0005, ""loss_type"": ""CE"", ""model"": ""GRU4Rec"", ""num_layers"": 1, ""train_batch_size"": 2048, ""train_neg_sample_args"": null}",success,,16.05,"{""dropout_prob"": 0.2, ""epochs"": 10, ""eval_batch_size"": 2048, ""hidden_size"": 128, ""learning_rate"": 0.0005, ""loss_type"": ""CE"", ""model"": ""GRU4Rec"", ""num_layers"": 1, ""train_batch_size"": 2048, ""train_neg_sample_args"": null}",2026-05-23T13:46:28,,,,,128.0,0.0005,0.2,1.0,CE,
GRU4Rec,globo_recbole_sample,cuda,10,2048,2048,11.61,0.33,0.0,,,0.2101,0.3231,0.1339,0.1703,0.109,0.1239,"globo_recbole_sample::GRU4Rec::{""dropout_prob"": 0.2, ""epochs"": 10, ""eval_batch_size"": 2048, ""hidden_size"": 256, ""learning_rate"": 0.001, ""loss_type"": ""CE"", ""model"": ""GRU4Rec"", ""num_layers"": 1, ""train_batch_size"": 2048, ""train_neg_sample_args"": null}",success,,17.71,"{""dropout_prob"": 0.2, ""epochs"": 10, ""eval_batch_size"": 2048, ""hidden_size"": 256, ""learning_rate"": 0.001, ""loss_type"": ""CE"", ""model"": ""GRU4Rec"", ""num_layers"": 1, ""train_batch_size"": 2048, ""train_neg_sample_args"": null}",2026-05-23T13:46:45,,,,,256.0,0.001,0.2,1.0,CE,
GRU4Rec,globo_recbole_sample,cuda,10,2048,2048,11.05,0.25,0.0,,,0.0351,0.0639,0.0228,0.0319,0.0188,0.0224,"globo_recbole_sample::GRU4Rec::{""dropout_prob"": 0.2, ""epochs"": 10, ""eval_batch_size"": 2048, ""hidden_size"": 256, ""learning_rate"": 0.0005, ""loss_type"": ""CE"", ""model"": ""GRU4Rec"", ""num_layers"": 1, ""train_batch_size"": 2048, ""train_neg_sample_args"": null}",success,,17.28,"{""dropout_prob"": 0.2, ""epochs"": 10, ""eval_batch_size"": 2048, ""hidden_size"": 256, ""learning_rate"": 0.0005, ""loss_type"": ""CE"", ""model"": ""GRU4Rec"", ""num_layers"": 1, ""train_batch_size"": 2048, ""train_neg_sample_args"": null}",2026-05-23T13:47:03,,,,,256.0,0.0005,0.2,1.0,CE,
VS-KNN,adressa_recbole_sample,cuda,1,2048,1024,262.15,363.46,0.0,100.0,100.0,0.1945,0.3187,0.1232,0.1629,0.0999,0.116,"adressa_recbole_sample::VS-KNN::{""vsknn_k"": 100, ""vsknn_sample_size"": 100}",success,,633.24,"{""vsknn_k"": 100, ""vsknn_sample_size"": 100}",2026-05-23T13:57:36,,,,,,,,,,
VSTAN,adressa_recbole_sample,cuda,1,2048,1024,269.95,377.4,0.0,,,0.227,0.3696,0.1442,0.19,0.1173,0.136,"adressa_recbole_sample::VSTAN::{""vstan_idf_weighting"": true, ""vstan_k"": 100, ""vstan_position_decay"": 0.1, ""vstan_sample_size"": 100}",success,,654.55,"{""vstan_idf_weighting"": true, ""vstan_k"": 100, ""vstan_position_decay"": 0.1, ""vstan_sample_size"": 100}",2026-05-23T14:08:31,100.0,100.0,0.1,True,,,,,,
GRU4Rec,adressa_recbole_sample,cuda,10,2048,2048,10.0,0.23,0.0,,,0.3086,0.474,0.2009,0.2541,0.1655,0.1873,"adressa_recbole_sample::GRU4Rec::{""dropout_prob"": 0.2, ""epochs"": 10, ""eval_batch_size"": 2048, ""hidden_size"": 128, ""learning_rate"": 0.001, ""loss_type"": ""CE"", ""model"": ""GRU4Rec"", ""num_layers"": 1, ""train_batch_size"": 2048, ""train_neg_sample_args"": null}",success,,15.73,"{""dropout_prob"": 0.2, ""epochs"": 10, ""eval_batch_size"": 2048, ""hidden_size"": 128, ""learning_rate"": 0.001, ""loss_type"": ""CE"", ""model"": ""GRU4Rec"", ""num_layers"": 1, ""train_batch_size"": 2048, ""train_neg_sample_args"": null}",2026-05-23T14:08:46,,,,,128.0,0.001,0.2,1.0,CE,
GRU4Rec,adressa_recbole_sample,cuda,10,2048,2048,10.15,0.3,0.0,,,0.2762,0.452,0.1731,0.2295,0.1393,0.1623,"adressa_recbole_sample::GRU4Rec::{""dropout_prob"": 0.2, ""epochs"": 10, ""eval_batch_size"": 2048, ""hidden_size"": 128, ""learning_rate"": 0.0005, ""loss_type"": ""CE"", ""model"": ""GRU4Rec"", ""num_layers"": 1, ""train_batch_size"": 2048, ""train_neg_sample_args"": null}",success,,16.29,"{""dropout_prob"": 0.2, ""epochs"": 10, ""eval_batch_size"": 2048, ""hidden_size"": 128, ""learning_rate"": 0.0005, ""loss_type"": ""CE"", ""model"": ""GRU4Rec"", ""num_layers"": 1, ""train_batch_size"": 2048, ""train_neg_sample_args"": null}",2026-05-23T14:09:03,,,,,128.0,0.0005,0.2,1.0,CE,
GRU4Rec,adressa_recbole_sample,cuda,10,2048,2048,11.74,0.21,0.0,,,0.3101,0.4746,0.2012,0.254,0.1655,0.1871,"adressa_recbole_sample::GRU4Rec::{""dropout_prob"": 0.2, ""epochs"": 10, ""eval_batch_size"": 2048, ""hidden_size"": 256, ""learning_rate"": 0.001, ""loss_type"": ""CE"", ""model"": ""GRU4Rec"", ""num_layers"": 1, ""train_batch_size"": 2048, ""train_neg_sample_args"": null}",success,,17.84,"{""dropout_prob"": 0.2, ""epochs"": 10, ""eval_batch_size"": 2048, ""hidden_size"": 256, ""learning_rate"": 0.001, ""loss_type"": ""CE"", ""model"": ""GRU4Rec"", ""num_layers"": 1, ""train_batch_size"": 2048, ""train_neg_sample_args"": null}",2026-05-23T14:09:20,,,,,256.0,0.001,0.2,1.0,CE,
GRU4Rec,adressa_recbole_sample,cuda,10,2048,2048,11.44,0.29,0.0,,,0.2832,0.4524,0.1793,0.2336,0.1453,0.1675,"adressa_recbole_sample::GRU4Rec::{""dropout_prob"": 0.2, ""epochs"": 10, ""eval_batch_size"": 2048, ""hidden_size"": 256, ""learning_rate"": 0.0005, ""loss_type"": ""CE"", ""model"": ""GRU4Rec"", ""num_layers"": 1, ""train_batch_size"": 2048, ""train_neg_sample_args"": null}",success,,17.57,"{""dropout_prob"": 0.2, ""epochs"": 10, ""eval_batch_size"": 2048, ""hidden_size"": 256, ""learning_rate"": 0.0005, ""loss_type"": ""CE"", ""model"": ""GRU4Rec"", ""num_layers"": 1, ""train_batch_size"": 2048, ""train_neg_sample_args"": null}",2026-05-23T14:09:38,,,,,256.0,0.0005,0.2,1.0,CE,
VS-KNN,yoochoose_recbole_sample,cuda,1,2048,1024,96.74,147.36,0.0,100.0,250.0,0.3987,0.4952,0.2865,0.3179,0.2493,0.2624,"yoochoose_recbole_sample::VS-KNN::{""vsknn_k"": 100, ""vsknn_sample_size"": 250}",success,,252.3,"{""vsknn_k"": 100, ""vsknn_sample_size"": 250}",2026-05-27T14:32:54,,,,,,,,,,
VS-KNN,yoochoose_recbole_sample,cuda,1,2048,1024,109.47,153.01,0.0,100.0,500.0,0.3981,0.4947,0.2864,0.3177,0.2494,0.2624,"yoochoose_recbole_sample::VS-KNN::{""vsknn_k"": 100, ""vsknn_sample_size"": 500}",success,,270.81,"{""vsknn_k"": 100, ""vsknn_sample_size"": 500}",2026-05-27T14:37:25,,,,,,,,,,
VS-KNN,yoochoose_recbole_sample,cuda,1,2048,1024,163.94,250.4,0.0,200.0,100.0,0.3863,0.4795,0.2797,0.31,0.2445,0.257,"yoochoose_recbole_sample::VS-KNN::{""vsknn_k"": 200, ""vsknn_sample_size"": 100}",success,,422.32,"{""vsknn_k"": 200, ""vsknn_sample_size"": 100}",2026-05-27T14:44:27,,,,,,,,,,
VS-KNN,yoochoose_recbole_sample,cuda,1,2048,1024,228.58,346.34,0.0,200.0,250.0,0.3926,0.49,0.283,0.3147,0.2468,0.2599,"yoochoose_recbole_sample::VS-KNN::{""vsknn_k"": 200, ""vsknn_sample_size"": 250}",success,,582.68,"{""vsknn_k"": 200, ""vsknn_sample_size"": 250}",2026-05-27T14:54:10,,,,,,,,,,
VS-KNN,yoochoose_recbole_sample,cuda,1,2048,1024,179.41,271.47,0.0,200.0,500.0,0.3987,0.4987,0.2862,0.3187,0.249,0.2625,"yoochoose_recbole_sample::VS-KNN::{""vsknn_k"": 200, ""vsknn_sample_size"": 500}",success,,458.5,"{""vsknn_k"": 200, ""vsknn_sample_size"": 500}",2026-05-27T15:01:49,,,,,,,,,,
VS-KNN,yoochoose_recbole_sample,cuda,1,2048,1024,164.05,249.41,0.0,500.0,100.0,0.3863,0.4795,0.2797,0.31,0.2445,0.257,"yoochoose_recbole_sample::VS-KNN::{""vsknn_k"": 500, ""vsknn_sample_size"": 100}",success,,421.02,"{""vsknn_k"": 500, ""vsknn_sample_size"": 100}",2026-05-27T15:08:50,,,,,,,,,,
VS-KNN,yoochoose_recbole_sample,cuda,1,2048,1024,353.82,537.93,0.0,500.0,250.0,0.3912,0.4881,0.2822,0.3137,0.2461,0.2592,"yoochoose_recbole_sample::VS-KNN::{""vsknn_k"": 500, ""vsknn_sample_size"": 250}",success,,899.35,"{""vsknn_k"": 500, ""vsknn_sample_size"": 250}",2026-05-27T15:23:49,,,,,,,,,,
VS-KNN,yoochoose_recbole_sample,cuda,1,2048,1024,616.91,932.83,0.0,500.0,500.0,0.3928,0.4905,0.283,0.3147,0.2467,0.2598,"yoochoose_recbole_sample::VS-KNN::{""vsknn_k"": 500, ""vsknn_sample_size"": 500}",success,,1557.31,"{""vsknn_k"": 500, ""vsknn_sample_size"": 500}",2026-05-27T15:49:46,,,,,,,,,,
VSTAN,yoochoose_recbole_sample,cuda,1,2048,1024,173.85,265.18,0.0,,,0.3997,0.495,0.2888,0.3198,0.2521,0.265,"yoochoose_recbole_sample::VSTAN::{""vstan_idf_weighting"": true, ""vstan_k"": 100, ""vstan_position_decay"": 0.05, ""vstan_sample_size"": 100}",success,,446.95,"{""vstan_idf_weighting"": true, ""vstan_k"": 100, ""vstan_position_decay"": 0.05, ""vstan_sample_size"": 100}",2026-05-27T15:57:13,100.0,100.0,0.05,True,,,,,,
VSTAN,yoochoose_recbole_sample,cuda,1,2048,1024,172.15,262.2,0.0,,,0.3936,0.4882,0.2849,0.3157,0.249,0.2618,"yoochoose_recbole_sample::VSTAN::{""vstan_idf_weighting"": false, ""vstan_k"": 100, ""vstan_position_decay"": 0.05, ""vstan_sample_size"": 100}",success,,442.13,"{""vstan_idf_weighting"": false, ""vstan_k"": 100, ""vstan_position_decay"": 0.05, ""vstan_sample_size"": 100}",2026-05-27T16:04:35,100.0,100.0,0.05,False,,,,,,
VSTAN,yoochoose_recbole_sample,cuda,1,2048,1024,171.96,262.36,0.0,,,0.3993,0.4952,0.2885,0.3198,0.2519,0.2649,"yoochoose_recbole_sample::VSTAN::{""vstan_idf_weighting"": false, ""vstan_k"": 100, ""vstan_position_decay"": 0.1, ""vstan_sample_size"": 100}",success,,442.33,"{""vstan_idf_weighting"": false, ""vstan_k"": 100, ""vstan_position_decay"": 0.1, ""vstan_sample_size"": 100}",2026-05-27T16:11:58,100.0,100.0,0.1,False,,,,,,
VSTAN,yoochoose_recbole_sample,cuda,1,2048,1024,173.89,265.55,0.0,,,0.4139,0.5094,0.298,0.3291,0.2596,0.2725,"yoochoose_recbole_sample::VSTAN::{""vstan_idf_weighting"": true, ""vstan_k"": 100, ""vstan_position_decay"": 0.2, ""vstan_sample_size"": 100}",success,,447.19,"{""vstan_idf_weighting"": true, ""vstan_k"": 100, ""vstan_position_decay"": 0.2, ""vstan_sample_size"": 100}",2026-05-27T16:19:25,100.0,100.0,0.2,True,,,,,,
VSTAN,yoochoose_recbole_sample,cuda,1,2048,1024,172.27,262.92,0.0,,,0.4078,0.5037,0.2943,0.3255,0.2567,0.2697,"yoochoose_recbole_sample::VSTAN::{""vstan_idf_weighting"": false, ""vstan_k"": 100, ""vstan_position_decay"": 0.2, ""vstan_sample_size"": 100}",success,,443.09,"{""vstan_idf_weighting"": false, ""vstan_k"": 100, ""vstan_position_decay"": 0.2, ""vstan_sample_size"": 100}",2026-05-27T16:26:48,100.0,100.0,0.2,False,,,,,,
VSTAN,yoochoose_recbole_sample,cuda,1,2048,1024,114.46,170.72,0.0,,,0.4058,0.5044,0.2909,0.323,0.2529,0.2663,"yoochoose_recbole_sample::VSTAN::{""vstan_idf_weighting"": true, ""vstan_k"": 100, ""vstan_position_decay"": 0.05, ""vstan_sample_size"": 250}",success,,292.74,"{""vstan_idf_weighting"": true, ""vstan_k"": 100, ""vstan_position_decay"": 0.05, ""vstan_sample_size"": 250}",2026-05-27T16:31:41,100.0,250.0,0.05,True,,,,,,
VSTAN,yoochoose_recbole_sample,cuda,1,2048,1024,111.16,166.75,0.0,,,0.3994,0.4985,0.2875,0.3197,0.2504,0.2638,"yoochoose_recbole_sample::VSTAN::{""vstan_idf_weighting"": false, ""vstan_k"": 100, ""vstan_position_decay"": 0.05, ""vstan_sample_size"": 250}",success,,285.74,"{""vstan_idf_weighting"": false, ""vstan_k"": 100, ""vstan_position_decay"": 0.05, ""vstan_sample_size"": 250}",2026-05-27T16:36:26,100.0,250.0,0.05,False,,,,,,
VSTAN,yoochoose_recbole_sample,cuda,1,2048,1024,115.82,172.86,0.0,,,0.4133,0.5136,0.2953,0.3279,0.2562,0.2698,"yoochoose_recbole_sample::VSTAN::{""vstan_idf_weighting"": true, ""vstan_k"": 100, ""vstan_position_decay"": 0.1, ""vstan_sample_size"": 250}",success,,296.48,"{""vstan_idf_weighting"": true, ""vstan_k"": 100, ""vstan_position_decay"": 0.1, ""vstan_sample_size"": 250}",2026-05-27T16:41:23,100.0,250.0,0.1,True,,,,,,
VSTAN,yoochoose_recbole_sample,cuda,1,2048,1024,112.69,168.03,0.0,,,0.4063,0.507,0.2916,0.3244,0.2537,0.2673,"yoochoose_recbole_sample::VSTAN::{""vstan_idf_weighting"": false, ""vstan_k"": 100, ""vstan_position_decay"": 0.1, ""vstan_sample_size"": 250}",success,,288.77,"{""vstan_idf_weighting"": false, ""vstan_k"": 100, ""vstan_position_decay"": 0.1, ""vstan_sample_size"": 250}",2026-05-27T16:46:12,100.0,250.0,0.1,False,,,,,,
VSTAN,yoochoose_recbole_sample,cuda,1,2048,1024,119.65,178.03,0.0,,,0.4247,0.5252,0.3024,0.3351,0.2619,0.2755,"yoochoose_recbole_sample::VSTAN::{""vstan_idf_weighting"": true, ""vstan_k"": 100, ""vstan_position_decay"": 0.2, ""vstan_sample_size"": 250}",success,,305.48,"{""vstan_idf_weighting"": true, ""vstan_k"": 100, ""vstan_position_decay"": 0.2, ""vstan_sample_size"": 250}",2026-05-27T16:51:17,100.0,250.0,0.2,True,,,,,,
VSTAN,yoochoose_recbole_sample,cuda,1,2048,1024,116.82,172.92,0.0,,,0.4172,0.5178,0.2983,0.3311,0.259,0.2726,"yoochoose_recbole_sample::VSTAN::{""vstan_idf_weighting"": false, ""vstan_k"": 100, ""vstan_position_decay"": 0.2, ""vstan_sample_size"": 250}",success,,297.47,"{""vstan_idf_weighting"": false, ""vstan_k"": 100, ""vstan_position_decay"": 0.2, ""vstan_sample_size"": 250}",2026-05-27T16:56:15,100.0,250.0,0.2,False,,,,,,
VSTAN,yoochoose_recbole_sample,cuda,1,2048,1024,118.1,175.91,0.0,,,0.4029,0.5024,0.2899,0.3222,0.2525,0.2659,"yoochoose_recbole_sample::VSTAN::{""vstan_idf_weighting"": true, ""vstan_k"": 100, ""vstan_position_decay"": 0.05, ""vstan_sample_size"": 500}",success,,301.84,"{""vstan_idf_weighting"": true, ""vstan_k"": 100, ""vstan_position_decay"": 0.05, ""vstan_sample_size"": 500}",2026-05-27T17:01:17,100.0,500.0,0.05,True,,,,,,
VSTAN,yoochoose_recbole_sample,cuda,1,2048,1024,114.81,170.46,0.0,,,0.4007,0.4996,0.2882,0.3203,0.251,0.2643,"yoochoose_recbole_sample::VSTAN::{""vstan_idf_weighting"": false, ""vstan_k"": 100, ""vstan_position_decay"": 0.05, ""vstan_sample_size"": 500}",success,,293.04,"{""vstan_idf_weighting"": false, ""vstan_k"": 100, ""vstan_position_decay"": 0.05, ""vstan_sample_size"": 500}",2026-05-27T17:06:10,100.0,500.0,0.05,False,,,,,,
VSTAN,yoochoose_recbole_sample,cuda,1,2048,1024,118.74,177.1,0.0,,,0.4128,0.5138,0.2952,0.3281,0.2563,0.27,"yoochoose_recbole_sample::VSTAN::{""vstan_idf_weighting"": true, ""vstan_k"": 100, ""vstan_position_decay"": 0.1, ""vstan_sample_size"": 500}",success,,303.69,"{""vstan_idf_weighting"": true, ""vstan_k"": 100, ""vstan_position_decay"": 0.1, ""vstan_sample_size"": 500}",2026-05-27T17:11:13,100.0,500.0,0.1,True,,,,,,
VSTAN,yoochoose_recbole_sample,cuda,1,2048,1024,114.85,171.21,0.0,,,0.4082,0.5093,0.2927,0.3255,0.2545,0.2681,"yoochoose_recbole_sample::VSTAN::{""vstan_idf_weighting"": false, ""vstan_k"": 100, ""vstan_position_decay"": 0.1, ""vstan_sample_size"": 500}",success,,293.97,"{""vstan_idf_weighting"": false, ""vstan_k"": 100, ""vstan_position_decay"": 0.1, ""vstan_sample_size"": 500}",2026-05-27T17:16:07,100.0,500.0,0.1,False,,,,,,
VSTAN,yoochoose_recbole_sample,cuda,1,2048,1024,120.77,179.36,0.0,,,0.427,0.5276,0.3035,0.3362,0.2626,0.2762,"yoochoose_recbole_sample::VSTAN::{""vstan_idf_weighting"": true, ""vstan_k"": 100, ""vstan_position_decay"": 0.2, ""vstan_sample_size"": 500}",success,,308.06,"{""vstan_idf_weighting"": true, ""vstan_k"": 100, ""vstan_position_decay"": 0.2, ""vstan_sample_size"": 500}",2026-05-27T17:21:15,100.0,500.0,0.2,True,,,,,,
VSTAN,yoochoose_recbole_sample,cuda,1,2048,1024,116.25,172.58,0.0,,,0.4204,0.521,0.3001,0.3329,0.2603,0.274,"yoochoose_recbole_sample::VSTAN::{""vstan_idf_weighting"": false, ""vstan_k"": 100, ""vstan_position_decay"": 0.2, ""vstan_sample_size"": 500}",success,,296.72,"{""vstan_idf_weighting"": false, ""vstan_k"": 100, ""vstan_position_decay"": 0.2, ""vstan_sample_size"": 500}",2026-05-27T17:26:12,100.0,500.0,0.2,False,,,,,,
VSTAN,yoochoose_recbole_sample,cuda,1,2048,1024,174.34,265.73,0.0,,,0.3997,0.495,0.2888,0.3198,0.2521,0.265,"yoochoose_recbole_sample::VSTAN::{""vstan_idf_weighting"": true, ""vstan_k"": 200, ""vstan_position_decay"": 0.05, ""vstan_sample_size"": 100}",success,,448.09,"{""vstan_idf_weighting"": true, ""vstan_k"": 200, ""vstan_position_decay"": 0.05, ""vstan_sample_size"": 100}",2026-05-27T17:33:40,200.0,100.0,0.05,True,,,,,,
VSTAN,yoochoose_recbole_sample,cuda,1,2048,1024,172.48,263.11,0.0,,,0.3936,0.4882,0.2849,0.3157,0.249,0.2618,"yoochoose_recbole_sample::VSTAN::{""vstan_idf_weighting"": false, ""vstan_k"": 200, ""vstan_position_decay"": 0.05, ""vstan_sample_size"": 100}",success,,443.3,"{""vstan_idf_weighting"": false, ""vstan_k"": 200, ""vstan_position_decay"": 0.05, ""vstan_sample_size"": 100}",2026-05-27T17:41:03,200.0,100.0,0.05,False,,,,,,
VSTAN,yoochoose_recbole_sample,cuda,1,2048,1024,174.5,266.02,0.0,,,0.4059,0.5019,0.2926,0.3239,0.2551,0.2681,"yoochoose_recbole_sample::VSTAN::{""vstan_idf_weighting"": true, ""vstan_k"": 200, ""vstan_position_decay"": 0.1, ""vstan_sample_size"": 100}",success,,448.27,"{""vstan_idf_weighting"": true, ""vstan_k"": 200, ""vstan_position_decay"": 0.1, ""vstan_sample_size"": 100}",2026-05-27T17:48:32,200.0,100.0,0.1,True,,,,,,
VSTAN,yoochoose_recbole_sample,cuda,1,2048,1024,172.85,262.63,0.0,,,0.3993,0.4952,0.2885,0.3198,0.2519,0.2649,"yoochoose_recbole_sample::VSTAN::{""vstan_idf_weighting"": false, ""vstan_k"": 200, ""vstan_position_decay"": 0.1, ""vstan_sample_size"": 100}",success,,443.22,"{""vstan_idf_weighting"": false, ""vstan_k"": 200, ""vstan_position_decay"": 0.1, ""vstan_sample_size"": 100}",2026-05-27T17:55:55,200.0,100.0,0.1,False,,,,,,
VSTAN,yoochoose_recbole_sample,cuda,1,2048,1024,174.45,266.31,0.0,,,0.4139,0.5094,0.298,0.3291,0.2596,0.2725,"yoochoose_recbole_sample::VSTAN::{""vstan_idf_weighting"": true, ""vstan_k"": 200, ""vstan_position_decay"": 0.2, ""vstan_sample_size"": 100}",success,,448.32,"{""vstan_idf_weighting"": true, ""vstan_k"": 200, ""vstan_position_decay"": 0.2, ""vstan_sample_size"": 100}",2026-05-27T18:03:23,200.0,100.0,0.2,True,,,,,,
VSTAN,yoochoose_recbole_sample,cuda,1,2048,1024,172.94,263.02,0.0,,,0.4078,0.5037,0.2943,0.3255,0.2567,0.2697,"yoochoose_recbole_sample::VSTAN::{""vstan_idf_weighting"": false, ""vstan_k"": 200, ""vstan_position_decay"": 0.2, ""vstan_sample_size"": 100}",success,,443.5,"{""vstan_idf_weighting"": false, ""vstan_k"": 200, ""vstan_position_decay"": 0.2, ""vstan_sample_size"": 100}",2026-05-27T18:10:47,200.0,100.0,0.2,False,,,,,,
VSTAN,yoochoose_recbole_sample,cuda,1,2048,1024,251.53,381.08,0.0,,,0.4055,0.506,0.2918,0.3244,0.2541,0.2677,"yoochoose_recbole_sample::VSTAN::{""vstan_idf_weighting"": true, ""vstan_k"": 200, ""vstan_position_decay"": 0.05, ""vstan_sample_size"": 250}",success,,640.43,"{""vstan_idf_weighting"": true, ""vstan_k"": 200, ""vstan_position_decay"": 0.05, ""vstan_sample_size"": 250}",2026-05-27T18:21:27,200.0,250.0,0.05,True,,,,,,
VSTAN,yoochoose_recbole_sample,cuda,1,2048,1024,248.12,375.39,0.0,,,0.3986,0.4987,0.2874,0.32,0.2507,0.2641,"yoochoose_recbole_sample::VSTAN::{""vstan_idf_weighting"": false, ""vstan_k"": 200, ""vstan_position_decay"": 0.05, ""vstan_sample_size"": 250}",success,,631.41,"{""vstan_idf_weighting"": false, ""vstan_k"": 200, ""vstan_position_decay"": 0.05, ""vstan_sample_size"": 250}",2026-05-27T18:31:59,200.0,250.0,0.05,False,,,,,,
VSTAN,yoochoose_recbole_sample,cuda,1,2048,1024,254.54,383.83,0.0,,,0.4124,0.5146,0.2957,0.3289,0.257,0.2708,"yoochoose_recbole_sample::VSTAN::{""vstan_idf_weighting"": true, ""vstan_k"": 200, ""vstan_position_decay"": 0.1, ""vstan_sample_size"": 250}",success,,646.11,"{""vstan_idf_weighting"": true, ""vstan_k"": 200, ""vstan_position_decay"": 0.1, ""vstan_sample_size"": 250}",2026-05-27T18:42:45,200.0,250.0,0.1,True,,,,,,
VSTAN,yoochoose_recbole_sample,cuda,1,2048,1024,250.66,372.47,0.0,,,0.4052,0.5062,0.2916,0.3244,0.254,0.2676,"yoochoose_recbole_sample::VSTAN::{""vstan_idf_weighting"": false, ""vstan_k"": 200, ""vstan_position_decay"": 0.1, ""vstan_sample_size"": 250}",success,,630.95,"{""vstan_idf_weighting"": false, ""vstan_k"": 200, ""vstan_position_decay"": 0.1, ""vstan_sample_size"": 250}",2026-05-27T18:53:16,200.0,250.0,0.1,False,,,,,,
VSTAN,yoochoose_recbole_sample,cuda,1,2048,1024,253.7,382.91,0.0,,,0.4218,0.5247,0.3015,0.3349,0.2616,0.2756,"yoochoose_recbole_sample::VSTAN::{""vstan_idf_weighting"": true, ""vstan_k"": 200, ""vstan_position_decay"": 0.2, ""vstan_sample_size"": 250}",success,,644.01,"{""vstan_idf_weighting"": true, ""vstan_k"": 200, ""vstan_position_decay"": 0.2, ""vstan_sample_size"": 250}",2026-05-27T19:04:00,200.0,250.0,0.2,True,,,,,,
VSTAN,yoochoose_recbole_sample,cuda,1,2048,1024,250.32,378.0,0.0,,,0.4148,0.5164,0.2976,0.3306,0.2587,0.2725,"yoochoose_recbole_sample::VSTAN::{""vstan_idf_weighting"": false, ""vstan_k"": 200, ""vstan_position_decay"": 0.2, ""vstan_sample_size"": 250}",success,,635.72,"{""vstan_idf_weighting"": false, ""vstan_k"": 200, ""vstan_position_decay"": 0.2, ""vstan_sample_size"": 250}",2026-05-27T19:14:35,200.0,250.0,0.2,False,,,,,,
VSTAN,yoochoose_recbole_sample,cuda,1,2048,1024,203.56,306.13,0.0,,,0.4074,0.5102,0.2921,0.3255,0.254,0.2678,"yoochoose_recbole_sample::VSTAN::{""vstan_idf_weighting"": true, ""vstan_k"": 200, ""vstan_position_decay"": 0.05, ""vstan_sample_size"": 500}",success,,517.08,"{""vstan_idf_weighting"": true, ""vstan_k"": 200, ""vstan_position_decay"": 0.05, ""vstan_sample_size"": 500}",2026-05-27T19:23:13,200.0,500.0,0.05,True,,,,,,
VSTAN,yoochoose_recbole_sample,cuda,1,2048,1024,198.57,298.83,0.0,,,0.4015,0.5031,0.2885,0.3214,0.2511,0.2647,"yoochoose_recbole_sample::VSTAN::{""vstan_idf_weighting"": false, ""vstan_k"": 200, ""vstan_position_decay"": 0.05, ""vstan_sample_size"": 500}",success,,504.91,"{""vstan_idf_weighting"": false, ""vstan_k"": 200, ""vstan_position_decay"": 0.05, ""vstan_sample_size"": 500}",2026-05-27T19:31:37,200.0,500.0,0.05,False,,,,,,
VSTAN,yoochoose_recbole_sample,cuda,1,2048,1024,207.06,309.62,0.0,,,0.4157,0.5204,0.2968,0.3309,0.2575,0.2716,"yoochoose_recbole_sample::VSTAN::{""vstan_idf_weighting"": true, ""vstan_k"": 200, ""vstan_position_decay"": 0.1, ""vstan_sample_size"": 500}",success,,523.87,"{""vstan_idf_weighting"": true, ""vstan_k"": 200, ""vstan_position_decay"": 0.1, ""vstan_sample_size"": 500}",2026-05-27T19:40:21,200.0,500.0,0.1,True,,,,,,
VSTAN,yoochoose_recbole_sample,cuda,1,2048,1024,200.82,301.21,0.0,,,0.4083,0.5122,0.2928,0.3265,0.2546,0.2686,"yoochoose_recbole_sample::VSTAN::{""vstan_idf_weighting"": false, ""vstan_k"": 200, ""vstan_position_decay"": 0.1, ""vstan_sample_size"": 500}",success,,509.48,"{""vstan_idf_weighting"": false, ""vstan_k"": 200, ""vstan_position_decay"": 0.1, ""vstan_sample_size"": 500}",2026-05-27T19:48:51,200.0,500.0,0.1,False,,,,,,
VSTAN,yoochoose_recbole_sample,cuda,1,2048,1024,213.93,319.72,0.0,,,0.4277,0.5334,0.304,0.3384,0.263,0.2773,"yoochoose_recbole_sample::VSTAN::{""vstan_idf_weighting"": true, ""vstan_k"": 200, ""vstan_position_decay"": 0.2, ""vstan_sample_size"": 500}",success,,541.25,"{""vstan_idf_weighting"": true, ""vstan_k"": 200, ""vstan_position_decay"": 0.2, ""vstan_sample_size"": 500}",2026-05-27T19:57:52,200.0,500.0,0.2,True,,,,,,
VSTAN,yoochoose_recbole_sample,cuda,1,2048,1024,208.3,310.77,0.0,,,0.4197,0.5251,0.2997,0.334,0.26,0.2743,"yoochoose_recbole_sample::VSTAN::{""vstan_idf_weighting"": false, ""vstan_k"": 200, ""vstan_position_decay"": 0.2, ""vstan_sample_size"": 500}",success,,526.53,"{""vstan_idf_weighting"": false, ""vstan_k"": 200, ""vstan_position_decay"": 0.2, ""vstan_sample_size"": 500}",2026-05-27T20:06:39,200.0,500.0,0.2,False,,,,,,
VSTAN,yoochoose_recbole_sample,cuda,1,2048,1024,170.23,259.1,0.0,,,0.3997,0.495,0.2888,0.3198,0.2521,0.265,"yoochoose_recbole_sample::VSTAN::{""vstan_idf_weighting"": true, ""vstan_k"": 500, ""vstan_position_decay"": 0.05, ""vstan_sample_size"": 100}",success,,436.7,"{""vstan_idf_weighting"": true, ""vstan_k"": 500, ""vstan_position_decay"": 0.05, ""vstan_sample_size"": 100}",2026-05-27T20:13:55,500.0,100.0,0.05,True,,,,,,
VSTAN,yoochoose_recbole_sample,cuda,1,2048,1024,168.06,259.68,0.0,,,0.3936,0.4882,0.2849,0.3157,0.249,0.2618,"yoochoose_recbole_sample::VSTAN::{""vstan_idf_weighting"": false, ""vstan_k"": 500, ""vstan_position_decay"": 0.05, ""vstan_sample_size"": 100}",success,,434.99,"{""vstan_idf_weighting"": false, ""vstan_k"": 500, ""vstan_position_decay"": 0.05, ""vstan_sample_size"": 100}",2026-05-27T20:21:10,500.0,100.0,0.05,False,,,,,,
VSTAN,yoochoose_recbole_sample,cuda,1,2048,1024,171.34,258.89,0.0,,,0.4059,0.5019,0.2926,0.3239,0.2551,0.2681,"yoochoose_recbole_sample::VSTAN::{""vstan_idf_weighting"": true, ""vstan_k"": 500, ""vstan_position_decay"": 0.1, ""vstan_sample_size"": 100}",success,,437.45,"{""vstan_idf_weighting"": true, ""vstan_k"": 500, ""vstan_position_decay"": 0.1, ""vstan_sample_size"": 100}",2026-05-27T20:28:28,500.0,100.0,0.1,True,,,,,,
VSTAN,yoochoose_recbole_sample,cuda,1,2048,1024,167.94,255.8,0.0,,,0.3993,0.4952,0.2885,0.3198,0.2519,0.2649,"yoochoose_recbole_sample::VSTAN::{""vstan_idf_weighting"": false, ""vstan_k"": 500, ""vstan_position_decay"": 0.1, ""vstan_sample_size"": 100}",success,,431.24,"{""vstan_idf_weighting"": false, ""vstan_k"": 500, ""vstan_position_decay"": 0.1, ""vstan_sample_size"": 100}",2026-05-27T20:35:39,500.0,100.0,0.1,False,,,,,,
VSTAN,yoochoose_recbole_sample,cuda,1,2048,1024,170.03,259.43,0.0,,,0.4139,0.5094,0.298,0.3291,0.2596,0.2725,"yoochoose_recbole_sample::VSTAN::{""vstan_idf_weighting"": true, ""vstan_k"": 500, ""vstan_position_decay"": 0.2, ""vstan_sample_size"": 100}",success,,436.84,"{""vstan_idf_weighting"": true, ""vstan_k"": 500, ""vstan_position_decay"": 0.2, ""vstan_sample_size"": 100}",2026-05-27T20:42:56,500.0,100.0,0.2,True,,,,,,
VSTAN,yoochoose_recbole_sample,cuda,1,2048,1024,168.06,259.8,0.0,,,0.4078,0.5037,0.2943,0.3255,0.2567,0.2697,"yoochoose_recbole_sample::VSTAN::{""vstan_idf_weighting"": false, ""vstan_k"": 500, ""vstan_position_decay"": 0.2, ""vstan_sample_size"": 100}",success,,435.09,"{""vstan_idf_weighting"": false, ""vstan_k"": 500, ""vstan_position_decay"": 0.2, ""vstan_sample_size"": 100}",2026-05-27T20:50:11,500.0,100.0,0.2,False,,,,,,
VSTAN,yoochoose_recbole_sample,cuda,1,2048,1024,371.27,569.86,0.0,,,0.4056,0.5049,0.292,0.3243,0.2544,0.2678,"yoochoose_recbole_sample::VSTAN::{""vstan_idf_weighting"": true, ""vstan_k"": 500, ""vstan_position_decay"": 0.05, ""vstan_sample_size"": 250}",success,,948.61,"{""vstan_idf_weighting"": true, ""vstan_k"": 500, ""vstan_position_decay"": 0.05, ""vstan_sample_size"": 250}",2026-05-27T21:06:00,500.0,250.0,0.05,True,,,,,,
VSTAN,yoochoose_recbole_sample,cuda,1,2048,1024,367.3,558.4,0.0,,,0.3989,0.4974,0.2876,0.3195,0.2507,0.264,"yoochoose_recbole_sample::VSTAN::{""vstan_idf_weighting"": false, ""vstan_k"": 500, ""vstan_position_decay"": 0.05, ""vstan_sample_size"": 250}",success,,933.12,"{""vstan_idf_weighting"": false, ""vstan_k"": 500, ""vstan_position_decay"": 0.05, ""vstan_sample_size"": 250}",2026-05-27T21:21:33,500.0,250.0,0.05,False,,,,,,
VSTAN,yoochoose_recbole_sample,cuda,1,2048,1024,379.63,582.32,0.0,,,0.4119,0.5126,0.2956,0.3283,0.2571,0.2707,"yoochoose_recbole_sample::VSTAN::{""vstan_idf_weighting"": true, ""vstan_k"": 500, ""vstan_position_decay"": 0.1, ""vstan_sample_size"": 250}",success,,969.36,"{""vstan_idf_weighting"": true, ""vstan_k"": 500, ""vstan_position_decay"": 0.1, ""vstan_sample_size"": 250}",2026-05-27T21:37:42,500.0,250.0,0.1,True,,,,,,
VSTAN,yoochoose_recbole_sample,cuda,1,2048,1024,365.68,559.27,0.0,,,0.4052,0.5052,0.2917,0.3241,0.2541,0.2675,"yoochoose_recbole_sample::VSTAN::{""vstan_idf_weighting"": false, ""vstan_k"": 500, ""vstan_position_decay"": 0.1, ""vstan_sample_size"": 250}",success,,932.45,"{""vstan_idf_weighting"": false, ""vstan_k"": 500, ""vstan_position_decay"": 0.1, ""vstan_sample_size"": 250}",2026-05-27T21:53:15,500.0,250.0,0.1,False,,,,,,
VSTAN,yoochoose_recbole_sample,cuda,1,2048,1024,377.66,576.14,0.0,,,0.4213,0.5239,0.3015,0.3348,0.2618,0.2756,"yoochoose_recbole_sample::VSTAN::{""vstan_idf_weighting"": true, ""vstan_k"": 500, ""vstan_position_decay"": 0.2, ""vstan_sample_size"": 250}",success,,961.42,"{""vstan_idf_weighting"": true, ""vstan_k"": 500, ""vstan_position_decay"": 0.2, ""vstan_sample_size"": 250}",2026-05-27T22:09:16,500.0,250.0,0.2,True,,,,,,
VSTAN,yoochoose_recbole_sample,cuda,1,2048,1024,367.83,566.27,0.0,,,0.4146,0.5156,0.2976,0.3304,0.2589,0.2725,"yoochoose_recbole_sample::VSTAN::{""vstan_idf_weighting"": false, ""vstan_k"": 500, ""vstan_position_decay"": 0.2, ""vstan_sample_size"": 250}",success,,941.71,"{""vstan_idf_weighting"": false, ""vstan_k"": 500, ""vstan_position_decay"": 0.2, ""vstan_sample_size"": 250}",2026-05-27T22:24:58,500.0,250.0,0.2,False,,,,,,
VSTAN,yoochoose_recbole_sample,cuda,1,2048,1024,651.23,985.22,0.0,,,0.4072,0.5083,0.2928,0.3256,0.2549,0.2686,"yoochoose_recbole_sample::VSTAN::{""vstan_idf_weighting"": true, ""vstan_k"": 500, ""vstan_position_decay"": 0.05, ""vstan_sample_size"": 500}",success,,1643.89,"{""vstan_idf_weighting"": true, ""vstan_k"": 500, ""vstan_position_decay"": 0.05, ""vstan_sample_size"": 500}",2026-05-27T22:52:22,500.0,500.0,0.05,True,,,,,,
VSTAN,yoochoose_recbole_sample,cuda,1,2048,1024,644.44,973.69,0.0,,,0.4007,0.4997,0.2886,0.3207,0.2515,0.2649,"yoochoose_recbole_sample::VSTAN::{""vstan_idf_weighting"": false, ""vstan_k"": 500, ""vstan_position_decay"": 0.05, ""vstan_sample_size"": 500}",success,,1625.37,"{""vstan_idf_weighting"": false, ""vstan_k"": 500, ""vstan_position_decay"": 0.05, ""vstan_sample_size"": 500}",2026-05-27T23:19:27,500.0,500.0,0.05,False,,,,,,
VSTAN,yoochoose_recbole_sample,cuda,1,2048,1024,651.11,985.25,0.0,,,0.4136,0.5164,0.2967,0.33,0.2579,0.2718,"yoochoose_recbole_sample::VSTAN::{""vstan_idf_weighting"": true, ""vstan_k"": 500, ""vstan_position_decay"": 0.1, ""vstan_sample_size"": 500}",success,,1643.76,"{""vstan_idf_weighting"": true, ""vstan_k"": 500, ""vstan_position_decay"": 0.1, ""vstan_sample_size"": 500}",2026-05-27T23:46:51,500.0,500.0,0.1,True,,,,,,
VSTAN,yoochoose_recbole_sample,cuda,1,2048,1024,644.82,975.43,0.0,,,0.4071,0.5084,0.2927,0.3255,0.2548,0.2684,"yoochoose_recbole_sample::VSTAN::{""vstan_idf_weighting"": false, ""vstan_k"": 500, ""vstan_position_decay"": 0.1, ""vstan_sample_size"": 500}",success,,1627.95,"{""vstan_idf_weighting"": false, ""vstan_k"": 500, ""vstan_position_decay"": 0.1, ""vstan_sample_size"": 500}",2026-05-28T00:13:59,500.0,500.0,0.1,False,,,,,,
VSTAN,yoochoose_recbole_sample,cuda,1,2048,1024,652.31,985.92,0.0,,,0.4236,0.5276,0.3026,0.3364,0.2626,0.2766,"yoochoose_recbole_sample::VSTAN::{""vstan_idf_weighting"": true, ""vstan_k"": 500, ""vstan_position_decay"": 0.2, ""vstan_sample_size"": 500}",success,,1645.69,"{""vstan_idf_weighting"": true, ""vstan_k"": 500, ""vstan_position_decay"": 0.2, ""vstan_sample_size"": 500}",2026-05-28T00:41:24,500.0,500.0,0.2,True,,,,,,
VSTAN,yoochoose_recbole_sample,cuda,1,2048,1024,644.75,974.74,0.0,,,0.4166,0.5196,0.2985,0.3319,0.2594,0.2733,"yoochoose_recbole_sample::VSTAN::{""vstan_idf_weighting"": false, ""vstan_k"": 500, ""vstan_position_decay"": 0.2, ""vstan_sample_size"": 500}",success,,1626.95,"{""vstan_idf_weighting"": false, ""vstan_k"": 500, ""vstan_position_decay"": 0.2, ""vstan_sample_size"": 500}",2026-05-28T01:08:31,500.0,500.0,0.2,False,,,,,,
GRU4Rec,yoochoose_recbole_sample,cuda,10,2048,2048,12.04,0.26,0.0,,,0.1984,0.2831,0.1326,0.16,0.111,0.1223,"yoochoose_recbole_sample::GRU4Rec::{""dropout_prob"": 0.1, ""epochs"": 10, ""eval_batch_size"": 2048, ""hidden_size"": 100, ""learning_rate"": 0.001, ""loss_type"": ""CE"", ""model"": ""GRU4Rec"", ""num_layers"": 1, ""train_batch_size"": 2048, ""train_neg_sample_args"": null}",success,,17.76,"{""dropout_prob"": 0.1, ""epochs"": 10, ""eval_batch_size"": 2048, ""hidden_size"": 100, ""learning_rate"": 0.001, ""loss_type"": ""CE"", ""model"": ""GRU4Rec"", ""num_layers"": 1, ""train_batch_size"": 2048, ""train_neg_sample_args"": null}",2026-05-28T01:08:49,,,,,100.0,0.001,0.1,1.0,CE,
GRU4Rec,yoochoose_recbole_sample,cuda,20,2048,2048,23.47,0.26,0.0,,,0.3638,0.4649,0.2558,0.2886,0.2201,0.2338,"yoochoose_recbole_sample::GRU4Rec::{""dropout_prob"": 0.1, ""epochs"": 20, ""eval_batch_size"": 2048, ""hidden_size"": 100, ""learning_rate"": 0.001, ""loss_type"": ""CE"", ""model"": ""GRU4Rec"", ""num_layers"": 1, ""train_batch_size"": 2048, ""train_neg_sample_args"": null}",success,,29.19,"{""dropout_prob"": 0.1, ""epochs"": 20, ""eval_batch_size"": 2048, ""hidden_size"": 100, ""learning_rate"": 0.001, ""loss_type"": ""CE"", ""model"": ""GRU4Rec"", ""num_layers"": 1, ""train_batch_size"": 2048, ""train_neg_sample_args"": null}",2026-05-28T01:09:18,,,,,100.0,0.001,0.1,1.0,CE,
GRU4Rec,yoochoose_recbole_sample,cuda,10,2048,2048,11.94,0.26,0.0,,,0.1997,0.2837,0.1334,0.1605,0.1116,0.1228,"yoochoose_recbole_sample::GRU4Rec::{""dropout_prob"": 0.2, ""epochs"": 10, ""eval_batch_size"": 2048, ""hidden_size"": 100, ""learning_rate"": 0.001, ""loss_type"": ""CE"", ""model"": ""GRU4Rec"", ""num_layers"": 1, ""train_batch_size"": 2048, ""train_neg_sample_args"": null}",success,,17.83,"{""dropout_prob"": 0.2, ""epochs"": 10, ""eval_batch_size"": 2048, ""hidden_size"": 100, ""learning_rate"": 0.001, ""loss_type"": ""CE"", ""model"": ""GRU4Rec"", ""num_layers"": 1, ""train_batch_size"": 2048, ""train_neg_sample_args"": null}",2026-05-28T01:09:36,,,,,100.0,0.001,0.2,1.0,CE,
GRU4Rec,yoochoose_recbole_sample,cuda,20,2048,2048,23.53,0.26,0.0,,,0.3594,0.4623,0.2521,0.2855,0.2167,0.2306,"yoochoose_recbole_sample::GRU4Rec::{""dropout_prob"": 0.2, ""epochs"": 20, ""eval_batch_size"": 2048, ""hidden_size"": 100, ""learning_rate"": 0.001, ""loss_type"": ""CE"", ""model"": ""GRU4Rec"", ""num_layers"": 1, ""train_batch_size"": 2048, ""train_neg_sample_args"": null}",success,,29.48,"{""dropout_prob"": 0.2, ""epochs"": 20, ""eval_batch_size"": 2048, ""hidden_size"": 100, ""learning_rate"": 0.001, ""loss_type"": ""CE"", ""model"": ""GRU4Rec"", ""num_layers"": 1, ""train_batch_size"": 2048, ""train_neg_sample_args"": null}",2026-05-28T01:10:06,,,,,100.0,0.001,0.2,1.0,CE,
GRU4Rec,yoochoose_recbole_sample,cuda,10,2048,2048,11.81,0.26,0.0,,,0.0406,0.0696,0.0266,0.0358,0.022,0.0258,"yoochoose_recbole_sample::GRU4Rec::{""dropout_prob"": 0.1, ""epochs"": 10, ""eval_batch_size"": 2048, ""hidden_size"": 100, ""learning_rate"": 0.0005, ""loss_type"": ""CE"", ""model"": ""GRU4Rec"", ""num_layers"": 1, ""train_batch_size"": 2048, ""train_neg_sample_args"": null}",success,,17.76,"{""dropout_prob"": 0.1, ""epochs"": 10, ""eval_batch_size"": 2048, ""hidden_size"": 100, ""learning_rate"": 0.0005, ""loss_type"": ""CE"", ""model"": ""GRU4Rec"", ""num_layers"": 1, ""train_batch_size"": 2048, ""train_neg_sample_args"": null}",2026-05-28T01:10:23,,,,,100.0,0.0005,0.1,1.0,CE,
GRU4Rec,yoochoose_recbole_sample,cuda,20,2048,2048,23.4,0.26,0.0,,,0.1978,0.2846,0.1317,0.1598,0.1101,0.1216,"yoochoose_recbole_sample::GRU4Rec::{""dropout_prob"": 0.1, ""epochs"": 20, ""eval_batch_size"": 2048, ""hidden_size"": 100, ""learning_rate"": 0.0005, ""loss_type"": ""CE"", ""model"": ""GRU4Rec"", ""num_layers"": 1, ""train_batch_size"": 2048, ""train_neg_sample_args"": null}",success,,29.14,"{""dropout_prob"": 0.1, ""epochs"": 20, ""eval_batch_size"": 2048, ""hidden_size"": 100, ""learning_rate"": 0.0005, ""loss_type"": ""CE"", ""model"": ""GRU4Rec"", ""num_layers"": 1, ""train_batch_size"": 2048, ""train_neg_sample_args"": null}",2026-05-28T01:10:53,,,,,100.0,0.0005,0.1,1.0,CE,
GRU4Rec,yoochoose_recbole_sample,cuda,10,2048,2048,11.72,0.25,0.0,,,0.0419,0.071,0.0267,0.0361,0.0217,0.0256,"yoochoose_recbole_sample::GRU4Rec::{""dropout_prob"": 0.2, ""epochs"": 10, ""eval_batch_size"": 2048, ""hidden_size"": 100, ""learning_rate"": 0.0005, ""loss_type"": ""CE"", ""model"": ""GRU4Rec"", ""num_layers"": 1, ""train_batch_size"": 2048, ""train_neg_sample_args"": null}",success,,17.45,"{""dropout_prob"": 0.2, ""epochs"": 10, ""eval_batch_size"": 2048, ""hidden_size"": 100, ""learning_rate"": 0.0005, ""loss_type"": ""CE"", ""model"": ""GRU4Rec"", ""num_layers"": 1, ""train_batch_size"": 2048, ""train_neg_sample_args"": null}",2026-05-28T01:11:10,,,,,100.0,0.0005,0.2,1.0,CE,
GRU4Rec,yoochoose_recbole_sample,cuda,20,2048,2048,23.5,0.26,0.0,,,0.1926,0.2768,0.1283,0.1556,0.1072,0.1185,"yoochoose_recbole_sample::GRU4Rec::{""dropout_prob"": 0.2, ""epochs"": 20, ""eval_batch_size"": 2048, ""hidden_size"": 100, ""learning_rate"": 0.0005, ""loss_type"": ""CE"", ""model"": ""GRU4Rec"", ""num_layers"": 1, ""train_batch_size"": 2048, ""train_neg_sample_args"": null}",success,,29.47,"{""dropout_prob"": 0.2, ""epochs"": 20, ""eval_batch_size"": 2048, ""hidden_size"": 100, ""learning_rate"": 0.0005, ""loss_type"": ""CE"", ""model"": ""GRU4Rec"", ""num_layers"": 1, ""train_batch_size"": 2048, ""train_neg_sample_args"": null}",2026-05-28T01:11:40,,,,,100.0,0.0005,0.2,1.0,CE,
GRU4Rec,yoochoose_recbole_sample,cuda,10,2048,2048,11.71,0.26,0.0,,,0.013,0.0218,0.0083,0.0111,0.0067,0.0079,"yoochoose_recbole_sample::GRU4Rec::{""dropout_prob"": 0.1, ""epochs"": 10, ""eval_batch_size"": 2048, ""hidden_size"": 100, ""learning_rate"": 0.0001, ""loss_type"": ""CE"", ""model"": ""GRU4Rec"", ""num_layers"": 1, ""train_batch_size"": 2048, ""train_neg_sample_args"": null}",success,,17.56,"{""dropout_prob"": 0.1, ""epochs"": 10, ""eval_batch_size"": 2048, ""hidden_size"": 100, ""learning_rate"": 0.0001, ""loss_type"": ""CE"", ""model"": ""GRU4Rec"", ""num_layers"": 1, ""train_batch_size"": 2048, ""train_neg_sample_args"": null}",2026-05-28T01:11:57,,,,,100.0,0.0001,0.1,1.0,CE,
GRU4Rec,yoochoose_recbole_sample,cuda,20,2048,2048,23.46,0.26,0.0,,,0.0153,0.0258,0.0103,0.0137,0.0087,0.0101,"yoochoose_recbole_sample::GRU4Rec::{""dropout_prob"": 0.1, ""epochs"": 20, ""eval_batch_size"": 2048, ""hidden_size"": 100, ""learning_rate"": 0.0001, ""loss_type"": ""CE"", ""model"": ""GRU4Rec"", ""num_layers"": 1, ""train_batch_size"": 2048, ""train_neg_sample_args"": null}",success,,29.38,"{""dropout_prob"": 0.1, ""epochs"": 20, ""eval_batch_size"": 2048, ""hidden_size"": 100, ""learning_rate"": 0.0001, ""loss_type"": ""CE"", ""model"": ""GRU4Rec"", ""num_layers"": 1, ""train_batch_size"": 2048, ""train_neg_sample_args"": null}",2026-05-28T01:12:27,,,,,100.0,0.0001,0.1,1.0,CE,
GRU4Rec,yoochoose_recbole_sample,cuda,10,2048,2048,11.74,0.26,0.0,,,0.0129,0.0214,0.0082,0.011,0.0067,0.0078,"yoochoose_recbole_sample::GRU4Rec::{""dropout_prob"": 0.2, ""epochs"": 10, ""eval_batch_size"": 2048, ""hidden_size"": 100, ""learning_rate"": 0.0001, ""loss_type"": ""CE"", ""model"": ""GRU4Rec"", ""num_layers"": 1, ""train_batch_size"": 2048, ""train_neg_sample_args"": null}",success,,17.71,"{""dropout_prob"": 0.2, ""epochs"": 10, ""eval_batch_size"": 2048, ""hidden_size"": 100, ""learning_rate"": 0.0001, ""loss_type"": ""CE"", ""model"": ""GRU4Rec"", ""num_layers"": 1, ""train_batch_size"": 2048, ""train_neg_sample_args"": null}",2026-05-28T01:12:44,,,,,100.0,0.0001,0.2,1.0,CE,
GRU4Rec,yoochoose_recbole_sample,cuda,20,2048,2048,23.36,0.25,0.0,,,0.0145,0.0244,0.0097,0.0129,0.0082,0.0094,"yoochoose_recbole_sample::GRU4Rec::{""dropout_prob"": 0.2, ""epochs"": 20, ""eval_batch_size"": 2048, ""hidden_size"": 100, ""learning_rate"": 0.0001, ""loss_type"": ""CE"", ""model"": ""GRU4Rec"", ""num_layers"": 1, ""train_batch_size"": 2048, ""train_neg_sample_args"": null}",success,,29.2,"{""dropout_prob"": 0.2, ""epochs"": 20, ""eval_batch_size"": 2048, ""hidden_size"": 100, ""learning_rate"": 0.0001, ""loss_type"": ""CE"", ""model"": ""GRU4Rec"", ""num_layers"": 1, ""train_batch_size"": 2048, ""train_neg_sample_args"": null}",2026-05-28T01:13:14,,,,,100.0,0.0001,0.2,1.0,CE,
GRU4Rec,yoochoose_recbole_sample,cuda,10,2048,2048,11.74,0.26,0.0,,,0.2102,0.295,0.1419,0.1694,0.1195,0.1308,"yoochoose_recbole_sample::GRU4Rec::{""dropout_prob"": 0.1, ""epochs"": 10, ""eval_batch_size"": 2048, ""hidden_size"": 128, ""learning_rate"": 0.001, ""loss_type"": ""CE"", ""model"": ""GRU4Rec"", ""num_layers"": 1, ""train_batch_size"": 2048, ""train_neg_sample_args"": null}",success,,17.52,"{""dropout_prob"": 0.1, ""epochs"": 10, ""eval_batch_size"": 2048, ""hidden_size"": 128, ""learning_rate"": 0.001, ""loss_type"": ""CE"", ""model"": ""GRU4Rec"", ""num_layers"": 1, ""train_batch_size"": 2048, ""train_neg_sample_args"": null}",2026-05-28T01:13:31,,,,,128.0,0.001,0.1,1.0,CE,
GRU4Rec,yoochoose_recbole_sample,cuda,20,2048,2048,23.33,0.27,0.0,,,0.3718,0.4728,0.2623,0.295,0.2261,0.2396,"yoochoose_recbole_sample::GRU4Rec::{""dropout_prob"": 0.1, ""epochs"": 20, ""eval_batch_size"": 2048, ""hidden_size"": 128, ""learning_rate"": 0.001, ""loss_type"": ""CE"", ""model"": ""GRU4Rec"", ""num_layers"": 1, ""train_batch_size"": 2048, ""train_neg_sample_args"": null}",success,,29.4,"{""dropout_prob"": 0.1, ""epochs"": 20, ""eval_batch_size"": 2048, ""hidden_size"": 128, ""learning_rate"": 0.001, ""loss_type"": ""CE"", ""model"": ""GRU4Rec"", ""num_layers"": 1, ""train_batch_size"": 2048, ""train_neg_sample_args"": null}",2026-05-28T01:14:01,,,,,128.0,0.001,0.1,1.0,CE,
GRU4Rec,yoochoose_recbole_sample,cuda,20,2048,2048,23.34,0.27,0.0,,,0.3688,0.4732,0.2602,0.2941,0.2243,0.2384,"yoochoose_recbole_sample::GRU4Rec::{""dropout_prob"": 0.2, ""epochs"": 20, ""eval_batch_size"": 2048, ""hidden_size"": 128, ""learning_rate"": 0.001, ""loss_type"": ""CE"", ""model"": ""GRU4Rec"", ""num_layers"": 1, ""train_batch_size"": 2048, ""train_neg_sample_args"": null}",success,,29.23,"{""dropout_prob"": 0.2, ""epochs"": 20, ""eval_batch_size"": 2048, ""hidden_size"": 128, ""learning_rate"": 0.001, ""loss_type"": ""CE"", ""model"": ""GRU4Rec"", ""num_layers"": 1, ""train_batch_size"": 2048, ""train_neg_sample_args"": null}",2026-05-28T01:14:30,,,,,128.0,0.001,0.2,1.0,CE,
GRU4Rec,yoochoose_recbole_sample,cuda,10,2048,2048,11.7,0.26,0.0,,,0.0745,0.1179,0.0497,0.0637,0.0416,0.0473,"yoochoose_recbole_sample::GRU4Rec::{""dropout_prob"": 0.1, ""epochs"": 10, ""eval_batch_size"": 2048, ""hidden_size"": 128, ""learning_rate"": 0.0005, ""loss_type"": ""CE"", ""model"": ""GRU4Rec"", ""num_layers"": 1, ""train_batch_size"": 2048, ""train_neg_sample_args"": null}",success,,17.62,"{""dropout_prob"": 0.1, ""epochs"": 10, ""eval_batch_size"": 2048, ""hidden_size"": 128, ""learning_rate"": 0.0005, ""loss_type"": ""CE"", ""model"": ""GRU4Rec"", ""num_layers"": 1, ""train_batch_size"": 2048, ""train_neg_sample_args"": null}",2026-05-28T01:14:47,,,,,128.0,0.0005,0.1,1.0,CE,
GRU4Rec,yoochoose_recbole_sample,cuda,20,2048,2048,23.41,0.27,0.0,,,0.2228,0.3115,0.1492,0.1779,0.125,0.1369,"yoochoose_recbole_sample::GRU4Rec::{""dropout_prob"": 0.1, ""epochs"": 20, ""eval_batch_size"": 2048, ""hidden_size"": 128, ""learning_rate"": 0.0005, ""loss_type"": ""CE"", ""model"": ""GRU4Rec"", ""num_layers"": 1, ""train_batch_size"": 2048, ""train_neg_sample_args"": null}",success,,29.31,"{""dropout_prob"": 0.1, ""epochs"": 20, ""eval_batch_size"": 2048, ""hidden_size"": 128, ""learning_rate"": 0.0005, ""loss_type"": ""CE"", ""model"": ""GRU4Rec"", ""num_layers"": 1, ""train_batch_size"": 2048, ""train_neg_sample_args"": null}",2026-05-28T01:15:17,,,,,128.0,0.0005,0.1,1.0,CE,
GRU4Rec,yoochoose_recbole_sample,cuda,20,2048,2048,23.65,0.27,0.0,,,0.2132,0.3017,0.1422,0.1708,0.1189,0.1307,"yoochoose_recbole_sample::GRU4Rec::{""dropout_prob"": 0.2, ""epochs"": 20, ""eval_batch_size"": 2048, ""hidden_size"": 128, ""learning_rate"": 0.0005, ""loss_type"": ""CE"", ""model"": ""GRU4Rec"", ""num_layers"": 1, ""train_batch_size"": 2048, ""train_neg_sample_args"": null}",success,,29.48,"{""dropout_prob"": 0.2, ""epochs"": 20, ""eval_batch_size"": 2048, ""hidden_size"": 128, ""learning_rate"": 0.0005, ""loss_type"": ""CE"", ""model"": ""GRU4Rec"", ""num_layers"": 1, ""train_batch_size"": 2048, ""train_neg_sample_args"": null}",2026-05-28T01:15:46,,,,,128.0,0.0005,0.2,1.0,CE,
GRU4Rec,yoochoose_recbole_sample,cuda,10,2048,2048,11.81,0.26,0.0,,,0.0135,0.0216,0.0087,0.0113,0.0071,0.0082,"yoochoose_recbole_sample::GRU4Rec::{""dropout_prob"": 0.1, ""epochs"": 10, ""eval_batch_size"": 2048, ""hidden_size"": 128, ""learning_rate"": 0.0001, ""loss_type"": ""CE"", ""model"": ""GRU4Rec"", ""num_layers"": 1, ""train_batch_size"": 2048, ""train_neg_sample_args"": null}",success,,17.77,"{""dropout_prob"": 0.1, ""epochs"": 10, ""eval_batch_size"": 2048, ""hidden_size"": 128, ""learning_rate"": 0.0001, ""loss_type"": ""CE"", ""model"": ""GRU4Rec"", ""num_layers"": 1, ""train_batch_size"": 2048, ""train_neg_sample_args"": null}",2026-05-28T01:16:04,,,,,128.0,0.0001,0.1,1.0,CE,
GRU4Rec,yoochoose_recbole_sample,cuda,20,2048,2048,23.74,0.26,0.0,,,0.0153,0.0255,0.0102,0.0134,0.0085,0.0098,"yoochoose_recbole_sample::GRU4Rec::{""dropout_prob"": 0.1, ""epochs"": 20, ""eval_batch_size"": 2048, ""hidden_size"": 128, ""learning_rate"": 0.0001, ""loss_type"": ""CE"", ""model"": ""GRU4Rec"", ""num_layers"": 1, ""train_batch_size"": 2048, ""train_neg_sample_args"": null}",success,,29.68,"{""dropout_prob"": 0.1, ""epochs"": 20, ""eval_batch_size"": 2048, ""hidden_size"": 128, ""learning_rate"": 0.0001, ""loss_type"": ""CE"", ""model"": ""GRU4Rec"", ""num_layers"": 1, ""train_batch_size"": 2048, ""train_neg_sample_args"": null}",2026-05-28T01:16:34,,,,,128.0,0.0001,0.1,1.0,CE,
GRU4Rec,yoochoose_recbole_sample,cuda,10,2048,2048,11.97,0.27,0.0,,,0.0133,0.0216,0.0086,0.0112,0.007,0.0081,"yoochoose_recbole_sample::GRU4Rec::{""dropout_prob"": 0.2, ""epochs"": 10, ""eval_batch_size"": 2048, ""hidden_size"": 128, ""learning_rate"": 0.0001, ""loss_type"": ""CE"", ""model"": ""GRU4Rec"", ""num_layers"": 1, ""train_batch_size"": 2048, ""train_neg_sample_args"": null}",success,,17.94,"{""dropout_prob"": 0.2, ""epochs"": 10, ""eval_batch_size"": 2048, ""hidden_size"": 128, ""learning_rate"": 0.0001, ""loss_type"": ""CE"", ""model"": ""GRU4Rec"", ""num_layers"": 1, ""train_batch_size"": 2048, ""train_neg_sample_args"": null}",2026-05-28T01:16:52,,,,,128.0,0.0001,0.2,1.0,CE,
GRU4Rec,yoochoose_recbole_sample,cuda,20,2048,2048,23.73,0.26,0.0,,,0.0149,0.0243,0.0098,0.0128,0.0082,0.0094,"yoochoose_recbole_sample::GRU4Rec::{""dropout_prob"": 0.2, ""epochs"": 20, ""eval_batch_size"": 2048, ""hidden_size"": 128, ""learning_rate"": 0.0001, ""loss_type"": ""CE"", ""model"": ""GRU4Rec"", ""num_layers"": 1, ""train_batch_size"": 2048, ""train_neg_sample_args"": null}",success,,29.69,"{""dropout_prob"": 0.2, ""epochs"": 20, ""eval_batch_size"": 2048, ""hidden_size"": 128, ""learning_rate"": 0.0001, ""loss_type"": ""CE"", ""model"": ""GRU4Rec"", ""num_layers"": 1, ""train_batch_size"": 2048, ""train_neg_sample_args"": null}",2026-05-28T01:17:21,,,,,128.0,0.0001,0.2,1.0,CE,
GRU4Rec,yoochoose_recbole_sample,cuda,10,2048,2048,13.15,0.27,0.0,,,0.249,0.3399,0.1684,0.1978,0.142,0.1541,"yoochoose_recbole_sample::GRU4Rec::{""dropout_prob"": 0.1, ""epochs"": 10, ""eval_batch_size"": 2048, ""hidden_size"": 256, ""learning_rate"": 0.001, ""loss_type"": ""CE"", ""model"": ""GRU4Rec"", ""num_layers"": 1, ""train_batch_size"": 2048, ""train_neg_sample_args"": null}",success,,19.08,"{""dropout_prob"": 0.1, ""epochs"": 10, ""eval_batch_size"": 2048, ""hidden_size"": 256, ""learning_rate"": 0.001, ""loss_type"": ""CE"", ""model"": ""GRU4Rec"", ""num_layers"": 1, ""train_batch_size"": 2048, ""train_neg_sample_args"": null}",2026-05-28T01:17:40,,,,,256.0,0.001,0.1,1.0,CE,
GRU4Rec,yoochoose_recbole_sample,cuda,20,2048,2048,26.14,0.28,0.0,,,0.379,0.4818,0.2693,0.3027,0.2331,0.2469,"yoochoose_recbole_sample::GRU4Rec::{""dropout_prob"": 0.1, ""epochs"": 20, ""eval_batch_size"": 2048, ""hidden_size"": 256, ""learning_rate"": 0.001, ""loss_type"": ""CE"", ""model"": ""GRU4Rec"", ""num_layers"": 1, ""train_batch_size"": 2048, ""train_neg_sample_args"": null}",success,,32.13,"{""dropout_prob"": 0.1, ""epochs"": 20, ""eval_batch_size"": 2048, ""hidden_size"": 256, ""learning_rate"": 0.001, ""loss_type"": ""CE"", ""model"": ""GRU4Rec"", ""num_layers"": 1, ""train_batch_size"": 2048, ""train_neg_sample_args"": null}",2026-05-28T01:18:13,,,,,256.0,0.001,0.1,1.0,CE,
GRU4Rec,yoochoose_recbole_sample,cuda,20,2048,2048,26.21,0.27,0.0,,,0.3785,0.4824,0.2684,0.3021,0.232,0.246,"yoochoose_recbole_sample::GRU4Rec::{""dropout_prob"": 0.2, ""epochs"": 20, ""eval_batch_size"": 2048, ""hidden_size"": 256, ""learning_rate"": 0.001, ""loss_type"": ""CE"", ""model"": ""GRU4Rec"", ""num_layers"": 1, ""train_batch_size"": 2048, ""train_neg_sample_args"": null}",success,,32.09,"{""dropout_prob"": 0.2, ""epochs"": 20, ""eval_batch_size"": 2048, ""hidden_size"": 256, ""learning_rate"": 0.001, ""loss_type"": ""CE"", ""model"": ""GRU4Rec"", ""num_layers"": 1, ""train_batch_size"": 2048, ""train_neg_sample_args"": null}",2026-05-28T01:18:45,,,,,256.0,0.001,0.2,1.0,CE,
GRU4Rec,yoochoose_recbole_sample,cuda,10,2048,2048,13.1,0.27,0.0,,,0.0439,0.078,0.0299,0.0408,0.0253,0.0298,"yoochoose_recbole_sample::GRU4Rec::{""dropout_prob"": 0.1, ""epochs"": 10, ""eval_batch_size"": 2048, ""hidden_size"": 256, ""learning_rate"": 0.0005, ""loss_type"": ""CE"", ""model"": ""GRU4Rec"", ""num_layers"": 1, ""train_batch_size"": 2048, ""train_neg_sample_args"": null}",success,,19.07,"{""dropout_prob"": 0.1, ""epochs"": 10, ""eval_batch_size"": 2048, ""hidden_size"": 256, ""learning_rate"": 0.0005, ""loss_type"": ""CE"", ""model"": ""GRU4Rec"", ""num_layers"": 1, ""train_batch_size"": 2048, ""train_neg_sample_args"": null}",2026-05-28T01:19:04,,,,,256.0,0.0005,0.1,1.0,CE,
GRU4Rec,yoochoose_recbole_sample,cuda,20,2048,2048,26.21,0.27,0.0,,,0.2317,0.3242,0.1556,0.1856,0.1307,0.1431,"yoochoose_recbole_sample::GRU4Rec::{""dropout_prob"": 0.1, ""epochs"": 20, ""eval_batch_size"": 2048, ""hidden_size"": 256, ""learning_rate"": 0.0005, ""loss_type"": ""CE"", ""model"": ""GRU4Rec"", ""num_layers"": 1, ""train_batch_size"": 2048, ""train_neg_sample_args"": null}",success,,32.21,"{""dropout_prob"": 0.1, ""epochs"": 20, ""eval_batch_size"": 2048, ""hidden_size"": 256, ""learning_rate"": 0.0005, ""loss_type"": ""CE"", ""model"": ""GRU4Rec"", ""num_layers"": 1, ""train_batch_size"": 2048, ""train_neg_sample_args"": null}",2026-05-28T01:19:36,,,,,256.0,0.0005,0.1,1.0,CE,
GRU4Rec,yoochoose_recbole_sample,cuda,20,2048,2048,26.13,0.27,0.0,,,0.2294,0.3216,0.1544,0.1842,0.1297,0.1421,"yoochoose_recbole_sample::GRU4Rec::{""dropout_prob"": 0.2, ""epochs"": 20, ""eval_batch_size"": 2048, ""hidden_size"": 256, ""learning_rate"": 0.0005, ""loss_type"": ""CE"", ""model"": ""GRU4Rec"", ""num_layers"": 1, ""train_batch_size"": 2048, ""train_neg_sample_args"": null}",success,,32.11,"{""dropout_prob"": 0.2, ""epochs"": 20, ""eval_batch_size"": 2048, ""hidden_size"": 256, ""learning_rate"": 0.0005, ""loss_type"": ""CE"", ""model"": ""GRU4Rec"", ""num_layers"": 1, ""train_batch_size"": 2048, ""train_neg_sample_args"": null}",2026-05-28T01:20:08,,,,,256.0,0.0005,0.2,1.0,CE,
GRU4Rec,yoochoose_recbole_sample,cuda,10,2048,2048,13.15,0.27,0.0,,,0.0129,0.0216,0.0084,0.0112,0.0069,0.0081,"yoochoose_recbole_sample::GRU4Rec::{""dropout_prob"": 0.1, ""epochs"": 10, ""eval_batch_size"": 2048, ""hidden_size"": 256, ""learning_rate"": 0.0001, ""loss_type"": ""CE"", ""model"": ""GRU4Rec"", ""num_layers"": 1, ""train_batch_size"": 2048, ""train_neg_sample_args"": null}",success,,19.11,"{""dropout_prob"": 0.1, ""epochs"": 10, ""eval_batch_size"": 2048, ""hidden_size"": 256, ""learning_rate"": 0.0001, ""loss_type"": ""CE"", ""model"": ""GRU4Rec"", ""num_layers"": 1, ""train_batch_size"": 2048, ""train_neg_sample_args"": null}",2026-05-28T01:20:27,,,,,256.0,0.0001,0.1,1.0,CE,
GRU4Rec,yoochoose_recbole_sample,cuda,20,2048,2048,26.1,0.27,0.0,,,0.0146,0.0239,0.0096,0.0126,0.008,0.0092,"yoochoose_recbole_sample::GRU4Rec::{""dropout_prob"": 0.1, ""epochs"": 20, ""eval_batch_size"": 2048, ""hidden_size"": 256, ""learning_rate"": 0.0001, ""loss_type"": ""CE"", ""model"": ""GRU4Rec"", ""num_layers"": 1, ""train_batch_size"": 2048, ""train_neg_sample_args"": null}",success,,32.14,"{""dropout_prob"": 0.1, ""epochs"": 20, ""eval_batch_size"": 2048, ""hidden_size"": 256, ""learning_rate"": 0.0001, ""loss_type"": ""CE"", ""model"": ""GRU4Rec"", ""num_layers"": 1, ""train_batch_size"": 2048, ""train_neg_sample_args"": null}",2026-05-28T01:20:59,,,,,256.0,0.0001,0.1,1.0,CE,
GRU4Rec,yoochoose_recbole_sample,cuda,10,2048,2048,13.09,0.27,0.0,,,0.013,0.0221,0.0084,0.0113,0.0069,0.0081,"yoochoose_recbole_sample::GRU4Rec::{""dropout_prob"": 0.2, ""epochs"": 10, ""eval_batch_size"": 2048, ""hidden_size"": 256, ""learning_rate"": 0.0001, ""loss_type"": ""CE"", ""model"": ""GRU4Rec"", ""num_layers"": 1, ""train_batch_size"": 2048, ""train_neg_sample_args"": null}",success,,19.04,"{""dropout_prob"": 0.2, ""epochs"": 10, ""eval_batch_size"": 2048, ""hidden_size"": 256, ""learning_rate"": 0.0001, ""loss_type"": ""CE"", ""model"": ""GRU4Rec"", ""num_layers"": 1, ""train_batch_size"": 2048, ""train_neg_sample_args"": null}",2026-05-28T01:21:18,,,,,256.0,0.0001,0.2,1.0,CE,
GRU4Rec,yoochoose_recbole_sample,cuda,20,2048,2048,26.11,0.28,0.0,,,0.0115,0.0221,0.0073,0.0107,0.0059,0.0073,"yoochoose_recbole_sample::GRU4Rec::{""dropout_prob"": 0.2, ""epochs"": 20, ""eval_batch_size"": 2048, ""hidden_size"": 256, ""learning_rate"": 0.0001, ""loss_type"": ""CE"", ""model"": ""GRU4Rec"", ""num_layers"": 1, ""train_batch_size"": 2048, ""train_neg_sample_args"": null}",success,,32.11,"{""dropout_prob"": 0.2, ""epochs"": 20, ""eval_batch_size"": 2048, ""hidden_size"": 256, ""learning_rate"": 0.0001, ""loss_type"": ""CE"", ""model"": ""GRU4Rec"", ""num_layers"": 1, ""train_batch_size"": 2048, ""train_neg_sample_args"": null}",2026-05-28T01:21:51,,,,,256.0,0.0001,0.2,1.0,CE,
VS-KNN,globo_recbole_sample,cuda,1,2048,1024,48.85,101.52,0.0,100.0,250.0,0.183,0.3421,0.0838,0.1353,0.0521,0.0733,"globo_recbole_sample::VS-KNN::{""vsknn_k"": 100, ""vsknn_sample_size"": 250}",success,,157.34,"{""vsknn_k"": 100, ""vsknn_sample_size"": 250}",2026-05-28T01:24:28,,,,,,,,,,
VS-KNN,globo_recbole_sample,cuda,1,2048,1024,54.04,112.66,0.0,100.0,500.0,0.1784,0.3373,0.0811,0.1326,0.05,0.0713,"globo_recbole_sample::VS-KNN::{""vsknn_k"": 100, ""vsknn_sample_size"": 500}",success,,173.47,"{""vsknn_k"": 100, ""vsknn_sample_size"": 500}",2026-05-28T01:27:21,,,,,,,,,,
VS-KNN,globo_recbole_sample,cuda,1,2048,1024,61.81,129.1,0.0,200.0,100.0,0.1854,0.3421,0.0863,0.1369,0.0544,0.0753,"globo_recbole_sample::VS-KNN::{""vsknn_k"": 200, ""vsknn_sample_size"": 100}",success,,197.63,"{""vsknn_k"": 200, ""vsknn_sample_size"": 100}",2026-05-28T01:30:39,,,,,,,,,,
VS-KNN,globo_recbole_sample,cuda,1,2048,1024,82.03,172.61,0.0,200.0,250.0,0.1878,0.353,0.0868,0.1404,0.0544,0.0766,"globo_recbole_sample::VS-KNN::{""vsknn_k"": 200, ""vsknn_sample_size"": 250}",success,,261.59,"{""vsknn_k"": 200, ""vsknn_sample_size"": 250}",2026-05-28T01:35:01,,,,,,,,,,
VS-KNN,globo_recbole_sample,cuda,1,2048,1024,82.37,173.85,0.0,200.0,500.0,0.1852,0.3512,0.0847,0.1384,0.0525,0.0747,"globo_recbole_sample::VS-KNN::{""vsknn_k"": 200, ""vsknn_sample_size"": 500}",success,,263.28,"{""vsknn_k"": 200, ""vsknn_sample_size"": 500}",2026-05-28T01:39:24,,,,,,,,,,
VS-KNN,globo_recbole_sample,cuda,1,2048,1024,61.43,129.21,0.0,500.0,100.0,0.1854,0.3421,0.0863,0.1369,0.0544,0.0753,"globo_recbole_sample::VS-KNN::{""vsknn_k"": 500, ""vsknn_sample_size"": 100}",success,,197.79,"{""vsknn_k"": 500, ""vsknn_sample_size"": 100}",2026-05-28T01:42:42,,,,,,,,,,
VS-KNN,globo_recbole_sample,cuda,1,2048,1024,128.79,272.98,0.0,500.0,250.0,0.1916,0.3547,0.0889,0.1417,0.0559,0.0778,"globo_recbole_sample::VS-KNN::{""vsknn_k"": 500, ""vsknn_sample_size"": 250}",success,,408.75,"{""vsknn_k"": 500, ""vsknn_sample_size"": 250}",2026-05-28T01:49:30,,,,,,,,,,
VS-KNN,globo_recbole_sample,cuda,1,2048,1024,234.19,496.87,0.0,500.0,500.0,0.1936,0.3597,0.0898,0.1436,0.0565,0.0787,"globo_recbole_sample::VS-KNN::{""vsknn_k"": 500, ""vsknn_sample_size"": 500}",success,,738.02,"{""vsknn_k"": 500, ""vsknn_sample_size"": 500}",2026-05-28T02:01:48,,,,,,,,,,
VSTAN,globo_recbole_sample,cuda,1,2048,1024,64.94,136.15,0.0,,,0.181,0.3391,0.0823,0.1335,0.0507,0.0719,"globo_recbole_sample::VSTAN::{""vstan_idf_weighting"": true, ""vstan_k"": 100, ""vstan_position_decay"": 0.05, ""vstan_sample_size"": 100}",success,,207.9,"{""vstan_idf_weighting"": true, ""vstan_k"": 100, ""vstan_position_decay"": 0.05, ""vstan_sample_size"": 100}",2026-05-28T02:05:16,100.0,100.0,0.05,True,,,,,,
VSTAN,globo_recbole_sample,cuda,1,2048,1024,64.2,135.55,0.0,,,0.1871,0.344,0.087,0.1378,0.0548,0.0758,"globo_recbole_sample::VSTAN::{""vstan_idf_weighting"": false, ""vstan_k"": 100, ""vstan_position_decay"": 0.05, ""vstan_sample_size"": 100}",success,,206.94,"{""vstan_idf_weighting"": false, ""vstan_k"": 100, ""vstan_position_decay"": 0.05, ""vstan_sample_size"": 100}",2026-05-28T02:08:43,100.0,100.0,0.05,False,,,,,,
VSTAN,globo_recbole_sample,cuda,1,2048,1024,64.13,138.42,0.0,,,0.1881,0.346,0.0875,0.1386,0.0552,0.0762,"globo_recbole_sample::VSTAN::{""vstan_idf_weighting"": false, ""vstan_k"": 100, ""vstan_position_decay"": 0.1, ""vstan_sample_size"": 100}",success,,209.59,"{""vstan_idf_weighting"": false, ""vstan_k"": 100, ""vstan_position_decay"": 0.1, ""vstan_sample_size"": 100}",2026-05-28T02:12:13,100.0,100.0,0.1,False,,,,,,
VSTAN,globo_recbole_sample,cuda,1,2048,1024,65.0,138.44,0.0,,,0.1864,0.3432,0.0848,0.1356,0.0523,0.0733,"globo_recbole_sample::VSTAN::{""vstan_idf_weighting"": true, ""vstan_k"": 100, ""vstan_position_decay"": 0.2, ""vstan_sample_size"": 100}",success,,210.41,"{""vstan_idf_weighting"": true, ""vstan_k"": 100, ""vstan_position_decay"": 0.2, ""vstan_sample_size"": 100}",2026-05-28T02:15:43,100.0,100.0,0.2,True,,,,,,
VSTAN,globo_recbole_sample,cuda,1,2048,1024,64.49,138.5,0.0,,,0.1909,0.3482,0.0888,0.1397,0.056,0.077,"globo_recbole_sample::VSTAN::{""vstan_idf_weighting"": false, ""vstan_k"": 100, ""vstan_position_decay"": 0.2, ""vstan_sample_size"": 100}",success,,210.1,"{""vstan_idf_weighting"": false, ""vstan_k"": 100, ""vstan_position_decay"": 0.2, ""vstan_sample_size"": 100}",2026-05-28T02:19:13,100.0,100.0,0.2,False,,,,,,
VSTAN,globo_recbole_sample,cuda,1,2048,1024,53.01,110.89,0.0,,,0.1799,0.3413,0.081,0.1333,0.0494,0.0711,"globo_recbole_sample::VSTAN::{""vstan_idf_weighting"": true, ""vstan_k"": 100, ""vstan_position_decay"": 0.05, ""vstan_sample_size"": 250}",success,,171.06,"{""vstan_idf_weighting"": true, ""vstan_k"": 100, ""vstan_position_decay"": 0.05, ""vstan_sample_size"": 250}",2026-05-28T02:22:05,100.0,250.0,0.05,True,,,,,,
VSTAN,globo_recbole_sample,cuda,1,2048,1024,51.38,107.74,0.0,,,0.1947,0.3486,0.0917,0.1416,0.0585,0.0791,"globo_recbole_sample::VSTAN::{""vstan_idf_weighting"": false, ""vstan_k"": 100, ""vstan_position_decay"": 0.05, ""vstan_sample_size"": 250}",success,,166.07,"{""vstan_idf_weighting"": false, ""vstan_k"": 100, ""vstan_position_decay"": 0.05, ""vstan_sample_size"": 250}",2026-05-28T02:24:51,100.0,250.0,0.05,False,,,,,,
VSTAN,globo_recbole_sample,cuda,1,2048,1024,53.49,111.54,0.0,,,0.1857,0.3454,0.0843,0.136,0.0518,0.0732,"globo_recbole_sample::VSTAN::{""vstan_idf_weighting"": true, ""vstan_k"": 100, ""vstan_position_decay"": 0.1, ""vstan_sample_size"": 250}",success,,172.22,"{""vstan_idf_weighting"": true, ""vstan_k"": 100, ""vstan_position_decay"": 0.1, ""vstan_sample_size"": 250}",2026-05-28T02:27:43,100.0,250.0,0.1,True,,,,,,
VSTAN,globo_recbole_sample,cuda,1,2048,1024,51.57,108.28,0.0,,,0.1958,0.3503,0.0923,0.1424,0.059,0.0797,"globo_recbole_sample::VSTAN::{""vstan_idf_weighting"": false, ""vstan_k"": 100, ""vstan_position_decay"": 0.1, ""vstan_sample_size"": 250}",success,,166.84,"{""vstan_idf_weighting"": false, ""vstan_k"": 100, ""vstan_position_decay"": 0.1, ""vstan_sample_size"": 250}",2026-05-28T02:30:30,100.0,250.0,0.1,False,,,,,,
VSTAN,globo_recbole_sample,cuda,1,2048,1024,54.33,113.68,0.0,,,0.194,0.3496,0.0896,0.1401,0.0561,0.077,"globo_recbole_sample::VSTAN::{""vstan_idf_weighting"": true, ""vstan_k"": 100, ""vstan_position_decay"": 0.2, ""vstan_sample_size"": 250}",success,,174.94,"{""vstan_idf_weighting"": true, ""vstan_k"": 100, ""vstan_position_decay"": 0.2, ""vstan_sample_size"": 250}",2026-05-28T02:33:25,100.0,250.0,0.2,True,,,,,,
VSTAN,globo_recbole_sample,cuda,1,2048,1024,52.19,109.12,0.0,,,0.1999,0.3531,0.0946,0.1442,0.0606,0.0811,"globo_recbole_sample::VSTAN::{""vstan_idf_weighting"": false, ""vstan_k"": 100, ""vstan_position_decay"": 0.2, ""vstan_sample_size"": 250}",success,,168.26,"{""vstan_idf_weighting"": false, ""vstan_k"": 100, ""vstan_position_decay"": 0.2, ""vstan_sample_size"": 250}",2026-05-28T02:36:13,100.0,250.0,0.2,False,,,,,,
VSTAN,globo_recbole_sample,cuda,1,2048,1024,60.32,126.31,0.0,,,0.1744,0.334,0.079,0.1308,0.0486,0.07,"globo_recbole_sample::VSTAN::{""vstan_idf_weighting"": true, ""vstan_k"": 100, ""vstan_position_decay"": 0.05, ""vstan_sample_size"": 500}",success,,193.79,"{""vstan_idf_weighting"": true, ""vstan_k"": 100, ""vstan_position_decay"": 0.05, ""vstan_sample_size"": 500}",2026-05-28T02:39:27,100.0,500.0,0.05,True,,,,,,
VSTAN,globo_recbole_sample,cuda,1,2048,1024,58.41,122.84,0.0,,,0.191,0.3474,0.0891,0.1398,0.0564,0.0774,"globo_recbole_sample::VSTAN::{""vstan_idf_weighting"": false, ""vstan_k"": 100, ""vstan_position_decay"": 0.05, ""vstan_sample_size"": 500}",success,,188.28,"{""vstan_idf_weighting"": false, ""vstan_k"": 100, ""vstan_position_decay"": 0.05, ""vstan_sample_size"": 500}",2026-05-28T02:42:35,100.0,500.0,0.05,False,,,,,,
VSTAN,globo_recbole_sample,cuda,1,2048,1024,60.55,126.76,0.0,,,0.1814,0.3405,0.0824,0.134,0.0508,0.0721,"globo_recbole_sample::VSTAN::{""vstan_idf_weighting"": true, ""vstan_k"": 100, ""vstan_position_decay"": 0.1, ""vstan_sample_size"": 500}",success,,194.42,"{""vstan_idf_weighting"": true, ""vstan_k"": 100, ""vstan_position_decay"": 0.1, ""vstan_sample_size"": 500}",2026-05-28T02:45:49,100.0,500.0,0.1,True,,,,,,
VSTAN,globo_recbole_sample,cuda,1,2048,1024,58.66,122.24,0.0,,,0.193,0.3504,0.0902,0.1412,0.0571,0.0782,"globo_recbole_sample::VSTAN::{""vstan_idf_weighting"": false, ""vstan_k"": 100, ""vstan_position_decay"": 0.1, ""vstan_sample_size"": 500}",success,,187.79,"{""vstan_idf_weighting"": false, ""vstan_k"": 100, ""vstan_position_decay"": 0.1, ""vstan_sample_size"": 500}",2026-05-28T02:48:57,100.0,500.0,0.1,False,,,,,,
VSTAN,globo_recbole_sample,cuda,1,2048,1024,60.62,126.73,0.0,,,0.1905,0.3483,0.0877,0.1389,0.0547,0.076,"globo_recbole_sample::VSTAN::{""vstan_idf_weighting"": true, ""vstan_k"": 100, ""vstan_position_decay"": 0.2, ""vstan_sample_size"": 500}",success,,194.35,"{""vstan_idf_weighting"": true, ""vstan_k"": 100, ""vstan_position_decay"": 0.2, ""vstan_sample_size"": 500}",2026-05-28T02:52:12,100.0,500.0,0.2,True,,,,,,
VSTAN,globo_recbole_sample,cuda,1,2048,1024,58.5,121.68,0.0,,,0.1974,0.3535,0.0926,0.1431,0.0588,0.0797,"globo_recbole_sample::VSTAN::{""vstan_idf_weighting"": false, ""vstan_k"": 100, ""vstan_position_decay"": 0.2, ""vstan_sample_size"": 500}",success,,187.09,"{""vstan_idf_weighting"": false, ""vstan_k"": 100, ""vstan_position_decay"": 0.2, ""vstan_sample_size"": 500}",2026-05-28T02:55:19,100.0,500.0,0.2,False,,,,,,
VSTAN,globo_recbole_sample,cuda,1,2048,1024,65.18,136.91,0.0,,,0.181,0.3391,0.0823,0.1335,0.0507,0.0719,"globo_recbole_sample::VSTAN::{""vstan_idf_weighting"": true, ""vstan_k"": 200, ""vstan_position_decay"": 0.05, ""vstan_sample_size"": 100}",success,,209.05,"{""vstan_idf_weighting"": true, ""vstan_k"": 200, ""vstan_position_decay"": 0.05, ""vstan_sample_size"": 100}",2026-05-28T02:58:48,200.0,100.0,0.05,True,,,,,,
VSTAN,globo_recbole_sample,cuda,1,2048,1024,64.34,135.88,0.0,,,0.1871,0.344,0.087,0.1378,0.0548,0.0758,"globo_recbole_sample::VSTAN::{""vstan_idf_weighting"": false, ""vstan_k"": 200, ""vstan_position_decay"": 0.05, ""vstan_sample_size"": 100}",success,,207.41,"{""vstan_idf_weighting"": false, ""vstan_k"": 200, ""vstan_position_decay"": 0.05, ""vstan_sample_size"": 100}",2026-05-28T03:02:15,200.0,100.0,0.05,False,,,,,,
VSTAN,globo_recbole_sample,cuda,1,2048,1024,65.2,137.06,0.0,,,0.1825,0.3411,0.083,0.1344,0.0512,0.0725,"globo_recbole_sample::VSTAN::{""vstan_idf_weighting"": true, ""vstan_k"": 200, ""vstan_position_decay"": 0.1, ""vstan_sample_size"": 100}",success,,209.3,"{""vstan_idf_weighting"": true, ""vstan_k"": 200, ""vstan_position_decay"": 0.1, ""vstan_sample_size"": 100}",2026-05-28T03:05:44,200.0,100.0,0.1,True,,,,,,
VSTAN,globo_recbole_sample,cuda,1,2048,1024,64.41,136.01,0.0,,,0.1881,0.346,0.0875,0.1386,0.0552,0.0762,"globo_recbole_sample::VSTAN::{""vstan_idf_weighting"": false, ""vstan_k"": 200, ""vstan_position_decay"": 0.1, ""vstan_sample_size"": 100}",success,,207.35,"{""vstan_idf_weighting"": false, ""vstan_k"": 200, ""vstan_position_decay"": 0.1, ""vstan_sample_size"": 100}",2026-05-28T03:09:12,200.0,100.0,0.1,False,,,,,,
VSTAN,globo_recbole_sample,cuda,1,2048,1024,65.15,137.28,0.0,,,0.1864,0.3432,0.0848,0.1356,0.0523,0.0733,"globo_recbole_sample::VSTAN::{""vstan_idf_weighting"": true, ""vstan_k"": 200, ""vstan_position_decay"": 0.2, ""vstan_sample_size"": 100}",success,,209.4,"{""vstan_idf_weighting"": true, ""vstan_k"": 200, ""vstan_position_decay"": 0.2, ""vstan_sample_size"": 100}",2026-05-28T03:12:41,200.0,100.0,0.2,True,,,,,,
VSTAN,globo_recbole_sample,cuda,1,2048,1024,64.53,135.58,0.0,,,0.1909,0.3482,0.0888,0.1397,0.056,0.077,"globo_recbole_sample::VSTAN::{""vstan_idf_weighting"": false, ""vstan_k"": 200, ""vstan_position_decay"": 0.2, ""vstan_sample_size"": 100}",success,,207.25,"{""vstan_idf_weighting"": false, ""vstan_k"": 200, ""vstan_position_decay"": 0.2, ""vstan_sample_size"": 100}",2026-05-28T03:16:08,200.0,100.0,0.2,False,,,,,,
VSTAN,globo_recbole_sample,cuda,1,2048,1024,89.34,187.66,0.0,,,0.1872,0.3566,0.0845,0.1393,0.0516,0.0743,"globo_recbole_sample::VSTAN::{""vstan_idf_weighting"": true, ""vstan_k"": 200, ""vstan_position_decay"": 0.05, ""vstan_sample_size"": 250}",success,,283.92,"{""vstan_idf_weighting"": true, ""vstan_k"": 200, ""vstan_position_decay"": 0.05, ""vstan_sample_size"": 250}",2026-05-28T03:20:52,200.0,250.0,0.05,True,,,,,,
VSTAN,globo_recbole_sample,cuda,1,2048,1024,87.6,184.0,0.0,,,0.1908,0.3558,0.0883,0.1418,0.0554,0.0775,"globo_recbole_sample::VSTAN::{""vstan_idf_weighting"": false, ""vstan_k"": 200, ""vstan_position_decay"": 0.05, ""vstan_sample_size"": 250}",success,,278.55,"{""vstan_idf_weighting"": false, ""vstan_k"": 200, ""vstan_position_decay"": 0.05, ""vstan_sample_size"": 250}",2026-05-28T03:25:31,200.0,250.0,0.05,False,,,,,,
VSTAN,globo_recbole_sample,cuda,1,2048,1024,89.72,188.31,0.0,,,0.1897,0.3585,0.0857,0.1403,0.0524,0.075,"globo_recbole_sample::VSTAN::{""vstan_idf_weighting"": true, ""vstan_k"": 200, ""vstan_position_decay"": 0.1, ""vstan_sample_size"": 250}",success,,285.07,"{""vstan_idf_weighting"": true, ""vstan_k"": 200, ""vstan_position_decay"": 0.1, ""vstan_sample_size"": 250}",2026-05-28T03:30:16,200.0,250.0,0.1,True,,,,,,
VSTAN,globo_recbole_sample,cuda,1,2048,1024,88.04,185.05,0.0,,,0.1927,0.3581,0.0891,0.1427,0.0559,0.0781,"globo_recbole_sample::VSTAN::{""vstan_idf_weighting"": false, ""vstan_k"": 200, ""vstan_position_decay"": 0.1, ""vstan_sample_size"": 250}",success,,280.04,"{""vstan_idf_weighting"": false, ""vstan_k"": 200, ""vstan_position_decay"": 0.1, ""vstan_sample_size"": 250}",2026-05-28T03:34:56,200.0,250.0,0.1,False,,,,,,
VSTAN,globo_recbole_sample,cuda,1,2048,1024,91.29,191.39,0.0,,,0.1948,0.3634,0.0882,0.1428,0.0541,0.0766,"globo_recbole_sample::VSTAN::{""vstan_idf_weighting"": true, ""vstan_k"": 200, ""vstan_position_decay"": 0.2, ""vstan_sample_size"": 250}",success,,289.82,"{""vstan_idf_weighting"": true, ""vstan_k"": 200, ""vstan_position_decay"": 0.2, ""vstan_sample_size"": 250}",2026-05-28T03:39:46,200.0,250.0,0.2,True,,,,,,
VSTAN,globo_recbole_sample,cuda,1,2048,1024,89.34,188.35,0.0,,,0.1973,0.362,0.0915,0.1449,0.0575,0.0796,"globo_recbole_sample::VSTAN::{""vstan_idf_weighting"": false, ""vstan_k"": 200, ""vstan_position_decay"": 0.2, ""vstan_sample_size"": 250}",success,,284.65,"{""vstan_idf_weighting"": false, ""vstan_k"": 200, ""vstan_position_decay"": 0.2, ""vstan_sample_size"": 250}",2026-05-28T03:44:31,200.0,250.0,0.2,False,,,,,,
VSTAN,globo_recbole_sample,cuda,1,2048,1024,93.04,194.4,0.0,,,0.1845,0.3573,0.0829,0.1389,0.0504,0.0736,"globo_recbole_sample::VSTAN::{""vstan_idf_weighting"": true, ""vstan_k"": 200, ""vstan_position_decay"": 0.05, ""vstan_sample_size"": 500}",success,,294.19,"{""vstan_idf_weighting"": true, ""vstan_k"": 200, ""vstan_position_decay"": 0.05, ""vstan_sample_size"": 500}",2026-05-28T03:49:25,200.0,500.0,0.05,True,,,,,,
VSTAN,globo_recbole_sample,cuda,1,2048,1024,89.41,188.12,0.0,,,0.197,0.3596,0.0926,0.1452,0.0589,0.0807,"globo_recbole_sample::VSTAN::{""vstan_idf_weighting"": false, ""vstan_k"": 200, ""vstan_position_decay"": 0.05, ""vstan_sample_size"": 500}",success,,284.51,"{""vstan_idf_weighting"": false, ""vstan_k"": 200, ""vstan_position_decay"": 0.05, ""vstan_sample_size"": 500}",2026-05-28T03:54:09,200.0,500.0,0.05,False,,,,,,
VSTAN,globo_recbole_sample,cuda,1,2048,1024,93.07,195.04,0.0,,,0.1907,0.3625,0.0862,0.1418,0.0528,0.0758,"globo_recbole_sample::VSTAN::{""vstan_idf_weighting"": true, ""vstan_k"": 200, ""vstan_position_decay"": 0.1, ""vstan_sample_size"": 500}",success,,295.15,"{""vstan_idf_weighting"": true, ""vstan_k"": 200, ""vstan_position_decay"": 0.1, ""vstan_sample_size"": 500}",2026-05-28T03:59:04,200.0,500.0,0.1,True,,,,,,
VSTAN,globo_recbole_sample,cuda,1,2048,1024,89.77,189.15,0.0,,,0.1989,0.361,0.0936,0.1461,0.0597,0.0814,"globo_recbole_sample::VSTAN::{""vstan_idf_weighting"": false, ""vstan_k"": 200, ""vstan_position_decay"": 0.1, ""vstan_sample_size"": 500}",success,,286.12,"{""vstan_idf_weighting"": false, ""vstan_k"": 200, ""vstan_position_decay"": 0.1, ""vstan_sample_size"": 500}",2026-05-28T04:03:51,200.0,500.0,0.1,False,,,,,,
VSTAN,globo_recbole_sample,cuda,1,2048,1024,94.48,198.07,0.0,,,0.1981,0.3652,0.0913,0.1454,0.057,0.0794,"globo_recbole_sample::VSTAN::{""vstan_idf_weighting"": true, ""vstan_k"": 200, ""vstan_position_decay"": 0.2, ""vstan_sample_size"": 500}",success,,299.56,"{""vstan_idf_weighting"": true, ""vstan_k"": 200, ""vstan_position_decay"": 0.2, ""vstan_sample_size"": 500}",2026-05-28T04:08:50,200.0,500.0,0.2,True,,,,,,
VSTAN,globo_recbole_sample,cuda,1,2048,1024,90.68,190.08,0.0,,,0.2026,0.3644,0.0958,0.1482,0.0614,0.0831,"globo_recbole_sample::VSTAN::{""vstan_idf_weighting"": false, ""vstan_k"": 200, ""vstan_position_decay"": 0.2, ""vstan_sample_size"": 500}",success,,287.73,"{""vstan_idf_weighting"": false, ""vstan_k"": 200, ""vstan_position_decay"": 0.2, ""vstan_sample_size"": 500}",2026-05-28T04:13:38,200.0,500.0,0.2,False,,,,,,
VSTAN,globo_recbole_sample,cuda,1,2048,1024,65.2,137.14,0.0,,,0.181,0.3391,0.0823,0.1335,0.0507,0.0719,"globo_recbole_sample::VSTAN::{""vstan_idf_weighting"": true, ""vstan_k"": 500, ""vstan_position_decay"": 0.05, ""vstan_sample_size"": 100}",success,,209.53,"{""vstan_idf_weighting"": true, ""vstan_k"": 500, ""vstan_position_decay"": 0.05, ""vstan_sample_size"": 100}",2026-05-28T04:17:07,500.0,100.0,0.05,True,,,,,,
VSTAN,globo_recbole_sample,cuda,1,2048,1024,64.75,135.71,0.0,,,0.1871,0.344,0.087,0.1378,0.0548,0.0758,"globo_recbole_sample::VSTAN::{""vstan_idf_weighting"": false, ""vstan_k"": 500, ""vstan_position_decay"": 0.05, ""vstan_sample_size"": 100}",success,,207.41,"{""vstan_idf_weighting"": false, ""vstan_k"": 500, ""vstan_position_decay"": 0.05, ""vstan_sample_size"": 100}",2026-05-28T04:20:35,500.0,100.0,0.05,False,,,,,,
VSTAN,globo_recbole_sample,cuda,1,2048,1024,64.97,136.8,0.0,,,0.1825,0.3411,0.083,0.1344,0.0512,0.0725,"globo_recbole_sample::VSTAN::{""vstan_idf_weighting"": true, ""vstan_k"": 500, ""vstan_position_decay"": 0.1, ""vstan_sample_size"": 100}",success,,208.86,"{""vstan_idf_weighting"": true, ""vstan_k"": 500, ""vstan_position_decay"": 0.1, ""vstan_sample_size"": 100}",2026-05-28T04:24:04,500.0,100.0,0.1,True,,,,,,
VSTAN,globo_recbole_sample,cuda,1,2048,1024,64.37,135.61,0.0,,,0.1881,0.346,0.0875,0.1386,0.0552,0.0762,"globo_recbole_sample::VSTAN::{""vstan_idf_weighting"": false, ""vstan_k"": 500, ""vstan_position_decay"": 0.1, ""vstan_sample_size"": 100}",success,,207.18,"{""vstan_idf_weighting"": false, ""vstan_k"": 500, ""vstan_position_decay"": 0.1, ""vstan_sample_size"": 100}",2026-05-28T04:27:31,500.0,100.0,0.1,False,,,,,,
VSTAN,globo_recbole_sample,cuda,1,2048,1024,65.13,136.97,0.0,,,0.1864,0.3432,0.0848,0.1356,0.0523,0.0733,"globo_recbole_sample::VSTAN::{""vstan_idf_weighting"": true, ""vstan_k"": 500, ""vstan_position_decay"": 0.2, ""vstan_sample_size"": 100}",success,,209.12,"{""vstan_idf_weighting"": true, ""vstan_k"": 500, ""vstan_position_decay"": 0.2, ""vstan_sample_size"": 100}",2026-05-28T04:31:00,500.0,100.0,0.2,True,,,,,,
VSTAN,globo_recbole_sample,cuda,1,2048,1024,64.36,135.39,0.0,,,0.1909,0.3482,0.0888,0.1397,0.056,0.077,"globo_recbole_sample::VSTAN::{""vstan_idf_weighting"": false, ""vstan_k"": 500, ""vstan_position_decay"": 0.2, ""vstan_sample_size"": 100}",success,,206.72,"{""vstan_idf_weighting"": false, ""vstan_k"": 500, ""vstan_position_decay"": 0.2, ""vstan_sample_size"": 100}",2026-05-28T04:34:27,500.0,100.0,0.2,False,,,,,,
VSTAN,globo_recbole_sample,cuda,1,2048,1024,137.68,291.6,0.0,,,0.1901,0.3565,0.0862,0.1401,0.0529,0.0753,"globo_recbole_sample::VSTAN::{""vstan_idf_weighting"": true, ""vstan_k"": 500, ""vstan_position_decay"": 0.05, ""vstan_sample_size"": 250}",success,,436.43,"{""vstan_idf_weighting"": true, ""vstan_k"": 500, ""vstan_position_decay"": 0.05, ""vstan_sample_size"": 250}",2026-05-28T04:41:43,500.0,250.0,0.05,True,,,,,,
VSTAN,globo_recbole_sample,cuda,1,2048,1024,136.36,288.54,0.0,,,0.1936,0.3571,0.0898,0.1427,0.0564,0.0783,"globo_recbole_sample::VSTAN::{""vstan_idf_weighting"": false, ""vstan_k"": 500, ""vstan_position_decay"": 0.05, ""vstan_sample_size"": 250}",success,,431.93,"{""vstan_idf_weighting"": false, ""vstan_k"": 500, ""vstan_position_decay"": 0.05, ""vstan_sample_size"": 250}",2026-05-28T04:48:55,500.0,250.0,0.05,False,,,,,,
VSTAN,globo_recbole_sample,cuda,1,2048,1024,138.19,291.71,0.0,,,0.1921,0.3597,0.0871,0.1413,0.0535,0.0759,"globo_recbole_sample::VSTAN::{""vstan_idf_weighting"": true, ""vstan_k"": 500, ""vstan_position_decay"": 0.1, ""vstan_sample_size"": 250}",success,,436.62,"{""vstan_idf_weighting"": true, ""vstan_k"": 500, ""vstan_position_decay"": 0.1, ""vstan_sample_size"": 250}",2026-05-28T04:56:12,500.0,250.0,0.1,True,,,,,,
VSTAN,globo_recbole_sample,cuda,1,2048,1024,136.39,288.49,0.0,,,0.1948,0.3591,0.0904,0.1436,0.0568,0.0789,"globo_recbole_sample::VSTAN::{""vstan_idf_weighting"": false, ""vstan_k"": 500, ""vstan_position_decay"": 0.1, ""vstan_sample_size"": 250}",success,,431.91,"{""vstan_idf_weighting"": false, ""vstan_k"": 500, ""vstan_position_decay"": 0.1, ""vstan_sample_size"": 250}",2026-05-28T05:03:24,500.0,250.0,0.1,False,,,,,,
VSTAN,globo_recbole_sample,cuda,1,2048,1024,137.78,292.15,0.0,,,0.1948,0.3642,0.0884,0.1433,0.0544,0.0771,"globo_recbole_sample::VSTAN::{""vstan_idf_weighting"": true, ""vstan_k"": 500, ""vstan_position_decay"": 0.2, ""vstan_sample_size"": 250}",success,,436.88,"{""vstan_idf_weighting"": true, ""vstan_k"": 500, ""vstan_position_decay"": 0.2, ""vstan_sample_size"": 250}",2026-05-28T05:10:41,500.0,250.0,0.2,True,,,,,,
VSTAN,globo_recbole_sample,cuda,1,2048,1024,136.37,288.86,0.0,,,0.1978,0.3627,0.0918,0.1452,0.0577,0.0798,"globo_recbole_sample::VSTAN::{""vstan_idf_weighting"": false, ""vstan_k"": 500, ""vstan_position_decay"": 0.2, ""vstan_sample_size"": 250}",success,,432.19,"{""vstan_idf_weighting"": false, ""vstan_k"": 500, ""vstan_position_decay"": 0.2, ""vstan_sample_size"": 250}",2026-05-28T05:17:53,500.0,250.0,0.2,False,,,,,,
VSTAN,globo_recbole_sample,cuda,1,2048,1024,251.29,533.49,0.0,,,0.1921,0.3652,0.0871,0.1431,0.0535,0.0766,"globo_recbole_sample::VSTAN::{""vstan_idf_weighting"": true, ""vstan_k"": 500, ""vstan_position_decay"": 0.05, ""vstan_sample_size"": 500}",success,,791.81,"{""vstan_idf_weighting"": true, ""vstan_k"": 500, ""vstan_position_decay"": 0.05, ""vstan_sample_size"": 500}",2026-05-28T05:31:05,500.0,500.0,0.05,True,,,,,,
VSTAN,globo_recbole_sample,cuda,1,2048,1024,248.55,527.55,0.0,,,0.1951,0.3626,0.0906,0.1448,0.057,0.0794,"globo_recbole_sample::VSTAN::{""vstan_idf_weighting"": false, ""vstan_k"": 500, ""vstan_position_decay"": 0.05, ""vstan_sample_size"": 500}",success,,783.3,"{""vstan_idf_weighting"": false, ""vstan_k"": 500, ""vstan_position_decay"": 0.05, ""vstan_sample_size"": 500}",2026-05-28T05:44:08,500.0,500.0,0.05,False,,,,,,
VSTAN,globo_recbole_sample,cuda,1,2048,1024,251.23,533.2,0.0,,,0.1943,0.3683,0.0881,0.1444,0.0541,0.0773,"globo_recbole_sample::VSTAN::{""vstan_idf_weighting"": true, ""vstan_k"": 500, ""vstan_position_decay"": 0.1, ""vstan_sample_size"": 500}",success,,791.63,"{""vstan_idf_weighting"": true, ""vstan_k"": 500, ""vstan_position_decay"": 0.1, ""vstan_sample_size"": 500}",2026-05-28T05:57:20,500.0,500.0,0.1,True,,,,,,
VSTAN,globo_recbole_sample,cuda,1,2048,1024,248.27,527.76,0.0,,,0.1966,0.3654,0.0912,0.1458,0.0573,0.0798,"globo_recbole_sample::VSTAN::{""vstan_idf_weighting"": false, ""vstan_k"": 500, ""vstan_position_decay"": 0.1, ""vstan_sample_size"": 500}",success,,783.02,"{""vstan_idf_weighting"": false, ""vstan_k"": 500, ""vstan_position_decay"": 0.1, ""vstan_sample_size"": 500}",2026-05-28T06:10:23,500.0,500.0,0.1,False,,,,,,
VSTAN,globo_recbole_sample,cuda,1,2048,1024,251.47,533.12,0.0,,,0.1975,0.3709,0.0895,0.1457,0.055,0.0782,"globo_recbole_sample::VSTAN::{""vstan_idf_weighting"": true, ""vstan_k"": 500, ""vstan_position_decay"": 0.2, ""vstan_sample_size"": 500}",success,,791.8,"{""vstan_idf_weighting"": true, ""vstan_k"": 500, ""vstan_position_decay"": 0.2, ""vstan_sample_size"": 500}",2026-05-28T06:23:34,500.0,500.0,0.2,True,,,,,,
VSTAN,globo_recbole_sample,cuda,1,2048,1024,248.68,527.67,0.0,,,0.2,0.3696,0.0927,0.1475,0.0582,0.0809,"globo_recbole_sample::VSTAN::{""vstan_idf_weighting"": false, ""vstan_k"": 500, ""vstan_position_decay"": 0.2, ""vstan_sample_size"": 500}",success,,783.41,"{""vstan_idf_weighting"": false, ""vstan_k"": 500, ""vstan_position_decay"": 0.2, ""vstan_sample_size"": 500}",2026-05-28T06:36:38,500.0,500.0,0.2,False,,,,,,
GRU4Rec,globo_recbole_sample,cuda,10,2048,2048,9.75,0.24,0.0,,,0.1855,0.276,0.1179,0.1471,0.0958,0.1078,"globo_recbole_sample::GRU4Rec::{""dropout_prob"": 0.1, ""epochs"": 10, ""eval_batch_size"": 2048, ""hidden_size"": 100, ""learning_rate"": 0.001, ""loss_type"": ""CE"", ""model"": ""GRU4Rec"", ""num_layers"": 1, ""train_batch_size"": 2048, ""train_neg_sample_args"": null}",success,,15.51,"{""dropout_prob"": 0.1, ""epochs"": 10, ""eval_batch_size"": 2048, ""hidden_size"": 100, ""learning_rate"": 0.001, ""loss_type"": ""CE"", ""model"": ""GRU4Rec"", ""num_layers"": 1, ""train_batch_size"": 2048, ""train_neg_sample_args"": null}",2026-05-28T06:36:53,,,,,100.0,0.001,0.1,1.0,CE,
GRU4Rec,globo_recbole_sample,cuda,20,2048,2048,19.1,0.25,0.0,,,0.2439,0.3622,0.1603,0.1984,0.1329,0.1485,"globo_recbole_sample::GRU4Rec::{""dropout_prob"": 0.1, ""epochs"": 20, ""eval_batch_size"": 2048, ""hidden_size"": 100, ""learning_rate"": 0.001, ""loss_type"": ""CE"", ""model"": ""GRU4Rec"", ""num_layers"": 1, ""train_batch_size"": 2048, ""train_neg_sample_args"": null}",success,,24.94,"{""dropout_prob"": 0.1, ""epochs"": 20, ""eval_batch_size"": 2048, ""hidden_size"": 100, ""learning_rate"": 0.001, ""loss_type"": ""CE"", ""model"": ""GRU4Rec"", ""num_layers"": 1, ""train_batch_size"": 2048, ""train_neg_sample_args"": null}",2026-05-28T06:37:18,,,,,100.0,0.001,0.1,1.0,CE,
GRU4Rec,globo_recbole_sample,cuda,10,2048,2048,9.52,0.25,0.0,,,0.2091,0.3195,0.1341,0.1697,0.1096,0.1241,"globo_recbole_sample::GRU4Rec::{""dropout_prob"": 0.2, ""epochs"": 10, ""eval_batch_size"": 2048, ""hidden_size"": 100, ""learning_rate"": 0.001, ""loss_type"": ""CE"", ""model"": ""GRU4Rec"", ""num_layers"": 1, ""train_batch_size"": 2048, ""train_neg_sample_args"": null}",success,,15.51,"{""dropout_prob"": 0.2, ""epochs"": 10, ""eval_batch_size"": 2048, ""hidden_size"": 100, ""learning_rate"": 0.001, ""loss_type"": ""CE"", ""model"": ""GRU4Rec"", ""num_layers"": 1, ""train_batch_size"": 2048, ""train_neg_sample_args"": null}",2026-05-28T06:37:34,,,,,100.0,0.001,0.2,1.0,CE,
GRU4Rec,globo_recbole_sample,cuda,20,2048,2048,19.08,0.27,0.0,,,0.2424,0.3612,0.1595,0.1978,0.1323,0.1481,"globo_recbole_sample::GRU4Rec::{""dropout_prob"": 0.2, ""epochs"": 20, ""eval_batch_size"": 2048, ""hidden_size"": 100, ""learning_rate"": 0.001, ""loss_type"": ""CE"", ""model"": ""GRU4Rec"", ""num_layers"": 1, ""train_batch_size"": 2048, ""train_neg_sample_args"": null}",success,,24.8,"{""dropout_prob"": 0.2, ""epochs"": 20, ""eval_batch_size"": 2048, ""hidden_size"": 100, ""learning_rate"": 0.001, ""loss_type"": ""CE"", ""model"": ""GRU4Rec"", ""num_layers"": 1, ""train_batch_size"": 2048, ""train_neg_sample_args"": null}",2026-05-28T06:37:59,,,,,100.0,0.001,0.2,1.0,CE,
GRU4Rec,globo_recbole_sample,cuda,10,2048,2048,9.64,0.25,0.0,,,0.0333,0.0634,0.022,0.0316,0.0184,0.0222,"globo_recbole_sample::GRU4Rec::{""dropout_prob"": 0.1, ""epochs"": 10, ""eval_batch_size"": 2048, ""hidden_size"": 100, ""learning_rate"": 0.0005, ""loss_type"": ""CE"", ""model"": ""GRU4Rec"", ""num_layers"": 1, ""train_batch_size"": 2048, ""train_neg_sample_args"": null}",success,,15.42,"{""dropout_prob"": 0.1, ""epochs"": 10, ""eval_batch_size"": 2048, ""hidden_size"": 100, ""learning_rate"": 0.0005, ""loss_type"": ""CE"", ""model"": ""GRU4Rec"", ""num_layers"": 1, ""train_batch_size"": 2048, ""train_neg_sample_args"": null}",2026-05-28T06:38:14,,,,,100.0,0.0005,0.1,1.0,CE,
GRU4Rec,globo_recbole_sample,cuda,20,2048,2048,19.24,0.25,0.0,,,0.2161,0.3249,0.1368,0.1718,0.1108,0.1251,"globo_recbole_sample::GRU4Rec::{""dropout_prob"": 0.1, ""epochs"": 20, ""eval_batch_size"": 2048, ""hidden_size"": 100, ""learning_rate"": 0.0005, ""loss_type"": ""CE"", ""model"": ""GRU4Rec"", ""num_layers"": 1, ""train_batch_size"": 2048, ""train_neg_sample_args"": null}",success,,25.3,"{""dropout_prob"": 0.1, ""epochs"": 20, ""eval_batch_size"": 2048, ""hidden_size"": 100, ""learning_rate"": 0.0005, ""loss_type"": ""CE"", ""model"": ""GRU4Rec"", ""num_layers"": 1, ""train_batch_size"": 2048, ""train_neg_sample_args"": null}",2026-05-28T06:38:39,,,,,100.0,0.0005,0.1,1.0,CE,
GRU4Rec,globo_recbole_sample,cuda,10,2048,2048,9.67,0.25,0.0,,,0.0337,0.0641,0.0222,0.0319,0.0185,0.0224,"globo_recbole_sample::GRU4Rec::{""dropout_prob"": 0.2, ""epochs"": 10, ""eval_batch_size"": 2048, ""hidden_size"": 100, ""learning_rate"": 0.0005, ""loss_type"": ""CE"", ""model"": ""GRU4Rec"", ""num_layers"": 1, ""train_batch_size"": 2048, ""train_neg_sample_args"": null}",success,,15.33,"{""dropout_prob"": 0.2, ""epochs"": 10, ""eval_batch_size"": 2048, ""hidden_size"": 100, ""learning_rate"": 0.0005, ""loss_type"": ""CE"", ""model"": ""GRU4Rec"", ""num_layers"": 1, ""train_batch_size"": 2048, ""train_neg_sample_args"": null}",2026-05-28T06:38:55,,,,,100.0,0.0005,0.2,1.0,CE,
GRU4Rec,globo_recbole_sample,cuda,20,2048,2048,19.36,0.25,0.0,,,0.2064,0.3119,0.131,0.165,0.1063,0.1202,"globo_recbole_sample::GRU4Rec::{""dropout_prob"": 0.2, ""epochs"": 20, ""eval_batch_size"": 2048, ""hidden_size"": 100, ""learning_rate"": 0.0005, ""loss_type"": ""CE"", ""model"": ""GRU4Rec"", ""num_layers"": 1, ""train_batch_size"": 2048, ""train_neg_sample_args"": null}",success,,25.36,"{""dropout_prob"": 0.2, ""epochs"": 20, ""eval_batch_size"": 2048, ""hidden_size"": 100, ""learning_rate"": 0.0005, ""loss_type"": ""CE"", ""model"": ""GRU4Rec"", ""num_layers"": 1, ""train_batch_size"": 2048, ""train_neg_sample_args"": null}",2026-05-28T06:39:20,,,,,100.0,0.0005,0.2,1.0,CE,
GRU4Rec,globo_recbole_sample,cuda,10,2048,2048,9.83,0.25,0.0,,,0.0335,0.0567,0.0221,0.0295,0.0183,0.0214,"globo_recbole_sample::GRU4Rec::{""dropout_prob"": 0.1, ""epochs"": 10, ""eval_batch_size"": 2048, ""hidden_size"": 100, ""learning_rate"": 0.0001, ""loss_type"": ""CE"", ""model"": ""GRU4Rec"", ""num_layers"": 1, ""train_batch_size"": 2048, ""train_neg_sample_args"": null}",success,,15.61,"{""dropout_prob"": 0.1, ""epochs"": 10, ""eval_batch_size"": 2048, ""hidden_size"": 100, ""learning_rate"": 0.0001, ""loss_type"": ""CE"", ""model"": ""GRU4Rec"", ""num_layers"": 1, ""train_batch_size"": 2048, ""train_neg_sample_args"": null}",2026-05-28T06:39:36,,,,,100.0,0.0001,0.1,1.0,CE,
GRU4Rec,globo_recbole_sample,cuda,20,2048,2048,19.48,0.25,0.0,,,0.0338,0.0622,0.0223,0.0313,0.0185,0.0221,"globo_recbole_sample::GRU4Rec::{""dropout_prob"": 0.1, ""epochs"": 20, ""eval_batch_size"": 2048, ""hidden_size"": 100, ""learning_rate"": 0.0001, ""loss_type"": ""CE"", ""model"": ""GRU4Rec"", ""num_layers"": 1, ""train_batch_size"": 2048, ""train_neg_sample_args"": null}",success,,25.34,"{""dropout_prob"": 0.1, ""epochs"": 20, ""eval_batch_size"": 2048, ""hidden_size"": 100, ""learning_rate"": 0.0001, ""loss_type"": ""CE"", ""model"": ""GRU4Rec"", ""num_layers"": 1, ""train_batch_size"": 2048, ""train_neg_sample_args"": null}",2026-05-28T06:40:01,,,,,100.0,0.0001,0.1,1.0,CE,
GRU4Rec,globo_recbole_sample,cuda,10,2048,2048,9.74,0.25,0.0,,,0.0335,0.0567,0.0221,0.0295,0.0184,0.0214,"globo_recbole_sample::GRU4Rec::{""dropout_prob"": 0.2, ""epochs"": 10, ""eval_batch_size"": 2048, ""hidden_size"": 100, ""learning_rate"": 0.0001, ""loss_type"": ""CE"", ""model"": ""GRU4Rec"", ""num_layers"": 1, ""train_batch_size"": 2048, ""train_neg_sample_args"": null}",success,,15.58,"{""dropout_prob"": 0.2, ""epochs"": 10, ""eval_batch_size"": 2048, ""hidden_size"": 100, ""learning_rate"": 0.0001, ""loss_type"": ""CE"", ""model"": ""GRU4Rec"", ""num_layers"": 1, ""train_batch_size"": 2048, ""train_neg_sample_args"": null}",2026-05-28T06:40:17,,,,,100.0,0.0001,0.2,1.0,CE,
GRU4Rec,globo_recbole_sample,cuda,20,2048,2048,19.65,0.25,0.0,,,0.0327,0.0614,0.0218,0.031,0.0183,0.022,"globo_recbole_sample::GRU4Rec::{""dropout_prob"": 0.2, ""epochs"": 20, ""eval_batch_size"": 2048, ""hidden_size"": 100, ""learning_rate"": 0.0001, ""loss_type"": ""CE"", ""model"": ""GRU4Rec"", ""num_layers"": 1, ""train_batch_size"": 2048, ""train_neg_sample_args"": null}",success,,25.82,"{""dropout_prob"": 0.2, ""epochs"": 20, ""eval_batch_size"": 2048, ""hidden_size"": 100, ""learning_rate"": 0.0001, ""loss_type"": ""CE"", ""model"": ""GRU4Rec"", ""num_layers"": 1, ""train_batch_size"": 2048, ""train_neg_sample_args"": null}",2026-05-28T06:40:42,,,,,100.0,0.0001,0.2,1.0,CE,
GRU4Rec,globo_recbole_sample,cuda,10,2048,2048,9.83,0.25,0.0,,,0.2109,0.3222,0.1342,0.17,0.1091,0.1237,"globo_recbole_sample::GRU4Rec::{""dropout_prob"": 0.1, ""epochs"": 10, ""eval_batch_size"": 2048, ""hidden_size"": 128, ""learning_rate"": 0.001, ""loss_type"": ""CE"", ""model"": ""GRU4Rec"", ""num_layers"": 1, ""train_batch_size"": 2048, ""train_neg_sample_args"": null}",success,,15.7,"{""dropout_prob"": 0.1, ""epochs"": 10, ""eval_batch_size"": 2048, ""hidden_size"": 128, ""learning_rate"": 0.001, ""loss_type"": ""CE"", ""model"": ""GRU4Rec"", ""num_layers"": 1, ""train_batch_size"": 2048, ""train_neg_sample_args"": null}",2026-05-28T06:40:58,,,,,128.0,0.001,0.1,1.0,CE,
GRU4Rec,globo_recbole_sample,cuda,20,2048,2048,19.62,0.26,0.0,,,0.2411,0.3611,0.1582,0.1969,0.1311,0.1469,"globo_recbole_sample::GRU4Rec::{""dropout_prob"": 0.1, ""epochs"": 20, ""eval_batch_size"": 2048, ""hidden_size"": 128, ""learning_rate"": 0.001, ""loss_type"": ""CE"", ""model"": ""GRU4Rec"", ""num_layers"": 1, ""train_batch_size"": 2048, ""train_neg_sample_args"": null}",success,,25.47,"{""dropout_prob"": 0.1, ""epochs"": 20, ""eval_batch_size"": 2048, ""hidden_size"": 128, ""learning_rate"": 0.001, ""loss_type"": ""CE"", ""model"": ""GRU4Rec"", ""num_layers"": 1, ""train_batch_size"": 2048, ""train_neg_sample_args"": null}",2026-05-28T06:41:24,,,,,128.0,0.001,0.1,1.0,CE,
GRU4Rec,globo_recbole_sample,cuda,20,2048,2048,19.7,0.26,0.0,,,0.241,0.3621,0.1592,0.1982,0.1324,0.1484,"globo_recbole_sample::GRU4Rec::{""dropout_prob"": 0.2, ""epochs"": 20, ""eval_batch_size"": 2048, ""hidden_size"": 128, ""learning_rate"": 0.001, ""loss_type"": ""CE"", ""model"": ""GRU4Rec"", ""num_layers"": 1, ""train_batch_size"": 2048, ""train_neg_sample_args"": null}",success,,25.58,"{""dropout_prob"": 0.2, ""epochs"": 20, ""eval_batch_size"": 2048, ""hidden_size"": 128, ""learning_rate"": 0.001, ""loss_type"": ""CE"", ""model"": ""GRU4Rec"", ""num_layers"": 1, ""train_batch_size"": 2048, ""train_neg_sample_args"": null}",2026-05-28T06:41:49,,,,,128.0,0.001,0.2,1.0,CE,
GRU4Rec,globo_recbole_sample,cuda,10,2048,2048,9.84,0.26,0.0,,,0.0331,0.0635,0.0219,0.0314,0.0182,0.022,"globo_recbole_sample::GRU4Rec::{""dropout_prob"": 0.1, ""epochs"": 10, ""eval_batch_size"": 2048, ""hidden_size"": 128, ""learning_rate"": 0.0005, ""loss_type"": ""CE"", ""model"": ""GRU4Rec"", ""num_layers"": 1, ""train_batch_size"": 2048, ""train_neg_sample_args"": null}",success,,15.75,"{""dropout_prob"": 0.1, ""epochs"": 10, ""eval_batch_size"": 2048, ""hidden_size"": 128, ""learning_rate"": 0.0005, ""loss_type"": ""CE"", ""model"": ""GRU4Rec"", ""num_layers"": 1, ""train_batch_size"": 2048, ""train_neg_sample_args"": null}",2026-05-28T06:42:05,,,,,128.0,0.0005,0.1,1.0,CE,
GRU4Rec,globo_recbole_sample,cuda,20,2048,2048,19.58,0.25,0.0,,,0.2164,0.3248,0.1365,0.1714,0.1103,0.1246,"globo_recbole_sample::GRU4Rec::{""dropout_prob"": 0.1, ""epochs"": 20, ""eval_batch_size"": 2048, ""hidden_size"": 128, ""learning_rate"": 0.0005, ""loss_type"": ""CE"", ""model"": ""GRU4Rec"", ""num_layers"": 1, ""train_batch_size"": 2048, ""train_neg_sample_args"": null}",success,,25.43,"{""dropout_prob"": 0.1, ""epochs"": 20, ""eval_batch_size"": 2048, ""hidden_size"": 128, ""learning_rate"": 0.0005, ""loss_type"": ""CE"", ""model"": ""GRU4Rec"", ""num_layers"": 1, ""train_batch_size"": 2048, ""train_neg_sample_args"": null}",2026-05-28T06:42:30,,,,,128.0,0.0005,0.1,1.0,CE,
GRU4Rec,globo_recbole_sample,cuda,20,2048,2048,19.54,0.25,0.0,,,0.1906,0.2877,0.1213,0.1525,0.0987,0.1114,"globo_recbole_sample::GRU4Rec::{""dropout_prob"": 0.2, ""epochs"": 20, ""eval_batch_size"": 2048, ""hidden_size"": 128, ""learning_rate"": 0.0005, ""loss_type"": ""CE"", ""model"": ""GRU4Rec"", ""num_layers"": 1, ""train_batch_size"": 2048, ""train_neg_sample_args"": null}",success,,25.39,"{""dropout_prob"": 0.2, ""epochs"": 20, ""eval_batch_size"": 2048, ""hidden_size"": 128, ""learning_rate"": 0.0005, ""loss_type"": ""CE"", ""model"": ""GRU4Rec"", ""num_layers"": 1, ""train_batch_size"": 2048, ""train_neg_sample_args"": null}",2026-05-28T06:42:56,,,,,128.0,0.0005,0.2,1.0,CE,
GRU4Rec,globo_recbole_sample,cuda,10,2048,2048,9.74,0.25,0.0,,,0.0327,0.0619,0.0218,0.0311,0.0183,0.022,"globo_recbole_sample::GRU4Rec::{""dropout_prob"": 0.1, ""epochs"": 10, ""eval_batch_size"": 2048, ""hidden_size"": 128, ""learning_rate"": 0.0001, ""loss_type"": ""CE"", ""model"": ""GRU4Rec"", ""num_layers"": 1, ""train_batch_size"": 2048, ""train_neg_sample_args"": null}",success,,15.76,"{""dropout_prob"": 0.1, ""epochs"": 10, ""eval_batch_size"": 2048, ""hidden_size"": 128, ""learning_rate"": 0.0001, ""loss_type"": ""CE"", ""model"": ""GRU4Rec"", ""num_layers"": 1, ""train_batch_size"": 2048, ""train_neg_sample_args"": null}",2026-05-28T06:43:12,,,,,128.0,0.0001,0.1,1.0,CE,
GRU4Rec,globo_recbole_sample,cuda,20,2048,2048,19.53,0.25,0.0,,,0.0331,0.0626,0.022,0.0314,0.0184,0.0222,"globo_recbole_sample::GRU4Rec::{""dropout_prob"": 0.1, ""epochs"": 20, ""eval_batch_size"": 2048, ""hidden_size"": 128, ""learning_rate"": 0.0001, ""loss_type"": ""CE"", ""model"": ""GRU4Rec"", ""num_layers"": 1, ""train_batch_size"": 2048, ""train_neg_sample_args"": null}",success,,25.41,"{""dropout_prob"": 0.1, ""epochs"": 20, ""eval_batch_size"": 2048, ""hidden_size"": 128, ""learning_rate"": 0.0001, ""loss_type"": ""CE"", ""model"": ""GRU4Rec"", ""num_layers"": 1, ""train_batch_size"": 2048, ""train_neg_sample_args"": null}",2026-05-28T06:43:37,,,,,128.0,0.0001,0.1,1.0,CE,
GRU4Rec,globo_recbole_sample,cuda,10,2048,2048,9.77,0.25,0.0,,,0.0335,0.0572,0.0221,0.0296,0.0184,0.0214,"globo_recbole_sample::GRU4Rec::{""dropout_prob"": 0.2, ""epochs"": 10, ""eval_batch_size"": 2048, ""hidden_size"": 128, ""learning_rate"": 0.0001, ""loss_type"": ""CE"", ""model"": ""GRU4Rec"", ""num_layers"": 1, ""train_batch_size"": 2048, ""train_neg_sample_args"": null}",success,,15.45,"{""dropout_prob"": 0.2, ""epochs"": 10, ""eval_batch_size"": 2048, ""hidden_size"": 128, ""learning_rate"": 0.0001, ""loss_type"": ""CE"", ""model"": ""GRU4Rec"", ""num_layers"": 1, ""train_batch_size"": 2048, ""train_neg_sample_args"": null}",2026-05-28T06:43:53,,,,,128.0,0.0001,0.2,1.0,CE,
GRU4Rec,globo_recbole_sample,cuda,20,2048,2048,19.54,0.26,0.0,,,0.0325,0.0612,0.0218,0.031,0.0184,0.0221,"globo_recbole_sample::GRU4Rec::{""dropout_prob"": 0.2, ""epochs"": 20, ""eval_batch_size"": 2048, ""hidden_size"": 128, ""learning_rate"": 0.0001, ""loss_type"": ""CE"", ""model"": ""GRU4Rec"", ""num_layers"": 1, ""train_batch_size"": 2048, ""train_neg_sample_args"": null}",success,,25.19,"{""dropout_prob"": 0.2, ""epochs"": 20, ""eval_batch_size"": 2048, ""hidden_size"": 128, ""learning_rate"": 0.0001, ""loss_type"": ""CE"", ""model"": ""GRU4Rec"", ""num_layers"": 1, ""train_batch_size"": 2048, ""train_neg_sample_args"": null}",2026-05-28T06:44:18,,,,,128.0,0.0001,0.2,1.0,CE,
GRU4Rec,globo_recbole_sample,cuda,10,2048,2048,10.68,0.26,0.0,,,0.2078,0.3228,0.1333,0.1704,0.1089,0.1241,"globo_recbole_sample::GRU4Rec::{""dropout_prob"": 0.1, ""epochs"": 10, ""eval_batch_size"": 2048, ""hidden_size"": 256, ""learning_rate"": 0.001, ""loss_type"": ""CE"", ""model"": ""GRU4Rec"", ""num_layers"": 1, ""train_batch_size"": 2048, ""train_neg_sample_args"": null}",success,,16.59,"{""dropout_prob"": 0.1, ""epochs"": 10, ""eval_batch_size"": 2048, ""hidden_size"": 256, ""learning_rate"": 0.001, ""loss_type"": ""CE"", ""model"": ""GRU4Rec"", ""num_layers"": 1, ""train_batch_size"": 2048, ""train_neg_sample_args"": null}",2026-05-28T06:44:35,,,,,256.0,0.001,0.1,1.0,CE,
GRU4Rec,globo_recbole_sample,cuda,20,2048,2048,21.3,0.26,0.0,,,0.2436,0.3614,0.1608,0.1988,0.1337,0.1493,"globo_recbole_sample::GRU4Rec::{""dropout_prob"": 0.1, ""epochs"": 20, ""eval_batch_size"": 2048, ""hidden_size"": 256, ""learning_rate"": 0.001, ""loss_type"": ""CE"", ""model"": ""GRU4Rec"", ""num_layers"": 1, ""train_batch_size"": 2048, ""train_neg_sample_args"": null}",success,,27.36,"{""dropout_prob"": 0.1, ""epochs"": 20, ""eval_batch_size"": 2048, ""hidden_size"": 256, ""learning_rate"": 0.001, ""loss_type"": ""CE"", ""model"": ""GRU4Rec"", ""num_layers"": 1, ""train_batch_size"": 2048, ""train_neg_sample_args"": null}",2026-05-28T06:45:02,,,,,256.0,0.001,0.1,1.0,CE,
GRU4Rec,globo_recbole_sample,cuda,20,2048,2048,21.22,0.27,0.0,,,0.2412,0.3574,0.1587,0.1961,0.1316,0.147,"globo_recbole_sample::GRU4Rec::{""dropout_prob"": 0.2, ""epochs"": 20, ""eval_batch_size"": 2048, ""hidden_size"": 256, ""learning_rate"": 0.001, ""loss_type"": ""CE"", ""model"": ""GRU4Rec"", ""num_layers"": 1, ""train_batch_size"": 2048, ""train_neg_sample_args"": null}",success,,27.01,"{""dropout_prob"": 0.2, ""epochs"": 20, ""eval_batch_size"": 2048, ""hidden_size"": 256, ""learning_rate"": 0.001, ""loss_type"": ""CE"", ""model"": ""GRU4Rec"", ""num_layers"": 1, ""train_batch_size"": 2048, ""train_neg_sample_args"": null}",2026-05-28T06:45:29,,,,,256.0,0.001,0.2,1.0,CE,
GRU4Rec,globo_recbole_sample,cuda,10,2048,2048,10.62,0.26,0.0,,,0.033,0.0632,0.0219,0.0315,0.0183,0.0222,"globo_recbole_sample::GRU4Rec::{""dropout_prob"": 0.1, ""epochs"": 10, ""eval_batch_size"": 2048, ""hidden_size"": 256, ""learning_rate"": 0.0005, ""loss_type"": ""CE"", ""model"": ""GRU4Rec"", ""num_layers"": 1, ""train_batch_size"": 2048, ""train_neg_sample_args"": null}",success,,16.66,"{""dropout_prob"": 0.1, ""epochs"": 10, ""eval_batch_size"": 2048, ""hidden_size"": 256, ""learning_rate"": 0.0005, ""loss_type"": ""CE"", ""model"": ""GRU4Rec"", ""num_layers"": 1, ""train_batch_size"": 2048, ""train_neg_sample_args"": null}",2026-05-28T06:45:46,,,,,256.0,0.0005,0.1,1.0,CE,
GRU4Rec,globo_recbole_sample,cuda,20,2048,2048,21.34,0.28,0.0,,,0.2112,0.3226,0.1325,0.1683,0.1067,0.1214,"globo_recbole_sample::GRU4Rec::{""dropout_prob"": 0.1, ""epochs"": 20, ""eval_batch_size"": 2048, ""hidden_size"": 256, ""learning_rate"": 0.0005, ""loss_type"": ""CE"", ""model"": ""GRU4Rec"", ""num_layers"": 1, ""train_batch_size"": 2048, ""train_neg_sample_args"": null}",success,,27.27,"{""dropout_prob"": 0.1, ""epochs"": 20, ""eval_batch_size"": 2048, ""hidden_size"": 256, ""learning_rate"": 0.0005, ""loss_type"": ""CE"", ""model"": ""GRU4Rec"", ""num_layers"": 1, ""train_batch_size"": 2048, ""train_neg_sample_args"": null}",2026-05-28T06:46:13,,,,,256.0,0.0005,0.1,1.0,CE,
GRU4Rec,globo_recbole_sample,cuda,20,2048,2048,21.37,0.27,0.0,,,0.1609,0.252,0.1008,0.1302,0.0812,0.0932,"globo_recbole_sample::GRU4Rec::{""dropout_prob"": 0.2, ""epochs"": 20, ""eval_batch_size"": 2048, ""hidden_size"": 256, ""learning_rate"": 0.0005, ""loss_type"": ""CE"", ""model"": ""GRU4Rec"", ""num_layers"": 1, ""train_batch_size"": 2048, ""train_neg_sample_args"": null}",success,,27.23,"{""dropout_prob"": 0.2, ""epochs"": 20, ""eval_batch_size"": 2048, ""hidden_size"": 256, ""learning_rate"": 0.0005, ""loss_type"": ""CE"", ""model"": ""GRU4Rec"", ""num_layers"": 1, ""train_batch_size"": 2048, ""train_neg_sample_args"": null}",2026-05-28T06:46:40,,,,,256.0,0.0005,0.2,1.0,CE,
GRU4Rec,globo_recbole_sample,cuda,10,2048,2048,10.78,0.25,0.0,,,0.0335,0.0583,0.0221,0.03,0.0184,0.0216,"globo_recbole_sample::GRU4Rec::{""dropout_prob"": 0.1, ""epochs"": 10, ""eval_batch_size"": 2048, ""hidden_size"": 256, ""learning_rate"": 0.0001, ""loss_type"": ""CE"", ""model"": ""GRU4Rec"", ""num_layers"": 1, ""train_batch_size"": 2048, ""train_neg_sample_args"": null}",success,,16.83,"{""dropout_prob"": 0.1, ""epochs"": 10, ""eval_batch_size"": 2048, ""hidden_size"": 256, ""learning_rate"": 0.0001, ""loss_type"": ""CE"", ""model"": ""GRU4Rec"", ""num_layers"": 1, ""train_batch_size"": 2048, ""train_neg_sample_args"": null}",2026-05-28T06:46:57,,,,,256.0,0.0001,0.1,1.0,CE,
GRU4Rec,globo_recbole_sample,cuda,20,2048,2048,21.6,0.26,0.0,,,0.033,0.0605,0.0217,0.0305,0.0181,0.0216,"globo_recbole_sample::GRU4Rec::{""dropout_prob"": 0.1, ""epochs"": 20, ""eval_batch_size"": 2048, ""hidden_size"": 256, ""learning_rate"": 0.0001, ""loss_type"": ""CE"", ""model"": ""GRU4Rec"", ""num_layers"": 1, ""train_batch_size"": 2048, ""train_neg_sample_args"": null}",success,,27.5,"{""dropout_prob"": 0.1, ""epochs"": 20, ""eval_batch_size"": 2048, ""hidden_size"": 256, ""learning_rate"": 0.0001, ""loss_type"": ""CE"", ""model"": ""GRU4Rec"", ""num_layers"": 1, ""train_batch_size"": 2048, ""train_neg_sample_args"": null}",2026-05-28T06:47:25,,,,,256.0,0.0001,0.1,1.0,CE,
GRU4Rec,globo_recbole_sample,cuda,10,2048,2048,10.82,0.26,0.0,,,0.0335,0.0584,0.0222,0.0301,0.0185,0.0217,"globo_recbole_sample::GRU4Rec::{""dropout_prob"": 0.2, ""epochs"": 10, ""eval_batch_size"": 2048, ""hidden_size"": 256, ""learning_rate"": 0.0001, ""loss_type"": ""CE"", ""model"": ""GRU4Rec"", ""num_layers"": 1, ""train_batch_size"": 2048, ""train_neg_sample_args"": null}",success,,16.66,"{""dropout_prob"": 0.2, ""epochs"": 10, ""eval_batch_size"": 2048, ""hidden_size"": 256, ""learning_rate"": 0.0001, ""loss_type"": ""CE"", ""model"": ""GRU4Rec"", ""num_layers"": 1, ""train_batch_size"": 2048, ""train_neg_sample_args"": null}",2026-05-28T06:47:41,,,,,256.0,0.0001,0.2,1.0,CE,
GRU4Rec,globo_recbole_sample,cuda,20,2048,2048,21.49,0.27,0.0,,,0.0308,0.0577,0.0208,0.0294,0.0176,0.0211,"globo_recbole_sample::GRU4Rec::{""dropout_prob"": 0.2, ""epochs"": 20, ""eval_batch_size"": 2048, ""hidden_size"": 256, ""learning_rate"": 0.0001, ""loss_type"": ""CE"", ""model"": ""GRU4Rec"", ""num_layers"": 1, ""train_batch_size"": 2048, ""train_neg_sample_args"": null}",success,,27.56,"{""dropout_prob"": 0.2, ""epochs"": 20, ""eval_batch_size"": 2048, ""hidden_size"": 256, ""learning_rate"": 0.0001, ""loss_type"": ""CE"", ""model"": ""GRU4Rec"", ""num_layers"": 1, ""train_batch_size"": 2048, ""train_neg_sample_args"": null}",2026-05-28T06:48:09,,,,,256.0,0.0001,0.2,1.0,CE,
VS-KNN,adressa_recbole_sample,cuda,1,2048,1024,269.44,369.99,0.0,100.0,250.0,0.2061,0.339,0.1287,0.1713,0.1034,0.1208,"adressa_recbole_sample::VS-KNN::{""vsknn_k"": 100, ""vsknn_sample_size"": 250}",success,,646.46,"{""vsknn_k"": 100, ""vsknn_sample_size"": 250}",2026-05-28T06:58:55,,,,,,,,,,
VS-KNN,adressa_recbole_sample,cuda,1,2048,1024,274.7,377.95,0.0,100.0,500.0,0.2112,0.3428,0.1313,0.1735,0.1053,0.1225,"adressa_recbole_sample::VS-KNN::{""vsknn_k"": 100, ""vsknn_sample_size"": 500}",success,,659.7,"{""vsknn_k"": 100, ""vsknn_sample_size"": 500}",2026-05-28T07:09:55,,,,,,,,,,
VS-KNN,adressa_recbole_sample,cuda,1,2048,1024,296.7,414.29,0.0,200.0,100.0,0.1945,0.3172,0.1234,0.1627,0.1002,0.1162,"adressa_recbole_sample::VS-KNN::{""vsknn_k"": 200, ""vsknn_sample_size"": 100}",success,,718.44,"{""vsknn_k"": 200, ""vsknn_sample_size"": 100}",2026-05-28T07:21:53,,,,,,,,,,
VS-KNN,adressa_recbole_sample,cuda,1,2048,1024,374.78,524.68,0.0,200.0,250.0,0.1989,0.3253,0.1251,0.1655,0.101,0.1174,"adressa_recbole_sample::VS-KNN::{""vsknn_k"": 200, ""vsknn_sample_size"": 250}",success,,906.52,"{""vsknn_k"": 200, ""vsknn_sample_size"": 250}",2026-05-28T07:37:00,,,,,,,,,,
VS-KNN,adressa_recbole_sample,cuda,1,2048,1024,349.34,484.49,0.0,200.0,500.0,0.2073,0.346,0.1294,0.1739,0.104,0.1222,"adressa_recbole_sample::VS-KNN::{""vsknn_k"": 200, ""vsknn_sample_size"": 500}",success,,840.85,"{""vsknn_k"": 200, ""vsknn_sample_size"": 500}",2026-05-28T07:51:01,,,,,,,,,,
VS-KNN,adressa_recbole_sample,cuda,1,2048,1024,295.77,412.11,0.0,500.0,100.0,0.1945,0.3172,0.1234,0.1627,0.1002,0.1162,"adressa_recbole_sample::VS-KNN::{""vsknn_k"": 500, ""vsknn_sample_size"": 100}",success,,714.8,"{""vsknn_k"": 500, ""vsknn_sample_size"": 100}",2026-05-28T08:02:56,,,,,,,,,,
VS-KNN,adressa_recbole_sample,cuda,1,2048,1024,477.62,674.14,0.0,500.0,250.0,0.1961,0.3202,0.124,0.1636,0.1005,0.1165,"adressa_recbole_sample::VS-KNN::{""vsknn_k"": 500, ""vsknn_sample_size"": 250}",success,,1158.83,"{""vsknn_k"": 500, ""vsknn_sample_size"": 250}",2026-05-28T08:22:14,,,,,,,,,,
VS-KNN,adressa_recbole_sample,cuda,1,2048,1024,775.01,1101.72,0.0,500.0,500.0,0.1963,0.3213,0.1243,0.1641,0.1007,0.1169,"adressa_recbole_sample::VS-KNN::{""vsknn_k"": 500, ""vsknn_sample_size"": 500}",success,,1883.88,"{""vsknn_k"": 500, ""vsknn_sample_size"": 500}",2026-05-28T08:53:38,,,,,,,,,,
VSTAN,adressa_recbole_sample,cuda,1,2048,1024,302.98,423.52,0.0,,,0.2165,0.3513,0.1374,0.1807,0.1116,0.1293,"adressa_recbole_sample::VSTAN::{""vstan_idf_weighting"": true, ""vstan_k"": 100, ""vstan_position_decay"": 0.05, ""vstan_sample_size"": 100}",success,,733.59,"{""vstan_idf_weighting"": true, ""vstan_k"": 100, ""vstan_position_decay"": 0.05, ""vstan_sample_size"": 100}",2026-05-28T09:05:52,100.0,100.0,0.05,True,,,,,,
VSTAN,adressa_recbole_sample,cuda,1,2048,1024,303.89,423.5,0.0,,,0.2071,0.3366,0.1312,0.1727,0.1065,0.1234,"adressa_recbole_sample::VSTAN::{""vstan_idf_weighting"": false, ""vstan_k"": 100, ""vstan_position_decay"": 0.05, ""vstan_sample_size"": 100}",success,,734.45,"{""vstan_idf_weighting"": false, ""vstan_k"": 100, ""vstan_position_decay"": 0.05, ""vstan_sample_size"": 100}",2026-05-28T09:18:06,100.0,100.0,0.05,False,,,,,,
VSTAN,adressa_recbole_sample,cuda,1,2048,1024,301.9,421.6,0.0,,,0.2164,0.3538,0.1367,0.1807,0.1108,0.1286,"adressa_recbole_sample::VSTAN::{""vstan_idf_weighting"": false, ""vstan_k"": 100, ""vstan_position_decay"": 0.1, ""vstan_sample_size"": 100}",success,,730.46,"{""vstan_idf_weighting"": false, ""vstan_k"": 100, ""vstan_position_decay"": 0.1, ""vstan_sample_size"": 100}",2026-05-28T09:30:17,100.0,100.0,0.1,False,,,,,,
VSTAN,adressa_recbole_sample,cuda,1,2048,1024,302.56,422.33,0.0,,,0.2412,0.3925,0.1541,0.2027,0.1258,0.1457,"adressa_recbole_sample::VSTAN::{""vstan_idf_weighting"": true, ""vstan_k"": 100, ""vstan_position_decay"": 0.2, ""vstan_sample_size"": 100}",success,,732.09,"{""vstan_idf_weighting"": true, ""vstan_k"": 100, ""vstan_position_decay"": 0.2, ""vstan_sample_size"": 100}",2026-05-28T09:42:29,100.0,100.0,0.2,True,,,,,,
VSTAN,adressa_recbole_sample,cuda,1,2048,1024,304.28,424.44,0.0,,,0.2331,0.3802,0.1472,0.1944,0.1192,0.1384,"adressa_recbole_sample::VSTAN::{""vstan_idf_weighting"": false, ""vstan_k"": 100, ""vstan_position_decay"": 0.2, ""vstan_sample_size"": 100}",success,,735.84,"{""vstan_idf_weighting"": false, ""vstan_k"": 100, ""vstan_position_decay"": 0.2, ""vstan_sample_size"": 100}",2026-05-28T09:54:45,100.0,100.0,0.2,False,,,,,,
VSTAN,adressa_recbole_sample,cuda,1,2048,1024,283.78,391.54,0.0,,,0.2259,0.3678,0.145,0.1906,0.1187,0.1373,"adressa_recbole_sample::VSTAN::{""vstan_idf_weighting"": true, ""vstan_k"": 100, ""vstan_position_decay"": 0.05, ""vstan_sample_size"": 250}",success,,682.37,"{""vstan_idf_weighting"": true, ""vstan_k"": 100, ""vstan_position_decay"": 0.05, ""vstan_sample_size"": 250}",2026-05-28T10:06:07,100.0,250.0,0.05,True,,,,,,
VSTAN,adressa_recbole_sample,cuda,1,2048,1024,271.75,374.14,0.0,,,0.2169,0.3576,0.137,0.1822,0.1111,0.1295,"adressa_recbole_sample::VSTAN::{""vstan_idf_weighting"": false, ""vstan_k"": 100, ""vstan_position_decay"": 0.05, ""vstan_sample_size"": 250}",success,,652.84,"{""vstan_idf_weighting"": false, ""vstan_k"": 100, ""vstan_position_decay"": 0.05, ""vstan_sample_size"": 250}",2026-05-28T10:17:00,100.0,250.0,0.05,False,,,,,,
VSTAN,adressa_recbole_sample,cuda,1,2048,1024,284.52,390.41,0.0,,,0.2368,0.3893,0.1524,0.2014,0.125,0.1451,"adressa_recbole_sample::VSTAN::{""vstan_idf_weighting"": true, ""vstan_k"": 100, ""vstan_position_decay"": 0.1, ""vstan_sample_size"": 250}",success,,682.05,"{""vstan_idf_weighting"": true, ""vstan_k"": 100, ""vstan_position_decay"": 0.1, ""vstan_sample_size"": 250}",2026-05-28T10:28:22,100.0,250.0,0.1,True,,,,,,
VSTAN,adressa_recbole_sample,cuda,1,2048,1024,278.39,383.58,0.0,,,0.2262,0.3753,0.1433,0.1912,0.1163,0.1359,"adressa_recbole_sample::VSTAN::{""vstan_idf_weighting"": false, ""vstan_k"": 100, ""vstan_position_decay"": 0.1, ""vstan_sample_size"": 250}",success,,669.22,"{""vstan_idf_weighting"": false, ""vstan_k"": 100, ""vstan_position_decay"": 0.1, ""vstan_sample_size"": 250}",2026-05-28T10:39:31,100.0,250.0,0.1,False,,,,,,
VSTAN,adressa_recbole_sample,cuda,1,2048,1024,279.92,386.33,0.0,,,0.2563,0.4166,0.1635,0.2152,0.1334,0.1547,"adressa_recbole_sample::VSTAN::{""vstan_idf_weighting"": true, ""vstan_k"": 100, ""vstan_position_decay"": 0.2, ""vstan_sample_size"": 250}",success,,673.48,"{""vstan_idf_weighting"": true, ""vstan_k"": 100, ""vstan_position_decay"": 0.2, ""vstan_sample_size"": 250}",2026-05-28T10:50:45,100.0,250.0,0.2,True,,,,,,
VSTAN,adressa_recbole_sample,cuda,1,2048,1024,274.3,378.19,0.0,,,0.2449,0.4063,0.1553,0.2073,0.1262,0.1475,"adressa_recbole_sample::VSTAN::{""vstan_idf_weighting"": false, ""vstan_k"": 100, ""vstan_position_decay"": 0.2, ""vstan_sample_size"": 250}",success,,659.8,"{""vstan_idf_weighting"": false, ""vstan_k"": 100, ""vstan_position_decay"": 0.2, ""vstan_sample_size"": 250}",2026-05-28T11:01:45,100.0,250.0,0.2,False,,,,,,
VSTAN,adressa_recbole_sample,cuda,1,2048,1024,290.41,401.14,0.0,,,0.2306,0.378,0.1484,0.1958,0.1216,0.141,"adressa_recbole_sample::VSTAN::{""vstan_idf_weighting"": true, ""vstan_k"": 100, ""vstan_position_decay"": 0.05, ""vstan_sample_size"": 500}",success,,698.86,"{""vstan_idf_weighting"": true, ""vstan_k"": 100, ""vstan_position_decay"": 0.05, ""vstan_sample_size"": 500}",2026-05-28T11:13:23,100.0,500.0,0.05,True,,,,,,
VSTAN,adressa_recbole_sample,cuda,1,2048,1024,285.23,392.93,0.0,,,0.2249,0.3693,0.1437,0.19,0.1172,0.1362,"adressa_recbole_sample::VSTAN::{""vstan_idf_weighting"": false, ""vstan_k"": 100, ""vstan_position_decay"": 0.05, ""vstan_sample_size"": 500}",success,,685.26,"{""vstan_idf_weighting"": false, ""vstan_k"": 100, ""vstan_position_decay"": 0.05, ""vstan_sample_size"": 500}",2026-05-28T11:24:49,100.0,500.0,0.05,False,,,,,,
VSTAN,adressa_recbole_sample,cuda,1,2048,1024,290.05,399.77,0.0,,,0.2428,0.3988,0.1567,0.2069,0.1287,0.1492,"adressa_recbole_sample::VSTAN::{""vstan_idf_weighting"": true, ""vstan_k"": 100, ""vstan_position_decay"": 0.1, ""vstan_sample_size"": 500}",success,,697.06,"{""vstan_idf_weighting"": true, ""vstan_k"": 100, ""vstan_position_decay"": 0.1, ""vstan_sample_size"": 500}",2026-05-28T11:36:26,100.0,500.0,0.1,True,,,,,,
VSTAN,adressa_recbole_sample,cuda,1,2048,1024,282.26,388.93,0.0,,,0.235,0.3862,0.15,0.1985,0.1223,0.1422,"adressa_recbole_sample::VSTAN::{""vstan_idf_weighting"": false, ""vstan_k"": 100, ""vstan_position_decay"": 0.1, ""vstan_sample_size"": 500}",success,,678.37,"{""vstan_idf_weighting"": false, ""vstan_k"": 100, ""vstan_position_decay"": 0.1, ""vstan_sample_size"": 500}",2026-05-28T11:47:44,100.0,500.0,0.1,False,,,,,,
VSTAN,adressa_recbole_sample,cuda,1,2048,1024,290.62,400.47,0.0,,,0.265,0.4308,0.1694,0.2229,0.1384,0.1604,"adressa_recbole_sample::VSTAN::{""vstan_idf_weighting"": true, ""vstan_k"": 100, ""vstan_position_decay"": 0.2, ""vstan_sample_size"": 500}",success,,698.26,"{""vstan_idf_weighting"": true, ""vstan_k"": 100, ""vstan_position_decay"": 0.2, ""vstan_sample_size"": 500}",2026-05-28T11:59:22,100.0,500.0,0.2,True,,,,,,
VSTAN,adressa_recbole_sample,cuda,1,2048,1024,281.67,388.5,0.0,,,0.2551,0.4184,0.1619,0.2145,0.1316,0.1532,"adressa_recbole_sample::VSTAN::{""vstan_idf_weighting"": false, ""vstan_k"": 100, ""vstan_position_decay"": 0.2, ""vstan_sample_size"": 500}",success,,677.22,"{""vstan_idf_weighting"": false, ""vstan_k"": 100, ""vstan_position_decay"": 0.2, ""vstan_sample_size"": 500}",2026-05-28T12:10:40,100.0,500.0,0.2,False,,,,,,
VSTAN,adressa_recbole_sample,cuda,1,2048,1024,304.61,425.92,0.0,,,0.2165,0.3513,0.1374,0.1807,0.1116,0.1293,"adressa_recbole_sample::VSTAN::{""vstan_idf_weighting"": true, ""vstan_k"": 200, ""vstan_position_decay"": 0.05, ""vstan_sample_size"": 100}",success,,737.81,"{""vstan_idf_weighting"": true, ""vstan_k"": 200, ""vstan_position_decay"": 0.05, ""vstan_sample_size"": 100}",2026-05-28T12:22:58,200.0,100.0,0.05,True,,,,,,
VSTAN,adressa_recbole_sample,cuda,1,2048,1024,299.51,418.55,0.0,,,0.2071,0.3366,0.1312,0.1727,0.1065,0.1234,"adressa_recbole_sample::VSTAN::{""vstan_idf_weighting"": false, ""vstan_k"": 200, ""vstan_position_decay"": 0.05, ""vstan_sample_size"": 100}",success,,725.38,"{""vstan_idf_weighting"": false, ""vstan_k"": 200, ""vstan_position_decay"": 0.05, ""vstan_sample_size"": 100}",2026-05-28T12:35:03,200.0,100.0,0.05,False,,,,,,
VSTAN,adressa_recbole_sample,cuda,1,2048,1024,301.53,421.45,0.0,,,0.2259,0.3693,0.144,0.1902,0.1174,0.1363,"adressa_recbole_sample::VSTAN::{""vstan_idf_weighting"": true, ""vstan_k"": 200, ""vstan_position_decay"": 0.1, ""vstan_sample_size"": 100}",success,,730.32,"{""vstan_idf_weighting"": true, ""vstan_k"": 200, ""vstan_position_decay"": 0.1, ""vstan_sample_size"": 100}",2026-05-28T12:47:13,200.0,100.0,0.1,True,,,,,,
VSTAN,adressa_recbole_sample,cuda,1,2048,1024,306.13,426.99,0.0,,,0.2164,0.3538,0.1367,0.1807,0.1108,0.1286,"adressa_recbole_sample::VSTAN::{""vstan_idf_weighting"": false, ""vstan_k"": 200, ""vstan_position_decay"": 0.1, ""vstan_sample_size"": 100}",success,,740.12,"{""vstan_idf_weighting"": false, ""vstan_k"": 200, ""vstan_position_decay"": 0.1, ""vstan_sample_size"": 100}",2026-05-28T12:59:33,200.0,100.0,0.1,False,,,,,,
VSTAN,adressa_recbole_sample,cuda,1,2048,1024,302.21,422.05,0.0,,,0.2412,0.3925,0.1541,0.2027,0.1258,0.1457,"adressa_recbole_sample::VSTAN::{""vstan_idf_weighting"": true, ""vstan_k"": 200, ""vstan_position_decay"": 0.2, ""vstan_sample_size"": 100}",success,,731.4,"{""vstan_idf_weighting"": true, ""vstan_k"": 200, ""vstan_position_decay"": 0.2, ""vstan_sample_size"": 100}",2026-05-28T13:11:45,200.0,100.0,0.2,True,,,,,,
VSTAN,adressa_recbole_sample,cuda,1,2048,1024,300.37,419.83,0.0,,,0.2331,0.3802,0.1472,0.1944,0.1192,0.1384,"adressa_recbole_sample::VSTAN::{""vstan_idf_weighting"": false, ""vstan_k"": 200, ""vstan_position_decay"": 0.2, ""vstan_sample_size"": 100}",success,,727.55,"{""vstan_idf_weighting"": false, ""vstan_k"": 200, ""vstan_position_decay"": 0.2, ""vstan_sample_size"": 100}",2026-05-28T13:23:52,200.0,100.0,0.2,False,,,,,,
VSTAN,adressa_recbole_sample,cuda,1,2048,1024,390.64,546.55,0.0,,,0.2214,0.3645,0.1408,0.1868,0.1146,0.1334,"adressa_recbole_sample::VSTAN::{""vstan_idf_weighting"": true, ""vstan_k"": 200, ""vstan_position_decay"": 0.05, ""vstan_sample_size"": 250}",success,,944.37,"{""vstan_idf_weighting"": true, ""vstan_k"": 200, ""vstan_position_decay"": 0.05, ""vstan_sample_size"": 250}",2026-05-28T13:39:37,200.0,250.0,0.05,True,,,,,,
VSTAN,adressa_recbole_sample,cuda,1,2048,1024,391.54,547.37,0.0,,,0.2101,0.3433,0.1324,0.175,0.107,0.1244,"adressa_recbole_sample::VSTAN::{""vstan_idf_weighting"": false, ""vstan_k"": 200, ""vstan_position_decay"": 0.05, ""vstan_sample_size"": 250}",success,,946.06,"{""vstan_idf_weighting"": false, ""vstan_k"": 200, ""vstan_position_decay"": 0.05, ""vstan_sample_size"": 250}",2026-05-28T13:55:23,200.0,250.0,0.05,False,,,,,,
VSTAN,adressa_recbole_sample,cuda,1,2048,1024,391.56,548.79,0.0,,,0.2303,0.3841,0.1471,0.1965,0.12,0.1402,"adressa_recbole_sample::VSTAN::{""vstan_idf_weighting"": true, ""vstan_k"": 200, ""vstan_position_decay"": 0.1, ""vstan_sample_size"": 250}",success,,947.64,"{""vstan_idf_weighting"": true, ""vstan_k"": 200, ""vstan_position_decay"": 0.1, ""vstan_sample_size"": 250}",2026-05-28T14:11:10,200.0,250.0,0.1,True,,,,,,
VSTAN,adressa_recbole_sample,cuda,1,2048,1024,387.89,543.84,0.0,,,0.2192,0.3607,0.1385,0.1838,0.1122,0.1306,"adressa_recbole_sample::VSTAN::{""vstan_idf_weighting"": false, ""vstan_k"": 200, ""vstan_position_decay"": 0.1, ""vstan_sample_size"": 250}",success,,938.93,"{""vstan_idf_weighting"": false, ""vstan_k"": 200, ""vstan_position_decay"": 0.1, ""vstan_sample_size"": 250}",2026-05-28T14:26:49,200.0,250.0,0.1,False,,,,,,
VSTAN,adressa_recbole_sample,cuda,1,2048,1024,395.0,554.35,0.0,,,0.2461,0.4119,0.1572,0.2106,0.1283,0.1502,"adressa_recbole_sample::VSTAN::{""vstan_idf_weighting"": true, ""vstan_k"": 200, ""vstan_position_decay"": 0.2, ""vstan_sample_size"": 250}",success,,956.51,"{""vstan_idf_weighting"": true, ""vstan_k"": 200, ""vstan_position_decay"": 0.2, ""vstan_sample_size"": 250}",2026-05-28T14:42:46,200.0,250.0,0.2,True,,,,,,
VSTAN,adressa_recbole_sample,cuda,1,2048,1024,391.2,547.55,0.0,,,0.2355,0.3894,0.1485,0.1979,0.1202,0.1403,"adressa_recbole_sample::VSTAN::{""vstan_idf_weighting"": false, ""vstan_k"": 200, ""vstan_position_decay"": 0.2, ""vstan_sample_size"": 250}",success,,945.88,"{""vstan_idf_weighting"": false, ""vstan_k"": 200, ""vstan_position_decay"": 0.2, ""vstan_sample_size"": 250}",2026-05-28T14:58:32,200.0,250.0,0.2,False,,,,,,
VSTAN,adressa_recbole_sample,cuda,1,2048,1024,385.41,540.5,0.0,,,0.2304,0.3826,0.1472,0.196,0.1201,0.1401,"adressa_recbole_sample::VSTAN::{""vstan_idf_weighting"": true, ""vstan_k"": 200, ""vstan_position_decay"": 0.05, ""vstan_sample_size"": 500}",success,,933.07,"{""vstan_idf_weighting"": true, ""vstan_k"": 200, ""vstan_position_decay"": 0.05, ""vstan_sample_size"": 500}",2026-05-28T15:14:05,200.0,500.0,0.05,True,,,,,,
VSTAN,adressa_recbole_sample,cuda,1,2048,1024,369.72,512.89,0.0,,,0.2183,0.3648,0.138,0.185,0.1119,0.131,"adressa_recbole_sample::VSTAN::{""vstan_idf_weighting"": false, ""vstan_k"": 200, ""vstan_position_decay"": 0.05, ""vstan_sample_size"": 500}",success,,889.64,"{""vstan_idf_weighting"": false, ""vstan_k"": 200, ""vstan_position_decay"": 0.05, ""vstan_sample_size"": 500}",2026-05-28T15:28:55,200.0,500.0,0.05,False,,,,,,
VSTAN,adressa_recbole_sample,cuda,1,2048,1024,382.22,530.1,0.0,,,0.24,0.403,0.1543,0.2068,0.1265,0.148,"adressa_recbole_sample::VSTAN::{""vstan_idf_weighting"": true, ""vstan_k"": 200, ""vstan_position_decay"": 0.1, ""vstan_sample_size"": 500}",success,,919.3,"{""vstan_idf_weighting"": true, ""vstan_k"": 200, ""vstan_position_decay"": 0.1, ""vstan_sample_size"": 500}",2026-05-28T15:44:14,200.0,500.0,0.1,True,,,,,,
VSTAN,adressa_recbole_sample,cuda,1,2048,1024,368.34,510.46,0.0,,,0.2285,0.3825,0.1447,0.1942,0.1174,0.1376,"adressa_recbole_sample::VSTAN::{""vstan_idf_weighting"": false, ""vstan_k"": 200, ""vstan_position_decay"": 0.1, ""vstan_sample_size"": 500}",success,,885.93,"{""vstan_idf_weighting"": false, ""vstan_k"": 200, ""vstan_position_decay"": 0.1, ""vstan_sample_size"": 500}",2026-05-28T15:59:00,200.0,500.0,0.1,False,,,,,,
VSTAN,adressa_recbole_sample,cuda,1,2048,1024,388.36,538.09,0.0,,,0.2602,0.4341,0.1655,0.2216,0.1348,0.1579,"adressa_recbole_sample::VSTAN::{""vstan_idf_weighting"": true, ""vstan_k"": 200, ""vstan_position_decay"": 0.2, ""vstan_sample_size"": 500}",success,,933.92,"{""vstan_idf_weighting"": true, ""vstan_k"": 200, ""vstan_position_decay"": 0.2, ""vstan_sample_size"": 500}",2026-05-28T16:14:34,200.0,500.0,0.2,True,,,,,,
VSTAN,adressa_recbole_sample,cuda,1,2048,1024,375.3,519.74,0.0,,,0.2484,0.4129,0.157,0.21,0.1273,0.149,"adressa_recbole_sample::VSTAN::{""vstan_idf_weighting"": false, ""vstan_k"": 200, ""vstan_position_decay"": 0.2, ""vstan_sample_size"": 500}",success,,902.31,"{""vstan_idf_weighting"": false, ""vstan_k"": 200, ""vstan_position_decay"": 0.2, ""vstan_sample_size"": 500}",2026-05-28T16:29:36,200.0,500.0,0.2,False,,,,,,
VSTAN,adressa_recbole_sample,cuda,1,2048,1024,302.83,423.34,0.0,,,0.2165,0.3513,0.1374,0.1807,0.1116,0.1293,"adressa_recbole_sample::VSTAN::{""vstan_idf_weighting"": true, ""vstan_k"": 500, ""vstan_position_decay"": 0.05, ""vstan_sample_size"": 100}",success,,733.59,"{""vstan_idf_weighting"": true, ""vstan_k"": 500, ""vstan_position_decay"": 0.05, ""vstan_sample_size"": 100}",2026-05-28T16:41:50,500.0,100.0,0.05,True,,,,,,
VSTAN,adressa_recbole_sample,cuda,1,2048,1024,305.88,427.04,0.0,,,0.2071,0.3366,0.1312,0.1727,0.1065,0.1234,"adressa_recbole_sample::VSTAN::{""vstan_idf_weighting"": false, ""vstan_k"": 500, ""vstan_position_decay"": 0.05, ""vstan_sample_size"": 100}",success,,740.03,"{""vstan_idf_weighting"": false, ""vstan_k"": 500, ""vstan_position_decay"": 0.05, ""vstan_sample_size"": 100}",2026-05-28T16:54:10,500.0,100.0,0.05,False,,,,,,
VSTAN,adressa_recbole_sample,cuda,1,2048,1024,307.77,430.33,0.0,,,0.2259,0.3693,0.144,0.1902,0.1174,0.1363,"adressa_recbole_sample::VSTAN::{""vstan_idf_weighting"": true, ""vstan_k"": 500, ""vstan_position_decay"": 0.1, ""vstan_sample_size"": 100}",success,,745.1,"{""vstan_idf_weighting"": true, ""vstan_k"": 500, ""vstan_position_decay"": 0.1, ""vstan_sample_size"": 100}",2026-05-28T17:06:35,500.0,100.0,0.1,True,,,,,,
VSTAN,adressa_recbole_sample,cuda,1,2048,1024,305.44,429.17,0.0,,,0.2164,0.3538,0.1367,0.1807,0.1108,0.1286,"adressa_recbole_sample::VSTAN::{""vstan_idf_weighting"": false, ""vstan_k"": 500, ""vstan_position_decay"": 0.1, ""vstan_sample_size"": 100}",success,,741.59,"{""vstan_idf_weighting"": false, ""vstan_k"": 500, ""vstan_position_decay"": 0.1, ""vstan_sample_size"": 100}",2026-05-28T17:18:56,500.0,100.0,0.1,False,,,,,,
VSTAN,adressa_recbole_sample,cuda,1,2048,1024,306.68,428.68,0.0,,,0.2412,0.3925,0.1541,0.2027,0.1258,0.1457,"adressa_recbole_sample::VSTAN::{""vstan_idf_weighting"": true, ""vstan_k"": 500, ""vstan_position_decay"": 0.2, ""vstan_sample_size"": 100}",success,,742.55,"{""vstan_idf_weighting"": true, ""vstan_k"": 500, ""vstan_position_decay"": 0.2, ""vstan_sample_size"": 100}",2026-05-28T17:31:19,500.0,100.0,0.2,True,,,,,,
VSTAN,adressa_recbole_sample,cuda,1,2048,1024,300.65,419.62,0.0,,,0.2331,0.3802,0.1472,0.1944,0.1192,0.1384,"adressa_recbole_sample::VSTAN::{""vstan_idf_weighting"": false, ""vstan_k"": 500, ""vstan_position_decay"": 0.2, ""vstan_sample_size"": 100}",success,,727.69,"{""vstan_idf_weighting"": false, ""vstan_k"": 500, ""vstan_position_decay"": 0.2, ""vstan_sample_size"": 100}",2026-05-28T17:43:27,500.0,100.0,0.2,False,,,,,,
VSTAN,adressa_recbole_sample,cuda,1,2048,1024,501.57,702.56,0.0,,,0.2203,0.3627,0.139,0.1847,0.1125,0.1312,"adressa_recbole_sample::VSTAN::{""vstan_idf_weighting"": true, ""vstan_k"": 500, ""vstan_position_decay"": 0.05, ""vstan_sample_size"": 250}",success,,1211.31,"{""vstan_idf_weighting"": true, ""vstan_k"": 500, ""vstan_position_decay"": 0.05, ""vstan_sample_size"": 250}",2026-05-28T18:03:38,500.0,250.0,0.05,True,,,,,,
VSTAN,adressa_recbole_sample,cuda,1,2048,1024,493.36,697.28,0.0,,,0.2075,0.3402,0.1314,0.1738,0.1066,0.1238,"adressa_recbole_sample::VSTAN::{""vstan_idf_weighting"": false, ""vstan_k"": 500, ""vstan_position_decay"": 0.05, ""vstan_sample_size"": 250}",success,,1197.82,"{""vstan_idf_weighting"": false, ""vstan_k"": 500, ""vstan_position_decay"": 0.05, ""vstan_sample_size"": 250}",2026-05-28T18:23:36,500.0,250.0,0.05,False,,,,,,
VSTAN,adressa_recbole_sample,cuda,1,2048,1024,494.3,698.57,0.0,,,0.2296,0.3811,0.1457,0.1944,0.1184,0.1383,"adressa_recbole_sample::VSTAN::{""vstan_idf_weighting"": true, ""vstan_k"": 500, ""vstan_position_decay"": 0.1, ""vstan_sample_size"": 250}",success,,1200.15,"{""vstan_idf_weighting"": true, ""vstan_k"": 500, ""vstan_position_decay"": 0.1, ""vstan_sample_size"": 250}",2026-05-28T18:43:36,500.0,250.0,0.1,True,,,,,,
VSTAN,adressa_recbole_sample,cuda,1,2048,1024,495.62,700.66,0.0,,,0.2169,0.3584,0.137,0.1822,0.1109,0.1292,"adressa_recbole_sample::VSTAN::{""vstan_idf_weighting"": false, ""vstan_k"": 500, ""vstan_position_decay"": 0.1, ""vstan_sample_size"": 250}",success,,1203.62,"{""vstan_idf_weighting"": false, ""vstan_k"": 500, ""vstan_position_decay"": 0.1, ""vstan_sample_size"": 250}",2026-05-28T19:03:40,500.0,250.0,0.1,False,,,,,,
VSTAN,adressa_recbole_sample,cuda,1,2048,1024,493.62,697.71,0.0,,,0.2459,0.41,0.1564,0.2092,0.1274,0.1491,"adressa_recbole_sample::VSTAN::{""vstan_idf_weighting"": true, ""vstan_k"": 500, ""vstan_position_decay"": 0.2, ""vstan_sample_size"": 250}",success,,1198.62,"{""vstan_idf_weighting"": true, ""vstan_k"": 500, ""vstan_position_decay"": 0.2, ""vstan_sample_size"": 250}",2026-05-28T19:23:38,500.0,250.0,0.2,True,,,,,,
VSTAN,adressa_recbole_sample,cuda,1,2048,1024,490.05,693.12,0.0,,,0.2348,0.3881,0.1475,0.1967,0.1192,0.1391,"adressa_recbole_sample::VSTAN::{""vstan_idf_weighting"": false, ""vstan_k"": 500, ""vstan_position_decay"": 0.2, ""vstan_sample_size"": 250}",success,,1190.18,"{""vstan_idf_weighting"": false, ""vstan_k"": 500, ""vstan_position_decay"": 0.2, ""vstan_sample_size"": 250}",2026-05-28T19:43:28,500.0,250.0,0.2,False,,,,,,
VSTAN,adressa_recbole_sample,cuda,1,2048,1024,813.39,1155.58,0.0,,,0.2209,0.3665,0.1394,0.1862,0.1129,0.132,"adressa_recbole_sample::VSTAN::{""vstan_idf_weighting"": true, ""vstan_k"": 500, ""vstan_position_decay"": 0.05, ""vstan_sample_size"": 500}",success,,1975.98,"{""vstan_idf_weighting"": true, ""vstan_k"": 500, ""vstan_position_decay"": 0.05, ""vstan_sample_size"": 500}",2026-05-28T20:16:24,500.0,500.0,0.05,True,,,,,,
VSTAN,adressa_recbole_sample,cuda,1,2048,1024,805.27,1150.29,0.0,,,0.2078,0.3435,0.1316,0.175,0.1067,0.1243,"adressa_recbole_sample::VSTAN::{""vstan_idf_weighting"": false, ""vstan_k"": 500, ""vstan_position_decay"": 0.05, ""vstan_sample_size"": 500}",success,,1962.64,"{""vstan_idf_weighting"": false, ""vstan_k"": 500, ""vstan_position_decay"": 0.05, ""vstan_sample_size"": 500}",2026-05-28T20:49:07,500.0,500.0,0.05,False,,,,,,
VSTAN,adressa_recbole_sample,cuda,1,2048,1024,824.39,1169.39,0.0,,,0.2308,0.3855,0.1464,0.1961,0.119,0.1393,"adressa_recbole_sample::VSTAN::{""vstan_idf_weighting"": true, ""vstan_k"": 500, ""vstan_position_decay"": 0.1, ""vstan_sample_size"": 500}",success,,2001.1,"{""vstan_idf_weighting"": true, ""vstan_k"": 500, ""vstan_position_decay"": 0.1, ""vstan_sample_size"": 500}",2026-05-28T21:22:28,500.0,500.0,0.1,True,,,,,,
VSTAN,adressa_recbole_sample,cuda,1,2048,1024,809.7,1154.6,0.0,,,0.2175,0.3623,0.1374,0.1837,0.1113,0.13,"adressa_recbole_sample::VSTAN::{""vstan_idf_weighting"": false, ""vstan_k"": 500, ""vstan_position_decay"": 0.1, ""vstan_sample_size"": 500}",success,,1971.61,"{""vstan_idf_weighting"": false, ""vstan_k"": 500, ""vstan_position_decay"": 0.1, ""vstan_sample_size"": 500}",2026-05-28T21:55:20,500.0,500.0,0.1,False,,,,,,
VSTAN,adressa_recbole_sample,cuda,1,2048,1024,823.29,1170.42,0.0,,,0.2463,0.4166,0.1565,0.2114,0.1274,0.1499,"adressa_recbole_sample::VSTAN::{""vstan_idf_weighting"": true, ""vstan_k"": 500, ""vstan_position_decay"": 0.2, ""vstan_sample_size"": 500}",success,,2000.96,"{""vstan_idf_weighting"": true, ""vstan_k"": 500, ""vstan_position_decay"": 0.2, ""vstan_sample_size"": 500}",2026-05-28T22:28:41,500.0,500.0,0.2,True,,,,,,
VSTAN,adressa_recbole_sample,cuda,1,2048,1024,803.95,1145.93,0.0,,,0.2355,0.392,0.148,0.1981,0.1195,0.1399,"adressa_recbole_sample::VSTAN::{""vstan_idf_weighting"": false, ""vstan_k"": 500, ""vstan_position_decay"": 0.2, ""vstan_sample_size"": 500}",success,,1957.2,"{""vstan_idf_weighting"": false, ""vstan_k"": 500, ""vstan_position_decay"": 0.2, ""vstan_sample_size"": 500}",2026-05-28T23:01:18,500.0,500.0,0.2,False,,,,,,
GRU4Rec,adressa_recbole_sample,cuda,10,2048,2048,9.01,0.2,0.0,,,0.3073,0.4735,0.2007,0.2542,0.1657,0.1877,"adressa_recbole_sample::GRU4Rec::{""dropout_prob"": 0.1, ""epochs"": 10, ""eval_batch_size"": 2048, ""hidden_size"": 100, ""learning_rate"": 0.001, ""loss_type"": ""CE"", ""model"": ""GRU4Rec"", ""num_layers"": 1, ""train_batch_size"": 2048, ""train_neg_sample_args"": null}",success,,14.9,"{""dropout_prob"": 0.1, ""epochs"": 10, ""eval_batch_size"": 2048, ""hidden_size"": 100, ""learning_rate"": 0.001, ""loss_type"": ""CE"", ""model"": ""GRU4Rec"", ""num_layers"": 1, ""train_batch_size"": 2048, ""train_neg_sample_args"": null}",2026-05-28T23:01:33,,,,,100.0,0.001,0.1,1.0,CE,
GRU4Rec,adressa_recbole_sample,cuda,20,2048,2048,17.68,0.19,0.0,,,0.3526,0.515,0.2346,0.2869,0.1958,0.2173,"adressa_recbole_sample::GRU4Rec::{""dropout_prob"": 0.1, ""epochs"": 20, ""eval_batch_size"": 2048, ""hidden_size"": 100, ""learning_rate"": 0.001, ""loss_type"": ""CE"", ""model"": ""GRU4Rec"", ""num_layers"": 1, ""train_batch_size"": 2048, ""train_neg_sample_args"": null}",success,,23.56,"{""dropout_prob"": 0.1, ""epochs"": 20, ""eval_batch_size"": 2048, ""hidden_size"": 100, ""learning_rate"": 0.001, ""loss_type"": ""CE"", ""model"": ""GRU4Rec"", ""num_layers"": 1, ""train_batch_size"": 2048, ""train_neg_sample_args"": null}",2026-05-28T23:01:57,,,,,100.0,0.001,0.1,1.0,CE,
GRU4Rec,adressa_recbole_sample,cuda,10,2048,2048,9.0,0.18,0.0,,,0.3058,0.4724,0.1998,0.2534,0.165,0.187,"adressa_recbole_sample::GRU4Rec::{""dropout_prob"": 0.2, ""epochs"": 10, ""eval_batch_size"": 2048, ""hidden_size"": 100, ""learning_rate"": 0.001, ""loss_type"": ""CE"", ""model"": ""GRU4Rec"", ""num_layers"": 1, ""train_batch_size"": 2048, ""train_neg_sample_args"": null}",success,,14.75,"{""dropout_prob"": 0.2, ""epochs"": 10, ""eval_batch_size"": 2048, ""hidden_size"": 100, ""learning_rate"": 0.001, ""loss_type"": ""CE"", ""model"": ""GRU4Rec"", ""num_layers"": 1, ""train_batch_size"": 2048, ""train_neg_sample_args"": null}",2026-05-28T23:02:11,,,,,100.0,0.001,0.2,1.0,CE,
GRU4Rec,adressa_recbole_sample,cuda,20,2048,2048,17.54,0.19,0.0,,,0.3484,0.5129,0.2301,0.2831,0.1912,0.213,"adressa_recbole_sample::GRU4Rec::{""dropout_prob"": 0.2, ""epochs"": 20, ""eval_batch_size"": 2048, ""hidden_size"": 100, ""learning_rate"": 0.001, ""loss_type"": ""CE"", ""model"": ""GRU4Rec"", ""num_layers"": 1, ""train_batch_size"": 2048, ""train_neg_sample_args"": null}",success,,23.22,"{""dropout_prob"": 0.2, ""epochs"": 20, ""eval_batch_size"": 2048, ""hidden_size"": 100, ""learning_rate"": 0.001, ""loss_type"": ""CE"", ""model"": ""GRU4Rec"", ""num_layers"": 1, ""train_batch_size"": 2048, ""train_neg_sample_args"": null}",2026-05-28T23:02:34,,,,,100.0,0.001,0.2,1.0,CE,
GRU4Rec,adressa_recbole_sample,cuda,10,2048,2048,8.86,0.2,0.0,,,0.2745,0.4512,0.1713,0.228,0.1375,0.1606,"adressa_recbole_sample::GRU4Rec::{""dropout_prob"": 0.1, ""epochs"": 10, ""eval_batch_size"": 2048, ""hidden_size"": 100, ""learning_rate"": 0.0005, ""loss_type"": ""CE"", ""model"": ""GRU4Rec"", ""num_layers"": 1, ""train_batch_size"": 2048, ""train_neg_sample_args"": null}",success,,14.83,"{""dropout_prob"": 0.1, ""epochs"": 10, ""eval_batch_size"": 2048, ""hidden_size"": 100, ""learning_rate"": 0.0005, ""loss_type"": ""CE"", ""model"": ""GRU4Rec"", ""num_layers"": 1, ""train_batch_size"": 2048, ""train_neg_sample_args"": null}",2026-05-28T23:02:49,,,,,100.0,0.0005,0.1,1.0,CE,
GRU4Rec,adressa_recbole_sample,cuda,20,2048,2048,17.63,0.19,0.0,,,0.3149,0.4781,0.2037,0.2561,0.1672,0.1886,"adressa_recbole_sample::GRU4Rec::{""dropout_prob"": 0.1, ""epochs"": 20, ""eval_batch_size"": 2048, ""hidden_size"": 100, ""learning_rate"": 0.0005, ""loss_type"": ""CE"", ""model"": ""GRU4Rec"", ""num_layers"": 1, ""train_batch_size"": 2048, ""train_neg_sample_args"": null}",success,,23.49,"{""dropout_prob"": 0.1, ""epochs"": 20, ""eval_batch_size"": 2048, ""hidden_size"": 100, ""learning_rate"": 0.0005, ""loss_type"": ""CE"", ""model"": ""GRU4Rec"", ""num_layers"": 1, ""train_batch_size"": 2048, ""train_neg_sample_args"": null}",2026-05-28T23:03:13,,,,,100.0,0.0005,0.1,1.0,CE,
GRU4Rec,adressa_recbole_sample,cuda,10,2048,2048,8.91,0.19,0.0,,,0.2702,0.4491,0.1692,0.2266,0.1361,0.1595,"adressa_recbole_sample::GRU4Rec::{""dropout_prob"": 0.2, ""epochs"": 10, ""eval_batch_size"": 2048, ""hidden_size"": 100, ""learning_rate"": 0.0005, ""loss_type"": ""CE"", ""model"": ""GRU4Rec"", ""num_layers"": 1, ""train_batch_size"": 2048, ""train_neg_sample_args"": null}",success,,14.82,"{""dropout_prob"": 0.2, ""epochs"": 10, ""eval_batch_size"": 2048, ""hidden_size"": 100, ""learning_rate"": 0.0005, ""loss_type"": ""CE"", ""model"": ""GRU4Rec"", ""num_layers"": 1, ""train_batch_size"": 2048, ""train_neg_sample_args"": null}",2026-05-28T23:03:28,,,,,100.0,0.0005,0.2,1.0,CE,
GRU4Rec,adressa_recbole_sample,cuda,20,2048,2048,17.73,0.19,0.0,,,0.312,0.4779,0.2027,0.256,0.1669,0.1887,"adressa_recbole_sample::GRU4Rec::{""dropout_prob"": 0.2, ""epochs"": 20, ""eval_batch_size"": 2048, ""hidden_size"": 100, ""learning_rate"": 0.0005, ""loss_type"": ""CE"", ""model"": ""GRU4Rec"", ""num_layers"": 1, ""train_batch_size"": 2048, ""train_neg_sample_args"": null}",success,,23.46,"{""dropout_prob"": 0.2, ""epochs"": 20, ""eval_batch_size"": 2048, ""hidden_size"": 100, ""learning_rate"": 0.0005, ""loss_type"": ""CE"", ""model"": ""GRU4Rec"", ""num_layers"": 1, ""train_batch_size"": 2048, ""train_neg_sample_args"": null}",2026-05-28T23:03:51,,,,,100.0,0.0005,0.2,1.0,CE,
GRU4Rec,adressa_recbole_sample,cuda,10,2048,2048,8.94,0.2,0.0,,,0.2479,0.3805,0.1435,0.1857,0.1097,0.1267,"adressa_recbole_sample::GRU4Rec::{""dropout_prob"": 0.1, ""epochs"": 10, ""eval_batch_size"": 2048, ""hidden_size"": 100, ""learning_rate"": 0.0001, ""loss_type"": ""CE"", ""model"": ""GRU4Rec"", ""num_layers"": 1, ""train_batch_size"": 2048, ""train_neg_sample_args"": null}",success,,14.8,"{""dropout_prob"": 0.1, ""epochs"": 10, ""eval_batch_size"": 2048, ""hidden_size"": 100, ""learning_rate"": 0.0001, ""loss_type"": ""CE"", ""model"": ""GRU4Rec"", ""num_layers"": 1, ""train_batch_size"": 2048, ""train_neg_sample_args"": null}",2026-05-28T23:04:06,,,,,100.0,0.0001,0.1,1.0,CE,
GRU4Rec,adressa_recbole_sample,cuda,20,2048,2048,17.89,0.19,0.0,,,0.229,0.3973,0.1403,0.1943,0.1115,0.1334,"adressa_recbole_sample::GRU4Rec::{""dropout_prob"": 0.1, ""epochs"": 20, ""eval_batch_size"": 2048, ""hidden_size"": 100, ""learning_rate"": 0.0001, ""loss_type"": ""CE"", ""model"": ""GRU4Rec"", ""num_layers"": 1, ""train_batch_size"": 2048, ""train_neg_sample_args"": null}",success,,23.95,"{""dropout_prob"": 0.1, ""epochs"": 20, ""eval_batch_size"": 2048, ""hidden_size"": 100, ""learning_rate"": 0.0001, ""loss_type"": ""CE"", ""model"": ""GRU4Rec"", ""num_layers"": 1, ""train_batch_size"": 2048, ""train_neg_sample_args"": null}",2026-05-28T23:04:30,,,,,100.0,0.0001,0.1,1.0,CE,
GRU4Rec,adressa_recbole_sample,cuda,10,2048,2048,9.05,0.19,0.0,,,0.2479,0.3776,0.1439,0.1852,0.1102,0.1269,"adressa_recbole_sample::GRU4Rec::{""dropout_prob"": 0.2, ""epochs"": 10, ""eval_batch_size"": 2048, ""hidden_size"": 100, ""learning_rate"": 0.0001, ""loss_type"": ""CE"", ""model"": ""GRU4Rec"", ""num_layers"": 1, ""train_batch_size"": 2048, ""train_neg_sample_args"": null}",success,,14.92,"{""dropout_prob"": 0.2, ""epochs"": 10, ""eval_batch_size"": 2048, ""hidden_size"": 100, ""learning_rate"": 0.0001, ""loss_type"": ""CE"", ""model"": ""GRU4Rec"", ""num_layers"": 1, ""train_batch_size"": 2048, ""train_neg_sample_args"": null}",2026-05-28T23:04:45,,,,,100.0,0.0001,0.2,1.0,CE,
GRU4Rec,adressa_recbole_sample,cuda,20,2048,2048,13.39,0.2,0.0,,,0.2229,0.3925,0.1351,0.1899,0.1064,0.129,"adressa_recbole_sample::GRU4Rec::{""dropout_prob"": 0.2, ""epochs"": 20, ""eval_batch_size"": 2048, ""hidden_size"": 100, ""learning_rate"": 0.0001, ""loss_type"": ""CE"", ""model"": ""GRU4Rec"", ""num_layers"": 1, ""train_batch_size"": 2048, ""train_neg_sample_args"": null}",success,,19.13,"{""dropout_prob"": 0.2, ""epochs"": 20, ""eval_batch_size"": 2048, ""hidden_size"": 100, ""learning_rate"": 0.0001, ""loss_type"": ""CE"", ""model"": ""GRU4Rec"", ""num_layers"": 1, ""train_batch_size"": 2048, ""train_neg_sample_args"": null}",2026-05-28T23:05:04,,,,,100.0,0.0001,0.2,1.0,CE,
GRU4Rec,adressa_recbole_sample,cuda,10,2048,2048,9.08,0.2,0.0,,,0.312,0.4794,0.2037,0.2576,0.1682,0.1903,"adressa_recbole_sample::GRU4Rec::{""dropout_prob"": 0.1, ""epochs"": 10, ""eval_batch_size"": 2048, ""hidden_size"": 128, ""learning_rate"": 0.001, ""loss_type"": ""CE"", ""model"": ""GRU4Rec"", ""num_layers"": 1, ""train_batch_size"": 2048, ""train_neg_sample_args"": null}",success,,14.84,"{""dropout_prob"": 0.1, ""epochs"": 10, ""eval_batch_size"": 2048, ""hidden_size"": 128, ""learning_rate"": 0.001, ""loss_type"": ""CE"", ""model"": ""GRU4Rec"", ""num_layers"": 1, ""train_batch_size"": 2048, ""train_neg_sample_args"": null}",2026-05-28T23:05:19,,,,,128.0,0.001,0.1,1.0,CE,
GRU4Rec,adressa_recbole_sample,cuda,20,2048,2048,17.89,0.22,0.0,,,0.3513,0.5153,0.2325,0.2853,0.1935,0.2152,"adressa_recbole_sample::GRU4Rec::{""dropout_prob"": 0.1, ""epochs"": 20, ""eval_batch_size"": 2048, ""hidden_size"": 128, ""learning_rate"": 0.001, ""loss_type"": ""CE"", ""model"": ""GRU4Rec"", ""num_layers"": 1, ""train_batch_size"": 2048, ""train_neg_sample_args"": null}",success,,23.85,"{""dropout_prob"": 0.1, ""epochs"": 20, ""eval_batch_size"": 2048, ""hidden_size"": 128, ""learning_rate"": 0.001, ""loss_type"": ""CE"", ""model"": ""GRU4Rec"", ""num_layers"": 1, ""train_batch_size"": 2048, ""train_neg_sample_args"": null}",2026-05-28T23:05:43,,,,,128.0,0.001,0.1,1.0,CE,
GRU4Rec,adressa_recbole_sample,cuda,20,2048,2048,17.88,0.2,0.0,,,0.3493,0.5129,0.2307,0.2834,0.1917,0.2134,"adressa_recbole_sample::GRU4Rec::{""dropout_prob"": 0.2, ""epochs"": 20, ""eval_batch_size"": 2048, ""hidden_size"": 128, ""learning_rate"": 0.001, ""loss_type"": ""CE"", ""model"": ""GRU4Rec"", ""num_layers"": 1, ""train_batch_size"": 2048, ""train_neg_sample_args"": null}",success,,23.76,"{""dropout_prob"": 0.2, ""epochs"": 20, ""eval_batch_size"": 2048, ""hidden_size"": 128, ""learning_rate"": 0.001, ""loss_type"": ""CE"", ""model"": ""GRU4Rec"", ""num_layers"": 1, ""train_batch_size"": 2048, ""train_neg_sample_args"": null}",2026-05-28T23:06:06,,,,,128.0,0.001,0.2,1.0,CE,
GRU4Rec,adressa_recbole_sample,cuda,10,2048,2048,8.9,0.2,0.0,,,0.2744,0.4518,0.1717,0.2287,0.138,0.1613,"adressa_recbole_sample::GRU4Rec::{""dropout_prob"": 0.1, ""epochs"": 10, ""eval_batch_size"": 2048, ""hidden_size"": 128, ""learning_rate"": 0.0005, ""loss_type"": ""CE"", ""model"": ""GRU4Rec"", ""num_layers"": 1, ""train_batch_size"": 2048, ""train_neg_sample_args"": null}",success,,15.01,"{""dropout_prob"": 0.1, ""epochs"": 10, ""eval_batch_size"": 2048, ""hidden_size"": 128, ""learning_rate"": 0.0005, ""loss_type"": ""CE"", ""model"": ""GRU4Rec"", ""num_layers"": 1, ""train_batch_size"": 2048, ""train_neg_sample_args"": null}",2026-05-28T23:06:21,,,,,128.0,0.0005,0.1,1.0,CE,
GRU4Rec,adressa_recbole_sample,cuda,20,2048,2048,17.76,0.2,0.0,,,0.3164,0.4809,0.2049,0.2576,0.1683,0.1898,"adressa_recbole_sample::GRU4Rec::{""dropout_prob"": 0.1, ""epochs"": 20, ""eval_batch_size"": 2048, ""hidden_size"": 128, ""learning_rate"": 0.0005, ""loss_type"": ""CE"", ""model"": ""GRU4Rec"", ""num_layers"": 1, ""train_batch_size"": 2048, ""train_neg_sample_args"": null}",success,,23.55,"{""dropout_prob"": 0.1, ""epochs"": 20, ""eval_batch_size"": 2048, ""hidden_size"": 128, ""learning_rate"": 0.0005, ""loss_type"": ""CE"", ""model"": ""GRU4Rec"", ""num_layers"": 1, ""train_batch_size"": 2048, ""train_neg_sample_args"": null}",2026-05-28T23:06:45,,,,,128.0,0.0005,0.1,1.0,CE,
GRU4Rec,adressa_recbole_sample,cuda,20,2048,2048,17.94,0.2,0.0,,,0.3139,0.4796,0.2032,0.2564,0.1668,0.1886,"adressa_recbole_sample::GRU4Rec::{""dropout_prob"": 0.2, ""epochs"": 20, ""eval_batch_size"": 2048, ""hidden_size"": 128, ""learning_rate"": 0.0005, ""loss_type"": ""CE"", ""model"": ""GRU4Rec"", ""num_layers"": 1, ""train_batch_size"": 2048, ""train_neg_sample_args"": null}",success,,24.05,"{""dropout_prob"": 0.2, ""epochs"": 20, ""eval_batch_size"": 2048, ""hidden_size"": 128, ""learning_rate"": 0.0005, ""loss_type"": ""CE"", ""model"": ""GRU4Rec"", ""num_layers"": 1, ""train_batch_size"": 2048, ""train_neg_sample_args"": null}",2026-05-28T23:07:09,,,,,128.0,0.0005,0.2,1.0,CE,
GRU4Rec,adressa_recbole_sample,cuda,10,2048,2048,9.03,0.2,0.0,,,0.2504,0.3892,0.1445,0.1886,0.1102,0.1279,"adressa_recbole_sample::GRU4Rec::{""dropout_prob"": 0.1, ""epochs"": 10, ""eval_batch_size"": 2048, ""hidden_size"": 128, ""learning_rate"": 0.0001, ""loss_type"": ""CE"", ""model"": ""GRU4Rec"", ""num_layers"": 1, ""train_batch_size"": 2048, ""train_neg_sample_args"": null}",success,,14.73,"{""dropout_prob"": 0.1, ""epochs"": 10, ""eval_batch_size"": 2048, ""hidden_size"": 128, ""learning_rate"": 0.0001, ""loss_type"": ""CE"", ""model"": ""GRU4Rec"", ""num_layers"": 1, ""train_batch_size"": 2048, ""train_neg_sample_args"": null}",2026-05-28T23:07:24,,,,,128.0,0.0001,0.1,1.0,CE,
GRU4Rec,adressa_recbole_sample,cuda,20,2048,2048,17.87,0.2,0.0,,,0.2314,0.3988,0.1415,0.195,0.1122,0.1339,"adressa_recbole_sample::GRU4Rec::{""dropout_prob"": 0.1, ""epochs"": 20, ""eval_batch_size"": 2048, ""hidden_size"": 128, ""learning_rate"": 0.0001, ""loss_type"": ""CE"", ""model"": ""GRU4Rec"", ""num_layers"": 1, ""train_batch_size"": 2048, ""train_neg_sample_args"": null}",success,,23.78,"{""dropout_prob"": 0.1, ""epochs"": 20, ""eval_batch_size"": 2048, ""hidden_size"": 128, ""learning_rate"": 0.0001, ""loss_type"": ""CE"", ""model"": ""GRU4Rec"", ""num_layers"": 1, ""train_batch_size"": 2048, ""train_neg_sample_args"": null}",2026-05-28T23:07:48,,,,,128.0,0.0001,0.1,1.0,CE,
GRU4Rec,adressa_recbole_sample,cuda,10,2048,2048,9.05,0.2,0.0,,,0.2412,0.3996,0.1408,0.1911,0.1082,0.1284,"adressa_recbole_sample::GRU4Rec::{""dropout_prob"": 0.2, ""epochs"": 10, ""eval_batch_size"": 2048, ""hidden_size"": 128, ""learning_rate"": 0.0001, ""loss_type"": ""CE"", ""model"": ""GRU4Rec"", ""num_layers"": 1, ""train_batch_size"": 2048, ""train_neg_sample_args"": null}",success,,14.93,"{""dropout_prob"": 0.2, ""epochs"": 10, ""eval_batch_size"": 2048, ""hidden_size"": 128, ""learning_rate"": 0.0001, ""loss_type"": ""CE"", ""model"": ""GRU4Rec"", ""num_layers"": 1, ""train_batch_size"": 2048, ""train_neg_sample_args"": null}",2026-05-28T23:08:03,,,,,128.0,0.0001,0.2,1.0,CE,
GRU4Rec,adressa_recbole_sample,cuda,20,2048,2048,12.64,0.2,0.0,,,0.2358,0.3975,0.1402,0.1919,0.1092,0.1301,"adressa_recbole_sample::GRU4Rec::{""dropout_prob"": 0.2, ""epochs"": 20, ""eval_batch_size"": 2048, ""hidden_size"": 128, ""learning_rate"": 0.0001, ""loss_type"": ""CE"", ""model"": ""GRU4Rec"", ""num_layers"": 1, ""train_batch_size"": 2048, ""train_neg_sample_args"": null}",success,,18.69,"{""dropout_prob"": 0.2, ""epochs"": 20, ""eval_batch_size"": 2048, ""hidden_size"": 128, ""learning_rate"": 0.0001, ""loss_type"": ""CE"", ""model"": ""GRU4Rec"", ""num_layers"": 1, ""train_batch_size"": 2048, ""train_neg_sample_args"": null}",2026-05-28T23:08:21,,,,,128.0,0.0001,0.2,1.0,CE,
GRU4Rec,adressa_recbole_sample,cuda,10,2048,2048,10.16,0.21,0.0,,,0.3141,0.4787,0.203,0.2558,0.1665,0.1881,"adressa_recbole_sample::GRU4Rec::{""dropout_prob"": 0.1, ""epochs"": 10, ""eval_batch_size"": 2048, ""hidden_size"": 256, ""learning_rate"": 0.001, ""loss_type"": ""CE"", ""model"": ""GRU4Rec"", ""num_layers"": 1, ""train_batch_size"": 2048, ""train_neg_sample_args"": null}",success,,16.06,"{""dropout_prob"": 0.1, ""epochs"": 10, ""eval_batch_size"": 2048, ""hidden_size"": 256, ""learning_rate"": 0.001, ""loss_type"": ""CE"", ""model"": ""GRU4Rec"", ""num_layers"": 1, ""train_batch_size"": 2048, ""train_neg_sample_args"": null}",2026-05-28T23:08:37,,,,,256.0,0.001,0.1,1.0,CE,
GRU4Rec,adressa_recbole_sample,cuda,20,2048,2048,20.25,0.21,0.0,,,0.3539,0.522,0.235,0.2892,0.1959,0.2181,"adressa_recbole_sample::GRU4Rec::{""dropout_prob"": 0.1, ""epochs"": 20, ""eval_batch_size"": 2048, ""hidden_size"": 256, ""learning_rate"": 0.001, ""loss_type"": ""CE"", ""model"": ""GRU4Rec"", ""num_layers"": 1, ""train_batch_size"": 2048, ""train_neg_sample_args"": null}",success,,26.18,"{""dropout_prob"": 0.1, ""epochs"": 20, ""eval_batch_size"": 2048, ""hidden_size"": 256, ""learning_rate"": 0.001, ""loss_type"": ""CE"", ""model"": ""GRU4Rec"", ""num_layers"": 1, ""train_batch_size"": 2048, ""train_neg_sample_args"": null}",2026-05-28T23:09:04,,,,,256.0,0.001,0.1,1.0,CE,
GRU4Rec,adressa_recbole_sample,cuda,20,2048,2048,20.09,0.21,0.0,,,0.3529,0.5196,0.2341,0.2879,0.195,0.2171,"adressa_recbole_sample::GRU4Rec::{""dropout_prob"": 0.2, ""epochs"": 20, ""eval_batch_size"": 2048, ""hidden_size"": 256, ""learning_rate"": 0.001, ""loss_type"": ""CE"", ""model"": ""GRU4Rec"", ""num_layers"": 1, ""train_batch_size"": 2048, ""train_neg_sample_args"": null}",success,,26.03,"{""dropout_prob"": 0.2, ""epochs"": 20, ""eval_batch_size"": 2048, ""hidden_size"": 256, ""learning_rate"": 0.001, ""loss_type"": ""CE"", ""model"": ""GRU4Rec"", ""num_layers"": 1, ""train_batch_size"": 2048, ""train_neg_sample_args"": null}",2026-05-28T23:09:30,,,,,256.0,0.001,0.2,1.0,CE,
GRU4Rec,adressa_recbole_sample,cuda,10,2048,2048,10.1,0.21,0.0,,,0.2861,0.451,0.1815,0.2344,0.1472,0.1688,"adressa_recbole_sample::GRU4Rec::{""dropout_prob"": 0.1, ""epochs"": 10, ""eval_batch_size"": 2048, ""hidden_size"": 256, ""learning_rate"": 0.0005, ""loss_type"": ""CE"", ""model"": ""GRU4Rec"", ""num_layers"": 1, ""train_batch_size"": 2048, ""train_neg_sample_args"": null}",success,,16.07,"{""dropout_prob"": 0.1, ""epochs"": 10, ""eval_batch_size"": 2048, ""hidden_size"": 256, ""learning_rate"": 0.0005, ""loss_type"": ""CE"", ""model"": ""GRU4Rec"", ""num_layers"": 1, ""train_batch_size"": 2048, ""train_neg_sample_args"": null}",2026-05-28T23:09:46,,,,,256.0,0.0005,0.1,1.0,CE,
GRU4Rec,adressa_recbole_sample,cuda,20,2048,2048,20.18,0.22,0.0,,,0.3191,0.4804,0.2054,0.2571,0.168,0.1892,"adressa_recbole_sample::GRU4Rec::{""dropout_prob"": 0.1, ""epochs"": 20, ""eval_batch_size"": 2048, ""hidden_size"": 256, ""learning_rate"": 0.0005, ""loss_type"": ""CE"", ""model"": ""GRU4Rec"", ""num_layers"": 1, ""train_batch_size"": 2048, ""train_neg_sample_args"": null}",success,,26.16,"{""dropout_prob"": 0.1, ""epochs"": 20, ""eval_batch_size"": 2048, ""hidden_size"": 256, ""learning_rate"": 0.0005, ""loss_type"": ""CE"", ""model"": ""GRU4Rec"", ""num_layers"": 1, ""train_batch_size"": 2048, ""train_neg_sample_args"": null}",2026-05-28T23:10:12,,,,,256.0,0.0005,0.1,1.0,CE,
GRU4Rec,adressa_recbole_sample,cuda,20,2048,2048,20.1,0.21,0.0,,,0.3183,0.4798,0.2048,0.2566,0.1676,0.1887,"adressa_recbole_sample::GRU4Rec::{""dropout_prob"": 0.2, ""epochs"": 20, ""eval_batch_size"": 2048, ""hidden_size"": 256, ""learning_rate"": 0.0005, ""loss_type"": ""CE"", ""model"": ""GRU4Rec"", ""num_layers"": 1, ""train_batch_size"": 2048, ""train_neg_sample_args"": null}",success,,25.9,"{""dropout_prob"": 0.2, ""epochs"": 20, ""eval_batch_size"": 2048, ""hidden_size"": 256, ""learning_rate"": 0.0005, ""loss_type"": ""CE"", ""model"": ""GRU4Rec"", ""num_layers"": 1, ""train_batch_size"": 2048, ""train_neg_sample_args"": null}",2026-05-28T23:10:38,,,,,256.0,0.0005,0.2,1.0,CE,
GRU4Rec,adressa_recbole_sample,cuda,10,2048,2048,10.13,0.21,0.0,,,0.2418,0.3996,0.1426,0.1931,0.1104,0.131,"adressa_recbole_sample::GRU4Rec::{""dropout_prob"": 0.1, ""epochs"": 10, ""eval_batch_size"": 2048, ""hidden_size"": 256, ""learning_rate"": 0.0001, ""loss_type"": ""CE"", ""model"": ""GRU4Rec"", ""num_layers"": 1, ""train_batch_size"": 2048, ""train_neg_sample_args"": null}",success,,16.01,"{""dropout_prob"": 0.1, ""epochs"": 10, ""eval_batch_size"": 2048, ""hidden_size"": 256, ""learning_rate"": 0.0001, ""loss_type"": ""CE"", ""model"": ""GRU4Rec"", ""num_layers"": 1, ""train_batch_size"": 2048, ""train_neg_sample_args"": null}",2026-05-28T23:10:54,,,,,256.0,0.0001,0.1,1.0,CE,
GRU4Rec,adressa_recbole_sample,cuda,20,2048,2048,19.89,0.2,0.0,,,0.2251,0.3957,0.1379,0.1926,0.1096,0.132,"adressa_recbole_sample::GRU4Rec::{""dropout_prob"": 0.1, ""epochs"": 20, ""eval_batch_size"": 2048, ""hidden_size"": 256, ""learning_rate"": 0.0001, ""loss_type"": ""CE"", ""model"": ""GRU4Rec"", ""num_layers"": 1, ""train_batch_size"": 2048, ""train_neg_sample_args"": null}",success,,25.84,"{""dropout_prob"": 0.1, ""epochs"": 20, ""eval_batch_size"": 2048, ""hidden_size"": 256, ""learning_rate"": 0.0001, ""loss_type"": ""CE"", ""model"": ""GRU4Rec"", ""num_layers"": 1, ""train_batch_size"": 2048, ""train_neg_sample_args"": null}",2026-05-28T23:11:20,,,,,256.0,0.0001,0.1,1.0,CE,
GRU4Rec,adressa_recbole_sample,cuda,10,2048,2048,10.17,0.21,0.0,,,0.241,0.3983,0.1425,0.1925,0.1107,0.1308,"adressa_recbole_sample::GRU4Rec::{""dropout_prob"": 0.2, ""epochs"": 10, ""eval_batch_size"": 2048, ""hidden_size"": 256, ""learning_rate"": 0.0001, ""loss_type"": ""CE"", ""model"": ""GRU4Rec"", ""num_layers"": 1, ""train_batch_size"": 2048, ""train_neg_sample_args"": null}",success,,16.04,"{""dropout_prob"": 0.2, ""epochs"": 10, ""eval_batch_size"": 2048, ""hidden_size"": 256, ""learning_rate"": 0.0001, ""loss_type"": ""CE"", ""model"": ""GRU4Rec"", ""num_layers"": 1, ""train_batch_size"": 2048, ""train_neg_sample_args"": null}",2026-05-28T23:11:36,,,,,256.0,0.0001,0.2,1.0,CE,
GRU4Rec,adressa_recbole_sample,cuda,20,2048,2048,20.05,0.2,0.0,,,0.2395,0.401,0.1448,0.1962,0.1141,0.1349,"adressa_recbole_sample::GRU4Rec::{""dropout_prob"": 0.2, ""epochs"": 20, ""eval_batch_size"": 2048, ""hidden_size"": 256, ""learning_rate"": 0.0001, ""loss_type"": ""CE"", ""model"": ""GRU4Rec"", ""num_layers"": 1, ""train_batch_size"": 2048, ""train_neg_sample_args"": null}",success,,26.01,"{""dropout_prob"": 0.2, ""epochs"": 20, ""eval_batch_size"": 2048, ""hidden_size"": 256, ""learning_rate"": 0.0001, ""loss_type"": ""CE"", ""model"": ""GRU4Rec"", ""num_layers"": 1, ""train_batch_size"": 2048, ""train_neg_sample_args"": null}",2026-05-28T23:12:02,,,,,256.0,0.0001,0.2,1.0,CE,
