model,dataset,device,epochs,train_batch_size,eval_batch_size,train_runtime_seconds,eval_runtime_seconds,extra_metrics_runtime_seconds,vsknn_k,vsknn_sample_size,hit@5,hit@10,ndcg@5,ndcg@10,mrr@5,mrr@10,run_id,status,error_message,runtime_seconds,config_json,vstan_k,vstan_sample_size,vstan_position_decay,vstan_idf_weighting,hidden_size,learning_rate,dropout_prob,num_layers,loss_type,train_neg_sample_args,window_days,decay_lambda,vsknn_popularity_weight,vstan_popularity_weight
VS-KNN,yoochoose_recbole_sample,cuda,1,2048,1024,161.76,247.21,0.0,100.0,100.0,0.3868,0.48,0.2799,0.3102,0.2445,0.2571,"yoochoose_recbole_sample::VS-KNN::{""vsknn_k"": 100, ""vsknn_sample_size"": 100}",success,,417.17,"{""vsknn_k"": 100, ""vsknn_sample_size"": 100}",,,,,,,,,,,,,,
VSTAN,yoochoose_recbole_sample,cuda,1,2048,1024,172.23,262.37,0.0,,,0.406,0.503,0.2926,0.324,0.255,0.268,"yoochoose_recbole_sample::VSTAN::{""vstan_idf_weighting"": true, ""vstan_k"": 100, ""vstan_position_decay"": 0.1, ""vstan_sample_size"": 100}",success,,442.7,"{""vstan_idf_weighting"": true, ""vstan_k"": 100, ""vstan_position_decay"": 0.1, ""vstan_sample_size"": 100}",100.0,100.0,0.1,True,,,,,,,,,,
GRU4Rec,yoochoose_recbole_sample,cuda,10,2048,2048,12.24,0.32,0.0,,,0.222,0.3101,0.1497,0.1781,0.126,0.1377,"yoochoose_recbole_sample::GRU4Rec::{""dropout_prob"": 0.2, ""epochs"": 10, ""eval_batch_size"": 2048, ""hidden_size"": 128, ""learning_rate"": 0.001, ""loss_type"": ""CE"", ""model"": ""GRU4Rec"", ""num_layers"": 1, ""train_batch_size"": 2048, ""train_neg_sample_args"": null}",success,,18.54,"{""dropout_prob"": 0.2, ""epochs"": 10, ""eval_batch_size"": 2048, ""hidden_size"": 128, ""learning_rate"": 0.001, ""loss_type"": ""CE"", ""model"": ""GRU4Rec"", ""num_layers"": 1, ""train_batch_size"": 2048, ""train_neg_sample_args"": null}",,,,,128.0,0.001,0.2,1.0,CE,,,,,
GRU4Rec,yoochoose_recbole_sample,cuda,10,2048,2048,12.03,0.31,0.0,,,0.0557,0.0899,0.0374,0.0484,0.0315,0.0359,"yoochoose_recbole_sample::GRU4Rec::{""dropout_prob"": 0.2, ""epochs"": 10, ""eval_batch_size"": 2048, ""hidden_size"": 128, ""learning_rate"": 0.0005, ""loss_type"": ""CE"", ""model"": ""GRU4Rec"", ""num_layers"": 1, ""train_batch_size"": 2048, ""train_neg_sample_args"": null}",success,,18.25,"{""dropout_prob"": 0.2, ""epochs"": 10, ""eval_batch_size"": 2048, ""hidden_size"": 128, ""learning_rate"": 0.0005, ""loss_type"": ""CE"", ""model"": ""GRU4Rec"", ""num_layers"": 1, ""train_batch_size"": 2048, ""train_neg_sample_args"": null}",,,,,128.0,0.0005,0.2,1.0,CE,,,,,
GRU4Rec,yoochoose_recbole_sample,cuda,10,2048,2048,14.02,0.35,0.0,,,0.2402,0.333,0.1615,0.1915,0.1356,0.1481,"yoochoose_recbole_sample::GRU4Rec::{""dropout_prob"": 0.2, ""epochs"": 10, ""eval_batch_size"": 2048, ""hidden_size"": 256, ""learning_rate"": 0.001, ""loss_type"": ""CE"", ""model"": ""GRU4Rec"", ""num_layers"": 1, ""train_batch_size"": 2048, ""train_neg_sample_args"": null}",success,,20.36,"{""dropout_prob"": 0.2, ""epochs"": 10, ""eval_batch_size"": 2048, ""hidden_size"": 256, ""learning_rate"": 0.001, ""loss_type"": ""CE"", ""model"": ""GRU4Rec"", ""num_layers"": 1, ""train_batch_size"": 2048, ""train_neg_sample_args"": null}",,,,,256.0,0.001,0.2,1.0,CE,,,,,
GRU4Rec,yoochoose_recbole_sample,cuda,10,2048,2048,13.7,0.35,0.0,,,0.0431,0.0696,0.0289,0.0374,0.0243,0.0277,"yoochoose_recbole_sample::GRU4Rec::{""dropout_prob"": 0.2, ""epochs"": 10, ""eval_batch_size"": 2048, ""hidden_size"": 256, ""learning_rate"": 0.0005, ""loss_type"": ""CE"", ""model"": ""GRU4Rec"", ""num_layers"": 1, ""train_batch_size"": 2048, ""train_neg_sample_args"": null}",success,,19.91,"{""dropout_prob"": 0.2, ""epochs"": 10, ""eval_batch_size"": 2048, ""hidden_size"": 256, ""learning_rate"": 0.0005, ""loss_type"": ""CE"", ""model"": ""GRU4Rec"", ""num_layers"": 1, ""train_batch_size"": 2048, ""train_neg_sample_args"": null}",,,,,256.0,0.0005,0.2,1.0,CE,,,,,
VS-KNN,globo_recbole_sample,cuda,1,2048,1024,61.5,129.74,0.0,100.0,100.0,0.1861,0.3406,0.0866,0.1366,0.0546,0.0752,"globo_recbole_sample::VS-KNN::{""vsknn_k"": 100, ""vsknn_sample_size"": 100}",success,,198.75,"{""vsknn_k"": 100, ""vsknn_sample_size"": 100}",,,,,,,,,,,,,,
VSTAN,globo_recbole_sample,cuda,1,2048,1024,65.51,138.19,0.0,,,0.1836,0.3425,0.0837,0.1351,0.0517,0.0729,"globo_recbole_sample::VSTAN::{""vstan_idf_weighting"": true, ""vstan_k"": 100, ""vstan_position_decay"": 0.1, ""vstan_sample_size"": 100}",success,,211.04,"{""vstan_idf_weighting"": true, ""vstan_k"": 100, ""vstan_position_decay"": 0.1, ""vstan_sample_size"": 100}",100.0,100.0,0.1,True,,,,,,,,,,
GRU4Rec,globo_recbole_sample,cuda,10,2048,2048,10.0,0.33,0.0,,,0.2042,0.3127,0.13,0.1649,0.1058,0.1201,"globo_recbole_sample::GRU4Rec::{""dropout_prob"": 0.2, ""epochs"": 10, ""eval_batch_size"": 2048, ""hidden_size"": 128, ""learning_rate"": 0.001, ""loss_type"": ""CE"", ""model"": ""GRU4Rec"", ""num_layers"": 1, ""train_batch_size"": 2048, ""train_neg_sample_args"": null}",success,,16.01,"{""dropout_prob"": 0.2, ""epochs"": 10, ""eval_batch_size"": 2048, ""hidden_size"": 128, ""learning_rate"": 0.001, ""loss_type"": ""CE"", ""model"": ""GRU4Rec"", ""num_layers"": 1, ""train_batch_size"": 2048, ""train_neg_sample_args"": null}",,,,,128.0,0.001,0.2,1.0,CE,,,,,
GRU4Rec,globo_recbole_sample,cuda,10,2048,2048,9.99,0.32,0.0,,,0.0338,0.065,0.0224,0.0324,0.0187,0.0227,"globo_recbole_sample::GRU4Rec::{""dropout_prob"": 0.2, ""epochs"": 10, ""eval_batch_size"": 2048, ""hidden_size"": 128, ""learning_rate"": 0.0005, ""loss_type"": ""CE"", ""model"": ""GRU4Rec"", ""num_layers"": 1, ""train_batch_size"": 2048, ""train_neg_sample_args"": null}",success,,16.05,"{""dropout_prob"": 0.2, ""epochs"": 10, ""eval_batch_size"": 2048, ""hidden_size"": 128, ""learning_rate"": 0.0005, ""loss_type"": ""CE"", ""model"": ""GRU4Rec"", ""num_layers"": 1, ""train_batch_size"": 2048, ""train_neg_sample_args"": null}",,,,,128.0,0.0005,0.2,1.0,CE,,,,,
GRU4Rec,globo_recbole_sample,cuda,10,2048,2048,11.61,0.33,0.0,,,0.2101,0.3231,0.1339,0.1703,0.109,0.1239,"globo_recbole_sample::GRU4Rec::{""dropout_prob"": 0.2, ""epochs"": 10, ""eval_batch_size"": 2048, ""hidden_size"": 256, ""learning_rate"": 0.001, ""loss_type"": ""CE"", ""model"": ""GRU4Rec"", ""num_layers"": 1, ""train_batch_size"": 2048, ""train_neg_sample_args"": null}",success,,17.71,"{""dropout_prob"": 0.2, ""epochs"": 10, ""eval_batch_size"": 2048, ""hidden_size"": 256, ""learning_rate"": 0.001, ""loss_type"": ""CE"", ""model"": ""GRU4Rec"", ""num_layers"": 1, ""train_batch_size"": 2048, ""train_neg_sample_args"": null}",,,,,256.0,0.001,0.2,1.0,CE,,,,,
GRU4Rec,globo_recbole_sample,cuda,10,2048,2048,11.05,0.25,0.0,,,0.0351,0.0639,0.0228,0.0319,0.0188,0.0224,"globo_recbole_sample::GRU4Rec::{""dropout_prob"": 0.2, ""epochs"": 10, ""eval_batch_size"": 2048, ""hidden_size"": 256, ""learning_rate"": 0.0005, ""loss_type"": ""CE"", ""model"": ""GRU4Rec"", ""num_layers"": 1, ""train_batch_size"": 2048, ""train_neg_sample_args"": null}",success,,17.28,"{""dropout_prob"": 0.2, ""epochs"": 10, ""eval_batch_size"": 2048, ""hidden_size"": 256, ""learning_rate"": 0.0005, ""loss_type"": ""CE"", ""model"": ""GRU4Rec"", ""num_layers"": 1, ""train_batch_size"": 2048, ""train_neg_sample_args"": null}",,,,,256.0,0.0005,0.2,1.0,CE,,,,,
VS-KNN,adressa_recbole_sample,cuda,1,2048,1024,262.15,363.46,0.0,100.0,100.0,0.1945,0.3187,0.1232,0.1629,0.0999,0.116,"adressa_recbole_sample::VS-KNN::{""vsknn_k"": 100, ""vsknn_sample_size"": 100}",success,,633.24,"{""vsknn_k"": 100, ""vsknn_sample_size"": 100}",,,,,,,,,,,,,,
VSTAN,adressa_recbole_sample,cuda,1,2048,1024,269.95,377.4,0.0,,,0.227,0.3696,0.1442,0.19,0.1173,0.136,"adressa_recbole_sample::VSTAN::{""vstan_idf_weighting"": true, ""vstan_k"": 100, ""vstan_position_decay"": 0.1, ""vstan_sample_size"": 100}",success,,654.55,"{""vstan_idf_weighting"": true, ""vstan_k"": 100, ""vstan_position_decay"": 0.1, ""vstan_sample_size"": 100}",100.0,100.0,0.1,True,,,,,,,,,,
GRU4Rec,adressa_recbole_sample,cuda,10,2048,2048,10.0,0.23,0.0,,,0.3086,0.474,0.2009,0.2541,0.1655,0.1873,"adressa_recbole_sample::GRU4Rec::{""dropout_prob"": 0.2, ""epochs"": 10, ""eval_batch_size"": 2048, ""hidden_size"": 128, ""learning_rate"": 0.001, ""loss_type"": ""CE"", ""model"": ""GRU4Rec"", ""num_layers"": 1, ""train_batch_size"": 2048, ""train_neg_sample_args"": null}",success,,15.73,"{""dropout_prob"": 0.2, ""epochs"": 10, ""eval_batch_size"": 2048, ""hidden_size"": 128, ""learning_rate"": 0.001, ""loss_type"": ""CE"", ""model"": ""GRU4Rec"", ""num_layers"": 1, ""train_batch_size"": 2048, ""train_neg_sample_args"": null}",,,,,128.0,0.001,0.2,1.0,CE,,,,,
GRU4Rec,adressa_recbole_sample,cuda,10,2048,2048,10.15,0.3,0.0,,,0.2762,0.452,0.1731,0.2295,0.1393,0.1623,"adressa_recbole_sample::GRU4Rec::{""dropout_prob"": 0.2, ""epochs"": 10, ""eval_batch_size"": 2048, ""hidden_size"": 128, ""learning_rate"": 0.0005, ""loss_type"": ""CE"", ""model"": ""GRU4Rec"", ""num_layers"": 1, ""train_batch_size"": 2048, ""train_neg_sample_args"": null}",success,,16.29,"{""dropout_prob"": 0.2, ""epochs"": 10, ""eval_batch_size"": 2048, ""hidden_size"": 128, ""learning_rate"": 0.0005, ""loss_type"": ""CE"", ""model"": ""GRU4Rec"", ""num_layers"": 1, ""train_batch_size"": 2048, ""train_neg_sample_args"": null}",,,,,128.0,0.0005,0.2,1.0,CE,,,,,
GRU4Rec,adressa_recbole_sample,cuda,10,2048,2048,11.74,0.21,0.0,,,0.3101,0.4746,0.2012,0.254,0.1655,0.1871,"adressa_recbole_sample::GRU4Rec::{""dropout_prob"": 0.2, ""epochs"": 10, ""eval_batch_size"": 2048, ""hidden_size"": 256, ""learning_rate"": 0.001, ""loss_type"": ""CE"", ""model"": ""GRU4Rec"", ""num_layers"": 1, ""train_batch_size"": 2048, ""train_neg_sample_args"": null}",success,,17.84,"{""dropout_prob"": 0.2, ""epochs"": 10, ""eval_batch_size"": 2048, ""hidden_size"": 256, ""learning_rate"": 0.001, ""loss_type"": ""CE"", ""model"": ""GRU4Rec"", ""num_layers"": 1, ""train_batch_size"": 2048, ""train_neg_sample_args"": null}",,,,,256.0,0.001,0.2,1.0,CE,,,,,
GRU4Rec,adressa_recbole_sample,cuda,10,2048,2048,11.44,0.29,0.0,,,0.2832,0.4524,0.1793,0.2336,0.1453,0.1675,"adressa_recbole_sample::GRU4Rec::{""dropout_prob"": 0.2, ""epochs"": 10, ""eval_batch_size"": 2048, ""hidden_size"": 256, ""learning_rate"": 0.0005, ""loss_type"": ""CE"", ""model"": ""GRU4Rec"", ""num_layers"": 1, ""train_batch_size"": 2048, ""train_neg_sample_args"": null}",success,,17.57,"{""dropout_prob"": 0.2, ""epochs"": 10, ""eval_batch_size"": 2048, ""hidden_size"": 256, ""learning_rate"": 0.0005, ""loss_type"": ""CE"", ""model"": ""GRU4Rec"", ""num_layers"": 1, ""train_batch_size"": 2048, ""train_neg_sample_args"": null}",,,,,256.0,0.0005,0.2,1.0,CE,,,,,
VS-KNN,yoochoose_recbole_sample,cuda,1,2048,1024,96.74,147.36,0.0,100.0,250.0,0.3987,0.4952,0.2865,0.3179,0.2493,0.2624,"yoochoose_recbole_sample::VS-KNN::{""vsknn_k"": 100, ""vsknn_sample_size"": 250}",success,,252.3,"{""vsknn_k"": 100, ""vsknn_sample_size"": 250}",,,,,,,,,,,,,,
VS-KNN,yoochoose_recbole_sample,cuda,1,2048,1024,109.47,153.01,0.0,100.0,500.0,0.3981,0.4947,0.2864,0.3177,0.2494,0.2624,"yoochoose_recbole_sample::VS-KNN::{""vsknn_k"": 100, ""vsknn_sample_size"": 500}",success,,270.81,"{""vsknn_k"": 100, ""vsknn_sample_size"": 500}",,,,,,,,,,,,,,
VS-KNN,yoochoose_recbole_sample,cuda,1,2048,1024,163.94,250.4,0.0,200.0,100.0,0.3863,0.4795,0.2797,0.31,0.2445,0.257,"yoochoose_recbole_sample::VS-KNN::{""vsknn_k"": 200, ""vsknn_sample_size"": 100}",success,,422.32,"{""vsknn_k"": 200, ""vsknn_sample_size"": 100}",,,,,,,,,,,,,,
VS-KNN,yoochoose_recbole_sample,cuda,1,2048,1024,228.58,346.34,0.0,200.0,250.0,0.3926,0.49,0.283,0.3147,0.2468,0.2599,"yoochoose_recbole_sample::VS-KNN::{""vsknn_k"": 200, ""vsknn_sample_size"": 250}",success,,582.68,"{""vsknn_k"": 200, ""vsknn_sample_size"": 250}",,,,,,,,,,,,,,
VS-KNN,yoochoose_recbole_sample,cuda,1,2048,1024,179.41,271.47,0.0,200.0,500.0,0.3987,0.4987,0.2862,0.3187,0.249,0.2625,"yoochoose_recbole_sample::VS-KNN::{""vsknn_k"": 200, ""vsknn_sample_size"": 500}",success,,458.5,"{""vsknn_k"": 200, ""vsknn_sample_size"": 500}",,,,,,,,,,,,,,
VS-KNN,yoochoose_recbole_sample,cuda,1,2048,1024,164.05,249.41,0.0,500.0,100.0,0.3863,0.4795,0.2797,0.31,0.2445,0.257,"yoochoose_recbole_sample::VS-KNN::{""vsknn_k"": 500, ""vsknn_sample_size"": 100}",success,,421.02,"{""vsknn_k"": 500, ""vsknn_sample_size"": 100}",,,,,,,,,,,,,,
VS-KNN,yoochoose_recbole_sample,cuda,1,2048,1024,353.82,537.93,0.0,500.0,250.0,0.3912,0.4881,0.2822,0.3137,0.2461,0.2592,"yoochoose_recbole_sample::VS-KNN::{""vsknn_k"": 500, ""vsknn_sample_size"": 250}",success,,899.35,"{""vsknn_k"": 500, ""vsknn_sample_size"": 250}",,,,,,,,,,,,,,
VS-KNN,yoochoose_recbole_sample,cuda,1,2048,1024,616.91,932.83,0.0,500.0,500.0,0.3928,0.4905,0.283,0.3147,0.2467,0.2598,"yoochoose_recbole_sample::VS-KNN::{""vsknn_k"": 500, ""vsknn_sample_size"": 500}",success,,1557.31,"{""vsknn_k"": 500, ""vsknn_sample_size"": 500}",,,,,,,,,,,,,,
VSTAN,yoochoose_recbole_sample,cuda,1,2048,1024,173.85,265.18,0.0,,,0.3997,0.495,0.2888,0.3198,0.2521,0.265,"yoochoose_recbole_sample::VSTAN::{""vstan_idf_weighting"": true, ""vstan_k"": 100, ""vstan_position_decay"": 0.05, ""vstan_sample_size"": 100}",success,,446.95,"{""vstan_idf_weighting"": true, ""vstan_k"": 100, ""vstan_position_decay"": 0.05, ""vstan_sample_size"": 100}",100.0,100.0,0.05,True,,,,,,,,,,
VSTAN,yoochoose_recbole_sample,cuda,1,2048,1024,172.15,262.2,0.0,,,0.3936,0.4882,0.2849,0.3157,0.249,0.2618,"yoochoose_recbole_sample::VSTAN::{""vstan_idf_weighting"": false, ""vstan_k"": 100, ""vstan_position_decay"": 0.05, ""vstan_sample_size"": 100}",success,,442.13,"{""vstan_idf_weighting"": false, ""vstan_k"": 100, ""vstan_position_decay"": 0.05, ""vstan_sample_size"": 100}",100.0,100.0,0.05,False,,,,,,,,,,
VSTAN,yoochoose_recbole_sample,cuda,1,2048,1024,171.96,262.36,0.0,,,0.3993,0.4952,0.2885,0.3198,0.2519,0.2649,"yoochoose_recbole_sample::VSTAN::{""vstan_idf_weighting"": false, ""vstan_k"": 100, ""vstan_position_decay"": 0.1, ""vstan_sample_size"": 100}",success,,442.33,"{""vstan_idf_weighting"": false, ""vstan_k"": 100, ""vstan_position_decay"": 0.1, ""vstan_sample_size"": 100}",100.0,100.0,0.1,False,,,,,,,,,,
VSTAN,yoochoose_recbole_sample,cuda,1,2048,1024,173.89,265.55,0.0,,,0.4139,0.5094,0.298,0.3291,0.2596,0.2725,"yoochoose_recbole_sample::VSTAN::{""vstan_idf_weighting"": true, ""vstan_k"": 100, ""vstan_position_decay"": 0.2, ""vstan_sample_size"": 100}",success,,447.19,"{""vstan_idf_weighting"": true, ""vstan_k"": 100, ""vstan_position_decay"": 0.2, ""vstan_sample_size"": 100}",100.0,100.0,0.2,True,,,,,,,,,,
VSTAN,yoochoose_recbole_sample,cuda,1,2048,1024,172.27,262.92,0.0,,,0.4078,0.5037,0.2943,0.3255,0.2567,0.2697,"yoochoose_recbole_sample::VSTAN::{""vstan_idf_weighting"": false, ""vstan_k"": 100, ""vstan_position_decay"": 0.2, ""vstan_sample_size"": 100}",success,,443.09,"{""vstan_idf_weighting"": false, ""vstan_k"": 100, ""vstan_position_decay"": 0.2, ""vstan_sample_size"": 100}",100.0,100.0,0.2,False,,,,,,,,,,
VSTAN,yoochoose_recbole_sample,cuda,1,2048,1024,114.46,170.72,0.0,,,0.4058,0.5044,0.2909,0.323,0.2529,0.2663,"yoochoose_recbole_sample::VSTAN::{""vstan_idf_weighting"": true, ""vstan_k"": 100, ""vstan_position_decay"": 0.05, ""vstan_sample_size"": 250}",success,,292.74,"{""vstan_idf_weighting"": true, ""vstan_k"": 100, ""vstan_position_decay"": 0.05, ""vstan_sample_size"": 250}",100.0,250.0,0.05,True,,,,,,,,,,
VSTAN,yoochoose_recbole_sample,cuda,1,2048,1024,111.16,166.75,0.0,,,0.3994,0.4985,0.2875,0.3197,0.2504,0.2638,"yoochoose_recbole_sample::VSTAN::{""vstan_idf_weighting"": false, ""vstan_k"": 100, ""vstan_position_decay"": 0.05, ""vstan_sample_size"": 250}",success,,285.74,"{""vstan_idf_weighting"": false, ""vstan_k"": 100, ""vstan_position_decay"": 0.05, ""vstan_sample_size"": 250}",100.0,250.0,0.05,False,,,,,,,,,,
VSTAN,yoochoose_recbole_sample,cuda,1,2048,1024,115.82,172.86,0.0,,,0.4133,0.5136,0.2953,0.3279,0.2562,0.2698,"yoochoose_recbole_sample::VSTAN::{""vstan_idf_weighting"": true, ""vstan_k"": 100, ""vstan_position_decay"": 0.1, ""vstan_sample_size"": 250}",success,,296.48,"{""vstan_idf_weighting"": true, ""vstan_k"": 100, ""vstan_position_decay"": 0.1, ""vstan_sample_size"": 250}",100.0,250.0,0.1,True,,,,,,,,,,
VSTAN,yoochoose_recbole_sample,cuda,1,2048,1024,112.69,168.03,0.0,,,0.4063,0.507,0.2916,0.3244,0.2537,0.2673,"yoochoose_recbole_sample::VSTAN::{""vstan_idf_weighting"": false, ""vstan_k"": 100, ""vstan_position_decay"": 0.1, ""vstan_sample_size"": 250}",success,,288.77,"{""vstan_idf_weighting"": false, ""vstan_k"": 100, ""vstan_position_decay"": 0.1, ""vstan_sample_size"": 250}",100.0,250.0,0.1,False,,,,,,,,,,
VSTAN,yoochoose_recbole_sample,cuda,1,2048,1024,119.65,178.03,0.0,,,0.4247,0.5252,0.3024,0.3351,0.2619,0.2755,"yoochoose_recbole_sample::VSTAN::{""vstan_idf_weighting"": true, ""vstan_k"": 100, ""vstan_position_decay"": 0.2, ""vstan_sample_size"": 250}",success,,305.48,"{""vstan_idf_weighting"": true, ""vstan_k"": 100, ""vstan_position_decay"": 0.2, ""vstan_sample_size"": 250}",100.0,250.0,0.2,True,,,,,,,,,,
VSTAN,yoochoose_recbole_sample,cuda,1,2048,1024,116.82,172.92,0.0,,,0.4172,0.5178,0.2983,0.3311,0.259,0.2726,"yoochoose_recbole_sample::VSTAN::{""vstan_idf_weighting"": false, ""vstan_k"": 100, ""vstan_position_decay"": 0.2, ""vstan_sample_size"": 250}",success,,297.47,"{""vstan_idf_weighting"": false, ""vstan_k"": 100, ""vstan_position_decay"": 0.2, ""vstan_sample_size"": 250}",100.0,250.0,0.2,False,,,,,,,,,,
VSTAN,yoochoose_recbole_sample,cuda,1,2048,1024,118.1,175.91,0.0,,,0.4029,0.5024,0.2899,0.3222,0.2525,0.2659,"yoochoose_recbole_sample::VSTAN::{""vstan_idf_weighting"": true, ""vstan_k"": 100, ""vstan_position_decay"": 0.05, ""vstan_sample_size"": 500}",success,,301.84,"{""vstan_idf_weighting"": true, ""vstan_k"": 100, ""vstan_position_decay"": 0.05, ""vstan_sample_size"": 500}",100.0,500.0,0.05,True,,,,,,,,,,
VSTAN,yoochoose_recbole_sample,cuda,1,2048,1024,114.81,170.46,0.0,,,0.4007,0.4996,0.2882,0.3203,0.251,0.2643,"yoochoose_recbole_sample::VSTAN::{""vstan_idf_weighting"": false, ""vstan_k"": 100, ""vstan_position_decay"": 0.05, ""vstan_sample_size"": 500}",success,,293.04,"{""vstan_idf_weighting"": false, ""vstan_k"": 100, ""vstan_position_decay"": 0.05, ""vstan_sample_size"": 500}",100.0,500.0,0.05,False,,,,,,,,,,
VSTAN,yoochoose_recbole_sample,cuda,1,2048,1024,118.74,177.1,0.0,,,0.4128,0.5138,0.2952,0.3281,0.2563,0.27,"yoochoose_recbole_sample::VSTAN::{""vstan_idf_weighting"": true, ""vstan_k"": 100, ""vstan_position_decay"": 0.1, ""vstan_sample_size"": 500}",success,,303.69,"{""vstan_idf_weighting"": true, ""vstan_k"": 100, ""vstan_position_decay"": 0.1, ""vstan_sample_size"": 500}",100.0,500.0,0.1,True,,,,,,,,,,
VSTAN,yoochoose_recbole_sample,cuda,1,2048,1024,114.85,171.21,0.0,,,0.4082,0.5093,0.2927,0.3255,0.2545,0.2681,"yoochoose_recbole_sample::VSTAN::{""vstan_idf_weighting"": false, ""vstan_k"": 100, ""vstan_position_decay"": 0.1, ""vstan_sample_size"": 500}",success,,293.97,"{""vstan_idf_weighting"": false, ""vstan_k"": 100, ""vstan_position_decay"": 0.1, ""vstan_sample_size"": 500}",100.0,500.0,0.1,False,,,,,,,,,,
VSTAN,yoochoose_recbole_sample,cuda,1,2048,1024,120.77,179.36,0.0,,,0.427,0.5276,0.3035,0.3362,0.2626,0.2762,"yoochoose_recbole_sample::VSTAN::{""vstan_idf_weighting"": true, ""vstan_k"": 100, ""vstan_position_decay"": 0.2, ""vstan_sample_size"": 500}",success,,308.06,"{""vstan_idf_weighting"": true, ""vstan_k"": 100, ""vstan_position_decay"": 0.2, ""vstan_sample_size"": 500}",100.0,500.0,0.2,True,,,,,,,,,,
VSTAN,yoochoose_recbole_sample,cuda,1,2048,1024,116.25,172.58,0.0,,,0.4204,0.521,0.3001,0.3329,0.2603,0.274,"yoochoose_recbole_sample::VSTAN::{""vstan_idf_weighting"": false, ""vstan_k"": 100, ""vstan_position_decay"": 0.2, ""vstan_sample_size"": 500}",success,,296.72,"{""vstan_idf_weighting"": false, ""vstan_k"": 100, ""vstan_position_decay"": 0.2, ""vstan_sample_size"": 500}",100.0,500.0,0.2,False,,,,,,,,,,
VSTAN,yoochoose_recbole_sample,cuda,1,2048,1024,174.34,265.73,0.0,,,0.3997,0.495,0.2888,0.3198,0.2521,0.265,"yoochoose_recbole_sample::VSTAN::{""vstan_idf_weighting"": true, ""vstan_k"": 200, ""vstan_position_decay"": 0.05, ""vstan_sample_size"": 100}",success,,448.09,"{""vstan_idf_weighting"": true, ""vstan_k"": 200, ""vstan_position_decay"": 0.05, ""vstan_sample_size"": 100}",200.0,100.0,0.05,True,,,,,,,,,,
VSTAN,yoochoose_recbole_sample,cuda,1,2048,1024,172.48,263.11,0.0,,,0.3936,0.4882,0.2849,0.3157,0.249,0.2618,"yoochoose_recbole_sample::VSTAN::{""vstan_idf_weighting"": false, ""vstan_k"": 200, ""vstan_position_decay"": 0.05, ""vstan_sample_size"": 100}",success,,443.3,"{""vstan_idf_weighting"": false, ""vstan_k"": 200, ""vstan_position_decay"": 0.05, ""vstan_sample_size"": 100}",200.0,100.0,0.05,False,,,,,,,,,,
VSTAN,yoochoose_recbole_sample,cuda,1,2048,1024,174.5,266.02,0.0,,,0.4059,0.5019,0.2926,0.3239,0.2551,0.2681,"yoochoose_recbole_sample::VSTAN::{""vstan_idf_weighting"": true, ""vstan_k"": 200, ""vstan_position_decay"": 0.1, ""vstan_sample_size"": 100}",success,,448.27,"{""vstan_idf_weighting"": true, ""vstan_k"": 200, ""vstan_position_decay"": 0.1, ""vstan_sample_size"": 100}",200.0,100.0,0.1,True,,,,,,,,,,
VSTAN,yoochoose_recbole_sample,cuda,1,2048,1024,172.85,262.63,0.0,,,0.3993,0.4952,0.2885,0.3198,0.2519,0.2649,"yoochoose_recbole_sample::VSTAN::{""vstan_idf_weighting"": false, ""vstan_k"": 200, ""vstan_position_decay"": 0.1, ""vstan_sample_size"": 100}",success,,443.22,"{""vstan_idf_weighting"": false, ""vstan_k"": 200, ""vstan_position_decay"": 0.1, ""vstan_sample_size"": 100}",200.0,100.0,0.1,False,,,,,,,,,,
VSTAN,yoochoose_recbole_sample,cuda,1,2048,1024,174.45,266.31,0.0,,,0.4139,0.5094,0.298,0.3291,0.2596,0.2725,"yoochoose_recbole_sample::VSTAN::{""vstan_idf_weighting"": true, ""vstan_k"": 200, ""vstan_position_decay"": 0.2, ""vstan_sample_size"": 100}",success,,448.32,"{""vstan_idf_weighting"": true, ""vstan_k"": 200, ""vstan_position_decay"": 0.2, ""vstan_sample_size"": 100}",200.0,100.0,0.2,True,,,,,,,,,,
VSTAN,yoochoose_recbole_sample,cuda,1,2048,1024,172.94,263.02,0.0,,,0.4078,0.5037,0.2943,0.3255,0.2567,0.2697,"yoochoose_recbole_sample::VSTAN::{""vstan_idf_weighting"": false, ""vstan_k"": 200, ""vstan_position_decay"": 0.2, ""vstan_sample_size"": 100}",success,,443.5,"{""vstan_idf_weighting"": false, ""vstan_k"": 200, ""vstan_position_decay"": 0.2, ""vstan_sample_size"": 100}",200.0,100.0,0.2,False,,,,,,,,,,
VSTAN,yoochoose_recbole_sample,cuda,1,2048,1024,251.53,381.08,0.0,,,0.4055,0.506,0.2918,0.3244,0.2541,0.2677,"yoochoose_recbole_sample::VSTAN::{""vstan_idf_weighting"": true, ""vstan_k"": 200, ""vstan_position_decay"": 0.05, ""vstan_sample_size"": 250}",success,,640.43,"{""vstan_idf_weighting"": true, ""vstan_k"": 200, ""vstan_position_decay"": 0.05, ""vstan_sample_size"": 250}",200.0,250.0,0.05,True,,,,,,,,,,
VSTAN,yoochoose_recbole_sample,cuda,1,2048,1024,248.12,375.39,0.0,,,0.3986,0.4987,0.2874,0.32,0.2507,0.2641,"yoochoose_recbole_sample::VSTAN::{""vstan_idf_weighting"": false, ""vstan_k"": 200, ""vstan_position_decay"": 0.05, ""vstan_sample_size"": 250}",success,,631.41,"{""vstan_idf_weighting"": false, ""vstan_k"": 200, ""vstan_position_decay"": 0.05, ""vstan_sample_size"": 250}",200.0,250.0,0.05,False,,,,,,,,,,
VSTAN,yoochoose_recbole_sample,cuda,1,2048,1024,254.54,383.83,0.0,,,0.4124,0.5146,0.2957,0.3289,0.257,0.2708,"yoochoose_recbole_sample::VSTAN::{""vstan_idf_weighting"": true, ""vstan_k"": 200, ""vstan_position_decay"": 0.1, ""vstan_sample_size"": 250}",success,,646.11,"{""vstan_idf_weighting"": true, ""vstan_k"": 200, ""vstan_position_decay"": 0.1, ""vstan_sample_size"": 250}",200.0,250.0,0.1,True,,,,,,,,,,
VSTAN,yoochoose_recbole_sample,cuda,1,2048,1024,250.66,372.47,0.0,,,0.4052,0.5062,0.2916,0.3244,0.254,0.2676,"yoochoose_recbole_sample::VSTAN::{""vstan_idf_weighting"": false, ""vstan_k"": 200, ""vstan_position_decay"": 0.1, ""vstan_sample_size"": 250}",success,,630.95,"{""vstan_idf_weighting"": false, ""vstan_k"": 200, ""vstan_position_decay"": 0.1, ""vstan_sample_size"": 250}",200.0,250.0,0.1,False,,,,,,,,,,
VSTAN,yoochoose_recbole_sample,cuda,1,2048,1024,253.7,382.91,0.0,,,0.4218,0.5247,0.3015,0.3349,0.2616,0.2756,"yoochoose_recbole_sample::VSTAN::{""vstan_idf_weighting"": true, ""vstan_k"": 200, ""vstan_position_decay"": 0.2, ""vstan_sample_size"": 250}",success,,644.01,"{""vstan_idf_weighting"": true, ""vstan_k"": 200, ""vstan_position_decay"": 0.2, ""vstan_sample_size"": 250}",200.0,250.0,0.2,True,,,,,,,,,,
VSTAN,yoochoose_recbole_sample,cuda,1,2048,1024,250.32,378.0,0.0,,,0.4148,0.5164,0.2976,0.3306,0.2587,0.2725,"yoochoose_recbole_sample::VSTAN::{""vstan_idf_weighting"": false, ""vstan_k"": 200, ""vstan_position_decay"": 0.2, ""vstan_sample_size"": 250}",success,,635.72,"{""vstan_idf_weighting"": false, ""vstan_k"": 200, ""vstan_position_decay"": 0.2, ""vstan_sample_size"": 250}",200.0,250.0,0.2,False,,,,,,,,,,
VSTAN,yoochoose_recbole_sample,cuda,1,2048,1024,203.56,306.13,0.0,,,0.4074,0.5102,0.2921,0.3255,0.254,0.2678,"yoochoose_recbole_sample::VSTAN::{""vstan_idf_weighting"": true, ""vstan_k"": 200, ""vstan_position_decay"": 0.05, ""vstan_sample_size"": 500}",success,,517.08,"{""vstan_idf_weighting"": true, ""vstan_k"": 200, ""vstan_position_decay"": 0.05, ""vstan_sample_size"": 500}",200.0,500.0,0.05,True,,,,,,,,,,
VSTAN,yoochoose_recbole_sample,cuda,1,2048,1024,198.57,298.83,0.0,,,0.4015,0.5031,0.2885,0.3214,0.2511,0.2647,"yoochoose_recbole_sample::VSTAN::{""vstan_idf_weighting"": false, ""vstan_k"": 200, ""vstan_position_decay"": 0.05, ""vstan_sample_size"": 500}",success,,504.91,"{""vstan_idf_weighting"": false, ""vstan_k"": 200, ""vstan_position_decay"": 0.05, ""vstan_sample_size"": 500}",200.0,500.0,0.05,False,,,,,,,,,,
VSTAN,yoochoose_recbole_sample,cuda,1,2048,1024,207.06,309.62,0.0,,,0.4157,0.5204,0.2968,0.3309,0.2575,0.2716,"yoochoose_recbole_sample::VSTAN::{""vstan_idf_weighting"": true, ""vstan_k"": 200, ""vstan_position_decay"": 0.1, ""vstan_sample_size"": 500}",success,,523.87,"{""vstan_idf_weighting"": true, ""vstan_k"": 200, ""vstan_position_decay"": 0.1, ""vstan_sample_size"": 500}",200.0,500.0,0.1,True,,,,,,,,,,
VSTAN,yoochoose_recbole_sample,cuda,1,2048,1024,200.82,301.21,0.0,,,0.4083,0.5122,0.2928,0.3265,0.2546,0.2686,"yoochoose_recbole_sample::VSTAN::{""vstan_idf_weighting"": false, ""vstan_k"": 200, ""vstan_position_decay"": 0.1, ""vstan_sample_size"": 500}",success,,509.48,"{""vstan_idf_weighting"": false, ""vstan_k"": 200, ""vstan_position_decay"": 0.1, ""vstan_sample_size"": 500}",200.0,500.0,0.1,False,,,,,,,,,,
VSTAN,yoochoose_recbole_sample,cuda,1,2048,1024,213.93,319.72,0.0,,,0.4277,0.5334,0.304,0.3384,0.263,0.2773,"yoochoose_recbole_sample::VSTAN::{""vstan_idf_weighting"": true, ""vstan_k"": 200, ""vstan_position_decay"": 0.2, ""vstan_sample_size"": 500}",success,,541.25,"{""vstan_idf_weighting"": true, ""vstan_k"": 200, ""vstan_position_decay"": 0.2, ""vstan_sample_size"": 500}",200.0,500.0,0.2,True,,,,,,,,,,
VSTAN,yoochoose_recbole_sample,cuda,1,2048,1024,208.3,310.77,0.0,,,0.4197,0.5251,0.2997,0.334,0.26,0.2743,"yoochoose_recbole_sample::VSTAN::{""vstan_idf_weighting"": false, ""vstan_k"": 200, ""vstan_position_decay"": 0.2, ""vstan_sample_size"": 500}",success,,526.53,"{""vstan_idf_weighting"": false, ""vstan_k"": 200, ""vstan_position_decay"": 0.2, ""vstan_sample_size"": 500}",200.0,500.0,0.2,False,,,,,,,,,,
VSTAN,yoochoose_recbole_sample,cuda,1,2048,1024,170.23,259.1,0.0,,,0.3997,0.495,0.2888,0.3198,0.2521,0.265,"yoochoose_recbole_sample::VSTAN::{""vstan_idf_weighting"": true, ""vstan_k"": 500, ""vstan_position_decay"": 0.05, ""vstan_sample_size"": 100}",success,,436.7,"{""vstan_idf_weighting"": true, ""vstan_k"": 500, ""vstan_position_decay"": 0.05, ""vstan_sample_size"": 100}",500.0,100.0,0.05,True,,,,,,,,,,
VSTAN,yoochoose_recbole_sample,cuda,1,2048,1024,168.06,259.68,0.0,,,0.3936,0.4882,0.2849,0.3157,0.249,0.2618,"yoochoose_recbole_sample::VSTAN::{""vstan_idf_weighting"": false, ""vstan_k"": 500, ""vstan_position_decay"": 0.05, ""vstan_sample_size"": 100}",success,,434.99,"{""vstan_idf_weighting"": false, ""vstan_k"": 500, ""vstan_position_decay"": 0.05, ""vstan_sample_size"": 100}",500.0,100.0,0.05,False,,,,,,,,,,
VSTAN,yoochoose_recbole_sample,cuda,1,2048,1024,171.34,258.89,0.0,,,0.4059,0.5019,0.2926,0.3239,0.2551,0.2681,"yoochoose_recbole_sample::VSTAN::{""vstan_idf_weighting"": true, ""vstan_k"": 500, ""vstan_position_decay"": 0.1, ""vstan_sample_size"": 100}",success,,437.45,"{""vstan_idf_weighting"": true, ""vstan_k"": 500, ""vstan_position_decay"": 0.1, ""vstan_sample_size"": 100}",500.0,100.0,0.1,True,,,,,,,,,,
VSTAN,yoochoose_recbole_sample,cuda,1,2048,1024,167.94,255.8,0.0,,,0.3993,0.4952,0.2885,0.3198,0.2519,0.2649,"yoochoose_recbole_sample::VSTAN::{""vstan_idf_weighting"": false, ""vstan_k"": 500, ""vstan_position_decay"": 0.1, ""vstan_sample_size"": 100}",success,,431.24,"{""vstan_idf_weighting"": false, ""vstan_k"": 500, ""vstan_position_decay"": 0.1, ""vstan_sample_size"": 100}",500.0,100.0,0.1,False,,,,,,,,,,
VSTAN,yoochoose_recbole_sample,cuda,1,2048,1024,170.03,259.43,0.0,,,0.4139,0.5094,0.298,0.3291,0.2596,0.2725,"yoochoose_recbole_sample::VSTAN::{""vstan_idf_weighting"": true, ""vstan_k"": 500, ""vstan_position_decay"": 0.2, ""vstan_sample_size"": 100}",success,,436.84,"{""vstan_idf_weighting"": true, ""vstan_k"": 500, ""vstan_position_decay"": 0.2, ""vstan_sample_size"": 100}",500.0,100.0,0.2,True,,,,,,,,,,
VSTAN,yoochoose_recbole_sample,cuda,1,2048,1024,168.06,259.8,0.0,,,0.4078,0.5037,0.2943,0.3255,0.2567,0.2697,"yoochoose_recbole_sample::VSTAN::{""vstan_idf_weighting"": false, ""vstan_k"": 500, ""vstan_position_decay"": 0.2, ""vstan_sample_size"": 100}",success,,435.09,"{""vstan_idf_weighting"": false, ""vstan_k"": 500, ""vstan_position_decay"": 0.2, ""vstan_sample_size"": 100}",500.0,100.0,0.2,False,,,,,,,,,,
VSTAN,yoochoose_recbole_sample,cuda,1,2048,1024,371.27,569.86,0.0,,,0.4056,0.5049,0.292,0.3243,0.2544,0.2678,"yoochoose_recbole_sample::VSTAN::{""vstan_idf_weighting"": true, ""vstan_k"": 500, ""vstan_position_decay"": 0.05, ""vstan_sample_size"": 250}",success,,948.61,"{""vstan_idf_weighting"": true, ""vstan_k"": 500, ""vstan_position_decay"": 0.05, ""vstan_sample_size"": 250}",500.0,250.0,0.05,True,,,,,,,,,,
VSTAN,yoochoose_recbole_sample,cuda,1,2048,1024,367.3,558.4,0.0,,,0.3989,0.4974,0.2876,0.3195,0.2507,0.264,"yoochoose_recbole_sample::VSTAN::{""vstan_idf_weighting"": false, ""vstan_k"": 500, ""vstan_position_decay"": 0.05, ""vstan_sample_size"": 250}",success,,933.12,"{""vstan_idf_weighting"": false, ""vstan_k"": 500, ""vstan_position_decay"": 0.05, ""vstan_sample_size"": 250}",500.0,250.0,0.05,False,,,,,,,,,,
VSTAN,yoochoose_recbole_sample,cuda,1,2048,1024,379.63,582.32,0.0,,,0.4119,0.5126,0.2956,0.3283,0.2571,0.2707,"yoochoose_recbole_sample::VSTAN::{""vstan_idf_weighting"": true, ""vstan_k"": 500, ""vstan_position_decay"": 0.1, ""vstan_sample_size"": 250}",success,,969.36,"{""vstan_idf_weighting"": true, ""vstan_k"": 500, ""vstan_position_decay"": 0.1, ""vstan_sample_size"": 250}",500.0,250.0,0.1,True,,,,,,,,,,
VSTAN,yoochoose_recbole_sample,cuda,1,2048,1024,365.68,559.27,0.0,,,0.4052,0.5052,0.2917,0.3241,0.2541,0.2675,"yoochoose_recbole_sample::VSTAN::{""vstan_idf_weighting"": false, ""vstan_k"": 500, ""vstan_position_decay"": 0.1, ""vstan_sample_size"": 250}",success,,932.45,"{""vstan_idf_weighting"": false, ""vstan_k"": 500, ""vstan_position_decay"": 0.1, ""vstan_sample_size"": 250}",500.0,250.0,0.1,False,,,,,,,,,,
VSTAN,yoochoose_recbole_sample,cuda,1,2048,1024,377.66,576.14,0.0,,,0.4213,0.5239,0.3015,0.3348,0.2618,0.2756,"yoochoose_recbole_sample::VSTAN::{""vstan_idf_weighting"": true, ""vstan_k"": 500, ""vstan_position_decay"": 0.2, ""vstan_sample_size"": 250}",success,,961.42,"{""vstan_idf_weighting"": true, ""vstan_k"": 500, ""vstan_position_decay"": 0.2, ""vstan_sample_size"": 250}",500.0,250.0,0.2,True,,,,,,,,,,
VSTAN,yoochoose_recbole_sample,cuda,1,2048,1024,367.83,566.27,0.0,,,0.4146,0.5156,0.2976,0.3304,0.2589,0.2725,"yoochoose_recbole_sample::VSTAN::{""vstan_idf_weighting"": false, ""vstan_k"": 500, ""vstan_position_decay"": 0.2, ""vstan_sample_size"": 250}",success,,941.71,"{""vstan_idf_weighting"": false, ""vstan_k"": 500, ""vstan_position_decay"": 0.2, ""vstan_sample_size"": 250}",500.0,250.0,0.2,False,,,,,,,,,,
VSTAN,yoochoose_recbole_sample,cuda,1,2048,1024,651.23,985.22,0.0,,,0.4072,0.5083,0.2928,0.3256,0.2549,0.2686,"yoochoose_recbole_sample::VSTAN::{""vstan_idf_weighting"": true, ""vstan_k"": 500, ""vstan_position_decay"": 0.05, ""vstan_sample_size"": 500}",success,,1643.89,"{""vstan_idf_weighting"": true, ""vstan_k"": 500, ""vstan_position_decay"": 0.05, ""vstan_sample_size"": 500}",500.0,500.0,0.05,True,,,,,,,,,,
VSTAN,yoochoose_recbole_sample,cuda,1,2048,1024,644.44,973.69,0.0,,,0.4007,0.4997,0.2886,0.3207,0.2515,0.2649,"yoochoose_recbole_sample::VSTAN::{""vstan_idf_weighting"": false, ""vstan_k"": 500, ""vstan_position_decay"": 0.05, ""vstan_sample_size"": 500}",success,,1625.37,"{""vstan_idf_weighting"": false, ""vstan_k"": 500, ""vstan_position_decay"": 0.05, ""vstan_sample_size"": 500}",500.0,500.0,0.05,False,,,,,,,,,,
VSTAN,yoochoose_recbole_sample,cuda,1,2048,1024,651.11,985.25,0.0,,,0.4136,0.5164,0.2967,0.33,0.2579,0.2718,"yoochoose_recbole_sample::VSTAN::{""vstan_idf_weighting"": true, ""vstan_k"": 500, ""vstan_position_decay"": 0.1, ""vstan_sample_size"": 500}",success,,1643.76,"{""vstan_idf_weighting"": true, ""vstan_k"": 500, ""vstan_position_decay"": 0.1, ""vstan_sample_size"": 500}",500.0,500.0,0.1,True,,,,,,,,,,
VSTAN,yoochoose_recbole_sample,cuda,1,2048,1024,644.82,975.43,0.0,,,0.4071,0.5084,0.2927,0.3255,0.2548,0.2684,"yoochoose_recbole_sample::VSTAN::{""vstan_idf_weighting"": false, ""vstan_k"": 500, ""vstan_position_decay"": 0.1, ""vstan_sample_size"": 500}",success,,1627.95,"{""vstan_idf_weighting"": false, ""vstan_k"": 500, ""vstan_position_decay"": 0.1, ""vstan_sample_size"": 500}",500.0,500.0,0.1,False,,,,,,,,,,
VSTAN,yoochoose_recbole_sample,cuda,1,2048,1024,652.31,985.92,0.0,,,0.4236,0.5276,0.3026,0.3364,0.2626,0.2766,"yoochoose_recbole_sample::VSTAN::{""vstan_idf_weighting"": true, ""vstan_k"": 500, ""vstan_position_decay"": 0.2, ""vstan_sample_size"": 500}",success,,1645.69,"{""vstan_idf_weighting"": true, ""vstan_k"": 500, ""vstan_position_decay"": 0.2, ""vstan_sample_size"": 500}",500.0,500.0,0.2,True,,,,,,,,,,
VSTAN,yoochoose_recbole_sample,cuda,1,2048,1024,644.75,974.74,0.0,,,0.4166,0.5196,0.2985,0.3319,0.2594,0.2733,"yoochoose_recbole_sample::VSTAN::{""vstan_idf_weighting"": false, ""vstan_k"": 500, ""vstan_position_decay"": 0.2, ""vstan_sample_size"": 500}",success,,1626.95,"{""vstan_idf_weighting"": false, ""vstan_k"": 500, ""vstan_position_decay"": 0.2, ""vstan_sample_size"": 500}",500.0,500.0,0.2,False,,,,,,,,,,
GRU4Rec,yoochoose_recbole_sample,cuda,10,2048,2048,12.04,0.26,0.0,,,0.1984,0.2831,0.1326,0.16,0.111,0.1223,"yoochoose_recbole_sample::GRU4Rec::{""dropout_prob"": 0.1, ""epochs"": 10, ""eval_batch_size"": 2048, ""hidden_size"": 100, ""learning_rate"": 0.001, ""loss_type"": ""CE"", ""model"": ""GRU4Rec"", ""num_layers"": 1, ""train_batch_size"": 2048, ""train_neg_sample_args"": null}",success,,17.76,"{""dropout_prob"": 0.1, ""epochs"": 10, ""eval_batch_size"": 2048, ""hidden_size"": 100, ""learning_rate"": 0.001, ""loss_type"": ""CE"", ""model"": ""GRU4Rec"", ""num_layers"": 1, ""train_batch_size"": 2048, ""train_neg_sample_args"": null}",,,,,100.0,0.001,0.1,1.0,CE,,,,,
GRU4Rec,yoochoose_recbole_sample,cuda,20,2048,2048,23.47,0.26,0.0,,,0.3638,0.4649,0.2558,0.2886,0.2201,0.2338,"yoochoose_recbole_sample::GRU4Rec::{""dropout_prob"": 0.1, ""epochs"": 20, ""eval_batch_size"": 2048, ""hidden_size"": 100, ""learning_rate"": 0.001, ""loss_type"": ""CE"", ""model"": ""GRU4Rec"", ""num_layers"": 1, ""train_batch_size"": 2048, ""train_neg_sample_args"": null}",success,,29.19,"{""dropout_prob"": 0.1, ""epochs"": 20, ""eval_batch_size"": 2048, ""hidden_size"": 100, ""learning_rate"": 0.001, ""loss_type"": ""CE"", ""model"": ""GRU4Rec"", ""num_layers"": 1, ""train_batch_size"": 2048, ""train_neg_sample_args"": null}",,,,,100.0,0.001,0.1,1.0,CE,,,,,
GRU4Rec,yoochoose_recbole_sample,cuda,10,2048,2048,11.94,0.26,0.0,,,0.1997,0.2837,0.1334,0.1605,0.1116,0.1228,"yoochoose_recbole_sample::GRU4Rec::{""dropout_prob"": 0.2, ""epochs"": 10, ""eval_batch_size"": 2048, ""hidden_size"": 100, ""learning_rate"": 0.001, ""loss_type"": ""CE"", ""model"": ""GRU4Rec"", ""num_layers"": 1, ""train_batch_size"": 2048, ""train_neg_sample_args"": null}",success,,17.83,"{""dropout_prob"": 0.2, ""epochs"": 10, ""eval_batch_size"": 2048, ""hidden_size"": 100, ""learning_rate"": 0.001, ""loss_type"": ""CE"", ""model"": ""GRU4Rec"", ""num_layers"": 1, ""train_batch_size"": 2048, ""train_neg_sample_args"": null}",,,,,100.0,0.001,0.2,1.0,CE,,,,,
GRU4Rec,yoochoose_recbole_sample,cuda,20,2048,2048,23.53,0.26,0.0,,,0.3594,0.4623,0.2521,0.2855,0.2167,0.2306,"yoochoose_recbole_sample::GRU4Rec::{""dropout_prob"": 0.2, ""epochs"": 20, ""eval_batch_size"": 2048, ""hidden_size"": 100, ""learning_rate"": 0.001, ""loss_type"": ""CE"", ""model"": ""GRU4Rec"", ""num_layers"": 1, ""train_batch_size"": 2048, ""train_neg_sample_args"": null}",success,,29.48,"{""dropout_prob"": 0.2, ""epochs"": 20, ""eval_batch_size"": 2048, ""hidden_size"": 100, ""learning_rate"": 0.001, ""loss_type"": ""CE"", ""model"": ""GRU4Rec"", ""num_layers"": 1, ""train_batch_size"": 2048, ""train_neg_sample_args"": null}",,,,,100.0,0.001,0.2,1.0,CE,,,,,
GRU4Rec,yoochoose_recbole_sample,cuda,10,2048,2048,11.81,0.26,0.0,,,0.0406,0.0696,0.0266,0.0358,0.022,0.0258,"yoochoose_recbole_sample::GRU4Rec::{""dropout_prob"": 0.1, ""epochs"": 10, ""eval_batch_size"": 2048, ""hidden_size"": 100, ""learning_rate"": 0.0005, ""loss_type"": ""CE"", ""model"": ""GRU4Rec"", ""num_layers"": 1, ""train_batch_size"": 2048, ""train_neg_sample_args"": null}",success,,17.76,"{""dropout_prob"": 0.1, ""epochs"": 10, ""eval_batch_size"": 2048, ""hidden_size"": 100, ""learning_rate"": 0.0005, ""loss_type"": ""CE"", ""model"": ""GRU4Rec"", ""num_layers"": 1, ""train_batch_size"": 2048, ""train_neg_sample_args"": null}",,,,,100.0,0.0005,0.1,1.0,CE,,,,,
GRU4Rec,yoochoose_recbole_sample,cuda,20,2048,2048,23.4,0.26,0.0,,,0.1978,0.2846,0.1317,0.1598,0.1101,0.1216,"yoochoose_recbole_sample::GRU4Rec::{""dropout_prob"": 0.1, ""epochs"": 20, ""eval_batch_size"": 2048, ""hidden_size"": 100, ""learning_rate"": 0.0005, ""loss_type"": ""CE"", ""model"": ""GRU4Rec"", ""num_layers"": 1, ""train_batch_size"": 2048, ""train_neg_sample_args"": null}",success,,29.14,"{""dropout_prob"": 0.1, ""epochs"": 20, ""eval_batch_size"": 2048, ""hidden_size"": 100, ""learning_rate"": 0.0005, ""loss_type"": ""CE"", ""model"": ""GRU4Rec"", ""num_layers"": 1, ""train_batch_size"": 2048, ""train_neg_sample_args"": null}",,,,,100.0,0.0005,0.1,1.0,CE,,,,,
GRU4Rec,yoochoose_recbole_sample,cuda,10,2048,2048,11.72,0.25,0.0,,,0.0419,0.071,0.0267,0.0361,0.0217,0.0256,"yoochoose_recbole_sample::GRU4Rec::{""dropout_prob"": 0.2, ""epochs"": 10, ""eval_batch_size"": 2048, ""hidden_size"": 100, ""learning_rate"": 0.0005, ""loss_type"": ""CE"", ""model"": ""GRU4Rec"", ""num_layers"": 1, ""train_batch_size"": 2048, ""train_neg_sample_args"": null}",success,,17.45,"{""dropout_prob"": 0.2, ""epochs"": 10, ""eval_batch_size"": 2048, ""hidden_size"": 100, ""learning_rate"": 0.0005, ""loss_type"": ""CE"", ""model"": ""GRU4Rec"", ""num_layers"": 1, ""train_batch_size"": 2048, ""train_neg_sample_args"": null}",,,,,100.0,0.0005,0.2,1.0,CE,,,,,
GRU4Rec,yoochoose_recbole_sample,cuda,20,2048,2048,23.5,0.26,0.0,,,0.1926,0.2768,0.1283,0.1556,0.1072,0.1185,"yoochoose_recbole_sample::GRU4Rec::{""dropout_prob"": 0.2, ""epochs"": 20, ""eval_batch_size"": 2048, ""hidden_size"": 100, ""learning_rate"": 0.0005, ""loss_type"": ""CE"", ""model"": ""GRU4Rec"", ""num_layers"": 1, ""train_batch_size"": 2048, ""train_neg_sample_args"": null}",success,,29.47,"{""dropout_prob"": 0.2, ""epochs"": 20, ""eval_batch_size"": 2048, ""hidden_size"": 100, ""learning_rate"": 0.0005, ""loss_type"": ""CE"", ""model"": ""GRU4Rec"", ""num_layers"": 1, ""train_batch_size"": 2048, ""train_neg_sample_args"": null}",,,,,100.0,0.0005,0.2,1.0,CE,,,,,
GRU4Rec,yoochoose_recbole_sample,cuda,10,2048,2048,11.71,0.26,0.0,,,0.013,0.0218,0.0083,0.0111,0.0067,0.0079,"yoochoose_recbole_sample::GRU4Rec::{""dropout_prob"": 0.1, ""epochs"": 10, ""eval_batch_size"": 2048, ""hidden_size"": 100, ""learning_rate"": 0.0001, ""loss_type"": ""CE"", ""model"": ""GRU4Rec"", ""num_layers"": 1, ""train_batch_size"": 2048, ""train_neg_sample_args"": null}",success,,17.56,"{""dropout_prob"": 0.1, ""epochs"": 10, ""eval_batch_size"": 2048, ""hidden_size"": 100, ""learning_rate"": 0.0001, ""loss_type"": ""CE"", ""model"": ""GRU4Rec"", ""num_layers"": 1, ""train_batch_size"": 2048, ""train_neg_sample_args"": null}",,,,,100.0,0.0001,0.1,1.0,CE,,,,,
GRU4Rec,yoochoose_recbole_sample,cuda,20,2048,2048,23.46,0.26,0.0,,,0.0153,0.0258,0.0103,0.0137,0.0087,0.0101,"yoochoose_recbole_sample::GRU4Rec::{""dropout_prob"": 0.1, ""epochs"": 20, ""eval_batch_size"": 2048, ""hidden_size"": 100, ""learning_rate"": 0.0001, ""loss_type"": ""CE"", ""model"": ""GRU4Rec"", ""num_layers"": 1, ""train_batch_size"": 2048, ""train_neg_sample_args"": null}",success,,29.38,"{""dropout_prob"": 0.1, ""epochs"": 20, ""eval_batch_size"": 2048, ""hidden_size"": 100, ""learning_rate"": 0.0001, ""loss_type"": ""CE"", ""model"": ""GRU4Rec"", ""num_layers"": 1, ""train_batch_size"": 2048, ""train_neg_sample_args"": null}",,,,,100.0,0.0001,0.1,1.0,CE,,,,,
GRU4Rec,yoochoose_recbole_sample,cuda,10,2048,2048,11.74,0.26,0.0,,,0.0129,0.0214,0.0082,0.011,0.0067,0.0078,"yoochoose_recbole_sample::GRU4Rec::{""dropout_prob"": 0.2, ""epochs"": 10, ""eval_batch_size"": 2048, ""hidden_size"": 100, ""learning_rate"": 0.0001, ""loss_type"": ""CE"", ""model"": ""GRU4Rec"", ""num_layers"": 1, ""train_batch_size"": 2048, ""train_neg_sample_args"": null}",success,,17.71,"{""dropout_prob"": 0.2, ""epochs"": 10, ""eval_batch_size"": 2048, ""hidden_size"": 100, ""learning_rate"": 0.0001, ""loss_type"": ""CE"", ""model"": ""GRU4Rec"", ""num_layers"": 1, ""train_batch_size"": 2048, ""train_neg_sample_args"": null}",,,,,100.0,0.0001,0.2,1.0,CE,,,,,
GRU4Rec,yoochoose_recbole_sample,cuda,20,2048,2048,23.36,0.25,0.0,,,0.0145,0.0244,0.0097,0.0129,0.0082,0.0094,"yoochoose_recbole_sample::GRU4Rec::{""dropout_prob"": 0.2, ""epochs"": 20, ""eval_batch_size"": 2048, ""hidden_size"": 100, ""learning_rate"": 0.0001, ""loss_type"": ""CE"", ""model"": ""GRU4Rec"", ""num_layers"": 1, ""train_batch_size"": 2048, ""train_neg_sample_args"": null}",success,,29.2,"{""dropout_prob"": 0.2, ""epochs"": 20, ""eval_batch_size"": 2048, ""hidden_size"": 100, ""learning_rate"": 0.0001, ""loss_type"": ""CE"", ""model"": ""GRU4Rec"", ""num_layers"": 1, ""train_batch_size"": 2048, ""train_neg_sample_args"": null}",,,,,100.0,0.0001,0.2,1.0,CE,,,,,
GRU4Rec,yoochoose_recbole_sample,cuda,10,2048,2048,11.74,0.26,0.0,,,0.2102,0.295,0.1419,0.1694,0.1195,0.1308,"yoochoose_recbole_sample::GRU4Rec::{""dropout_prob"": 0.1, ""epochs"": 10, ""eval_batch_size"": 2048, ""hidden_size"": 128, ""learning_rate"": 0.001, ""loss_type"": ""CE"", ""model"": ""GRU4Rec"", ""num_layers"": 1, ""train_batch_size"": 2048, ""train_neg_sample_args"": null}",success,,17.52,"{""dropout_prob"": 0.1, ""epochs"": 10, ""eval_batch_size"": 2048, ""hidden_size"": 128, ""learning_rate"": 0.001, ""loss_type"": ""CE"", ""model"": ""GRU4Rec"", ""num_layers"": 1, ""train_batch_size"": 2048, ""train_neg_sample_args"": null}",,,,,128.0,0.001,0.1,1.0,CE,,,,,
GRU4Rec,yoochoose_recbole_sample,cuda,20,2048,2048,23.33,0.27,0.0,,,0.3718,0.4728,0.2623,0.295,0.2261,0.2396,"yoochoose_recbole_sample::GRU4Rec::{""dropout_prob"": 0.1, ""epochs"": 20, ""eval_batch_size"": 2048, ""hidden_size"": 128, ""learning_rate"": 0.001, ""loss_type"": ""CE"", ""model"": ""GRU4Rec"", ""num_layers"": 1, ""train_batch_size"": 2048, ""train_neg_sample_args"": null}",success,,29.4,"{""dropout_prob"": 0.1, ""epochs"": 20, ""eval_batch_size"": 2048, ""hidden_size"": 128, ""learning_rate"": 0.001, ""loss_type"": ""CE"", ""model"": ""GRU4Rec"", ""num_layers"": 1, ""train_batch_size"": 2048, ""train_neg_sample_args"": null}",,,,,128.0,0.001,0.1,1.0,CE,,,,,
GRU4Rec,yoochoose_recbole_sample,cuda,20,2048,2048,23.34,0.27,0.0,,,0.3688,0.4732,0.2602,0.2941,0.2243,0.2384,"yoochoose_recbole_sample::GRU4Rec::{""dropout_prob"": 0.2, ""epochs"": 20, ""eval_batch_size"": 2048, ""hidden_size"": 128, ""learning_rate"": 0.001, ""loss_type"": ""CE"", ""model"": ""GRU4Rec"", ""num_layers"": 1, ""train_batch_size"": 2048, ""train_neg_sample_args"": null}",success,,29.23,"{""dropout_prob"": 0.2, ""epochs"": 20, ""eval_batch_size"": 2048, ""hidden_size"": 128, ""learning_rate"": 0.001, ""loss_type"": ""CE"", ""model"": ""GRU4Rec"", ""num_layers"": 1, ""train_batch_size"": 2048, ""train_neg_sample_args"": null}",,,,,128.0,0.001,0.2,1.0,CE,,,,,
GRU4Rec,yoochoose_recbole_sample,cuda,10,2048,2048,11.7,0.26,0.0,,,0.0745,0.1179,0.0497,0.0637,0.0416,0.0473,"yoochoose_recbole_sample::GRU4Rec::{""dropout_prob"": 0.1, ""epochs"": 10, ""eval_batch_size"": 2048, ""hidden_size"": 128, ""learning_rate"": 0.0005, ""loss_type"": ""CE"", ""model"": ""GRU4Rec"", ""num_layers"": 1, ""train_batch_size"": 2048, ""train_neg_sample_args"": null}",success,,17.62,"{""dropout_prob"": 0.1, ""epochs"": 10, ""eval_batch_size"": 2048, ""hidden_size"": 128, ""learning_rate"": 0.0005, ""loss_type"": ""CE"", ""model"": ""GRU4Rec"", ""num_layers"": 1, ""train_batch_size"": 2048, ""train_neg_sample_args"": null}",,,,,128.0,0.0005,0.1,1.0,CE,,,,,
GRU4Rec,yoochoose_recbole_sample,cuda,20,2048,2048,23.41,0.27,0.0,,,0.2228,0.3115,0.1492,0.1779,0.125,0.1369,"yoochoose_recbole_sample::GRU4Rec::{""dropout_prob"": 0.1, ""epochs"": 20, ""eval_batch_size"": 2048, ""hidden_size"": 128, ""learning_rate"": 0.0005, ""loss_type"": ""CE"", ""model"": ""GRU4Rec"", ""num_layers"": 1, ""train_batch_size"": 2048, ""train_neg_sample_args"": null}",success,,29.31,"{""dropout_prob"": 0.1, ""epochs"": 20, ""eval_batch_size"": 2048, ""hidden_size"": 128, ""learning_rate"": 0.0005, ""loss_type"": ""CE"", ""model"": ""GRU4Rec"", ""num_layers"": 1, ""train_batch_size"": 2048, ""train_neg_sample_args"": null}",,,,,128.0,0.0005,0.1,1.0,CE,,,,,
GRU4Rec,yoochoose_recbole_sample,cuda,20,2048,2048,23.65,0.27,0.0,,,0.2132,0.3017,0.1422,0.1708,0.1189,0.1307,"yoochoose_recbole_sample::GRU4Rec::{""dropout_prob"": 0.2, ""epochs"": 20, ""eval_batch_size"": 2048, ""hidden_size"": 128, ""learning_rate"": 0.0005, ""loss_type"": ""CE"", ""model"": ""GRU4Rec"", ""num_layers"": 1, ""train_batch_size"": 2048, ""train_neg_sample_args"": null}",success,,29.48,"{""dropout_prob"": 0.2, ""epochs"": 20, ""eval_batch_size"": 2048, ""hidden_size"": 128, ""learning_rate"": 0.0005, ""loss_type"": ""CE"", ""model"": ""GRU4Rec"", ""num_layers"": 1, ""train_batch_size"": 2048, ""train_neg_sample_args"": null}",,,,,128.0,0.0005,0.2,1.0,CE,,,,,
GRU4Rec,yoochoose_recbole_sample,cuda,10,2048,2048,11.81,0.26,0.0,,,0.0135,0.0216,0.0087,0.0113,0.0071,0.0082,"yoochoose_recbole_sample::GRU4Rec::{""dropout_prob"": 0.1, ""epochs"": 10, ""eval_batch_size"": 2048, ""hidden_size"": 128, ""learning_rate"": 0.0001, ""loss_type"": ""CE"", ""model"": ""GRU4Rec"", ""num_layers"": 1, ""train_batch_size"": 2048, ""train_neg_sample_args"": null}",success,,17.77,"{""dropout_prob"": 0.1, ""epochs"": 10, ""eval_batch_size"": 2048, ""hidden_size"": 128, ""learning_rate"": 0.0001, ""loss_type"": ""CE"", ""model"": ""GRU4Rec"", ""num_layers"": 1, ""train_batch_size"": 2048, ""train_neg_sample_args"": null}",,,,,128.0,0.0001,0.1,1.0,CE,,,,,
GRU4Rec,yoochoose_recbole_sample,cuda,20,2048,2048,23.74,0.26,0.0,,,0.0153,0.0255,0.0102,0.0134,0.0085,0.0098,"yoochoose_recbole_sample::GRU4Rec::{""dropout_prob"": 0.1, ""epochs"": 20, ""eval_batch_size"": 2048, ""hidden_size"": 128, ""learning_rate"": 0.0001, ""loss_type"": ""CE"", ""model"": ""GRU4Rec"", ""num_layers"": 1, ""train_batch_size"": 2048, ""train_neg_sample_args"": null}",success,,29.68,"{""dropout_prob"": 0.1, ""epochs"": 20, ""eval_batch_size"": 2048, ""hidden_size"": 128, ""learning_rate"": 0.0001, ""loss_type"": ""CE"", ""model"": ""GRU4Rec"", ""num_layers"": 1, ""train_batch_size"": 2048, ""train_neg_sample_args"": null}",,,,,128.0,0.0001,0.1,1.0,CE,,,,,
GRU4Rec,yoochoose_recbole_sample,cuda,10,2048,2048,11.97,0.27,0.0,,,0.0133,0.0216,0.0086,0.0112,0.007,0.0081,"yoochoose_recbole_sample::GRU4Rec::{""dropout_prob"": 0.2, ""epochs"": 10, ""eval_batch_size"": 2048, ""hidden_size"": 128, ""learning_rate"": 0.0001, ""loss_type"": ""CE"", ""model"": ""GRU4Rec"", ""num_layers"": 1, ""train_batch_size"": 2048, ""train_neg_sample_args"": null}",success,,17.94,"{""dropout_prob"": 0.2, ""epochs"": 10, ""eval_batch_size"": 2048, ""hidden_size"": 128, ""learning_rate"": 0.0001, ""loss_type"": ""CE"", ""model"": ""GRU4Rec"", ""num_layers"": 1, ""train_batch_size"": 2048, ""train_neg_sample_args"": null}",,,,,128.0,0.0001,0.2,1.0,CE,,,,,
GRU4Rec,yoochoose_recbole_sample,cuda,20,2048,2048,23.73,0.26,0.0,,,0.0149,0.0243,0.0098,0.0128,0.0082,0.0094,"yoochoose_recbole_sample::GRU4Rec::{""dropout_prob"": 0.2, ""epochs"": 20, ""eval_batch_size"": 2048, ""hidden_size"": 128, ""learning_rate"": 0.0001, ""loss_type"": ""CE"", ""model"": ""GRU4Rec"", ""num_layers"": 1, ""train_batch_size"": 2048, ""train_neg_sample_args"": null}",success,,29.69,"{""dropout_prob"": 0.2, ""epochs"": 20, ""eval_batch_size"": 2048, ""hidden_size"": 128, ""learning_rate"": 0.0001, ""loss_type"": ""CE"", ""model"": ""GRU4Rec"", ""num_layers"": 1, ""train_batch_size"": 2048, ""train_neg_sample_args"": null}",,,,,128.0,0.0001,0.2,1.0,CE,,,,,
GRU4Rec,yoochoose_recbole_sample,cuda,10,2048,2048,13.15,0.27,0.0,,,0.249,0.3399,0.1684,0.1978,0.142,0.1541,"yoochoose_recbole_sample::GRU4Rec::{""dropout_prob"": 0.1, ""epochs"": 10, ""eval_batch_size"": 2048, ""hidden_size"": 256, ""learning_rate"": 0.001, ""loss_type"": ""CE"", ""model"": ""GRU4Rec"", ""num_layers"": 1, ""train_batch_size"": 2048, ""train_neg_sample_args"": null}",success,,19.08,"{""dropout_prob"": 0.1, ""epochs"": 10, ""eval_batch_size"": 2048, ""hidden_size"": 256, ""learning_rate"": 0.001, ""loss_type"": ""CE"", ""model"": ""GRU4Rec"", ""num_layers"": 1, ""train_batch_size"": 2048, ""train_neg_sample_args"": null}",,,,,256.0,0.001,0.1,1.0,CE,,,,,
GRU4Rec,yoochoose_recbole_sample,cuda,20,2048,2048,26.14,0.28,0.0,,,0.379,0.4818,0.2693,0.3027,0.2331,0.2469,"yoochoose_recbole_sample::GRU4Rec::{""dropout_prob"": 0.1, ""epochs"": 20, ""eval_batch_size"": 2048, ""hidden_size"": 256, ""learning_rate"": 0.001, ""loss_type"": ""CE"", ""model"": ""GRU4Rec"", ""num_layers"": 1, ""train_batch_size"": 2048, ""train_neg_sample_args"": null}",success,,32.13,"{""dropout_prob"": 0.1, ""epochs"": 20, ""eval_batch_size"": 2048, ""hidden_size"": 256, ""learning_rate"": 0.001, ""loss_type"": ""CE"", ""model"": ""GRU4Rec"", ""num_layers"": 1, ""train_batch_size"": 2048, ""train_neg_sample_args"": null}",,,,,256.0,0.001,0.1,1.0,CE,,,,,
GRU4Rec,yoochoose_recbole_sample,cuda,20,2048,2048,26.21,0.27,0.0,,,0.3785,0.4824,0.2684,0.3021,0.232,0.246,"yoochoose_recbole_sample::GRU4Rec::{""dropout_prob"": 0.2, ""epochs"": 20, ""eval_batch_size"": 2048, ""hidden_size"": 256, ""learning_rate"": 0.001, ""loss_type"": ""CE"", ""model"": ""GRU4Rec"", ""num_layers"": 1, ""train_batch_size"": 2048, ""train_neg_sample_args"": null}",success,,32.09,"{""dropout_prob"": 0.2, ""epochs"": 20, ""eval_batch_size"": 2048, ""hidden_size"": 256, ""learning_rate"": 0.001, ""loss_type"": ""CE"", ""model"": ""GRU4Rec"", ""num_layers"": 1, ""train_batch_size"": 2048, ""train_neg_sample_args"": null}",,,,,256.0,0.001,0.2,1.0,CE,,,,,
GRU4Rec,yoochoose_recbole_sample,cuda,10,2048,2048,13.1,0.27,0.0,,,0.0439,0.078,0.0299,0.0408,0.0253,0.0298,"yoochoose_recbole_sample::GRU4Rec::{""dropout_prob"": 0.1, ""epochs"": 10, ""eval_batch_size"": 2048, ""hidden_size"": 256, ""learning_rate"": 0.0005, ""loss_type"": ""CE"", ""model"": ""GRU4Rec"", ""num_layers"": 1, ""train_batch_size"": 2048, ""train_neg_sample_args"": null}",success,,19.07,"{""dropout_prob"": 0.1, ""epochs"": 10, ""eval_batch_size"": 2048, ""hidden_size"": 256, ""learning_rate"": 0.0005, ""loss_type"": ""CE"", ""model"": ""GRU4Rec"", ""num_layers"": 1, ""train_batch_size"": 2048, ""train_neg_sample_args"": null}",,,,,256.0,0.0005,0.1,1.0,CE,,,,,
GRU4Rec,yoochoose_recbole_sample,cuda,20,2048,2048,26.21,0.27,0.0,,,0.2317,0.3242,0.1556,0.1856,0.1307,0.1431,"yoochoose_recbole_sample::GRU4Rec::{""dropout_prob"": 0.1, ""epochs"": 20, ""eval_batch_size"": 2048, ""hidden_size"": 256, ""learning_rate"": 0.0005, ""loss_type"": ""CE"", ""model"": ""GRU4Rec"", ""num_layers"": 1, ""train_batch_size"": 2048, ""train_neg_sample_args"": null}",success,,32.21,"{""dropout_prob"": 0.1, ""epochs"": 20, ""eval_batch_size"": 2048, ""hidden_size"": 256, ""learning_rate"": 0.0005, ""loss_type"": ""CE"", ""model"": ""GRU4Rec"", ""num_layers"": 1, ""train_batch_size"": 2048, ""train_neg_sample_args"": null}",,,,,256.0,0.0005,0.1,1.0,CE,,,,,
GRU4Rec,yoochoose_recbole_sample,cuda,20,2048,2048,26.13,0.27,0.0,,,0.2294,0.3216,0.1544,0.1842,0.1297,0.1421,"yoochoose_recbole_sample::GRU4Rec::{""dropout_prob"": 0.2, ""epochs"": 20, ""eval_batch_size"": 2048, ""hidden_size"": 256, ""learning_rate"": 0.0005, ""loss_type"": ""CE"", ""model"": ""GRU4Rec"", ""num_layers"": 1, ""train_batch_size"": 2048, ""train_neg_sample_args"": null}",success,,32.11,"{""dropout_prob"": 0.2, ""epochs"": 20, ""eval_batch_size"": 2048, ""hidden_size"": 256, ""learning_rate"": 0.0005, ""loss_type"": ""CE"", ""model"": ""GRU4Rec"", ""num_layers"": 1, ""train_batch_size"": 2048, ""train_neg_sample_args"": null}",,,,,256.0,0.0005,0.2,1.0,CE,,,,,
GRU4Rec,yoochoose_recbole_sample,cuda,10,2048,2048,13.15,0.27,0.0,,,0.0129,0.0216,0.0084,0.0112,0.0069,0.0081,"yoochoose_recbole_sample::GRU4Rec::{""dropout_prob"": 0.1, ""epochs"": 10, ""eval_batch_size"": 2048, ""hidden_size"": 256, ""learning_rate"": 0.0001, ""loss_type"": ""CE"", ""model"": ""GRU4Rec"", ""num_layers"": 1, ""train_batch_size"": 2048, ""train_neg_sample_args"": null}",success,,19.11,"{""dropout_prob"": 0.1, ""epochs"": 10, ""eval_batch_size"": 2048, ""hidden_size"": 256, ""learning_rate"": 0.0001, ""loss_type"": ""CE"", ""model"": ""GRU4Rec"", ""num_layers"": 1, ""train_batch_size"": 2048, ""train_neg_sample_args"": null}",,,,,256.0,0.0001,0.1,1.0,CE,,,,,
GRU4Rec,yoochoose_recbole_sample,cuda,20,2048,2048,26.1,0.27,0.0,,,0.0146,0.0239,0.0096,0.0126,0.008,0.0092,"yoochoose_recbole_sample::GRU4Rec::{""dropout_prob"": 0.1, ""epochs"": 20, ""eval_batch_size"": 2048, ""hidden_size"": 256, ""learning_rate"": 0.0001, ""loss_type"": ""CE"", ""model"": ""GRU4Rec"", ""num_layers"": 1, ""train_batch_size"": 2048, ""train_neg_sample_args"": null}",success,,32.14,"{""dropout_prob"": 0.1, ""epochs"": 20, ""eval_batch_size"": 2048, ""hidden_size"": 256, ""learning_rate"": 0.0001, ""loss_type"": ""CE"", ""model"": ""GRU4Rec"", ""num_layers"": 1, ""train_batch_size"": 2048, ""train_neg_sample_args"": null}",,,,,256.0,0.0001,0.1,1.0,CE,,,,,
GRU4Rec,yoochoose_recbole_sample,cuda,10,2048,2048,13.09,0.27,0.0,,,0.013,0.0221,0.0084,0.0113,0.0069,0.0081,"yoochoose_recbole_sample::GRU4Rec::{""dropout_prob"": 0.2, ""epochs"": 10, ""eval_batch_size"": 2048, ""hidden_size"": 256, ""learning_rate"": 0.0001, ""loss_type"": ""CE"", ""model"": ""GRU4Rec"", ""num_layers"": 1, ""train_batch_size"": 2048, ""train_neg_sample_args"": null}",success,,19.04,"{""dropout_prob"": 0.2, ""epochs"": 10, ""eval_batch_size"": 2048, ""hidden_size"": 256, ""learning_rate"": 0.0001, ""loss_type"": ""CE"", ""model"": ""GRU4Rec"", ""num_layers"": 1, ""train_batch_size"": 2048, ""train_neg_sample_args"": null}",,,,,256.0,0.0001,0.2,1.0,CE,,,,,
GRU4Rec,yoochoose_recbole_sample,cuda,20,2048,2048,26.11,0.28,0.0,,,0.0115,0.0221,0.0073,0.0107,0.0059,0.0073,"yoochoose_recbole_sample::GRU4Rec::{""dropout_prob"": 0.2, ""epochs"": 20, ""eval_batch_size"": 2048, ""hidden_size"": 256, ""learning_rate"": 0.0001, ""loss_type"": ""CE"", ""model"": ""GRU4Rec"", ""num_layers"": 1, ""train_batch_size"": 2048, ""train_neg_sample_args"": null}",success,,32.11,"{""dropout_prob"": 0.2, ""epochs"": 20, ""eval_batch_size"": 2048, ""hidden_size"": 256, ""learning_rate"": 0.0001, ""loss_type"": ""CE"", ""model"": ""GRU4Rec"", ""num_layers"": 1, ""train_batch_size"": 2048, ""train_neg_sample_args"": null}",,,,,256.0,0.0001,0.2,1.0,CE,,,,,
VS-KNN,globo_recbole_sample,cuda,1,2048,1024,48.85,101.52,0.0,100.0,250.0,0.183,0.3421,0.0838,0.1353,0.0521,0.0733,"globo_recbole_sample::VS-KNN::{""vsknn_k"": 100, ""vsknn_sample_size"": 250}",success,,157.34,"{""vsknn_k"": 100, ""vsknn_sample_size"": 250}",,,,,,,,,,,,,,
VS-KNN,globo_recbole_sample,cuda,1,2048,1024,54.04,112.66,0.0,100.0,500.0,0.1784,0.3373,0.0811,0.1326,0.05,0.0713,"globo_recbole_sample::VS-KNN::{""vsknn_k"": 100, ""vsknn_sample_size"": 500}",success,,173.47,"{""vsknn_k"": 100, ""vsknn_sample_size"": 500}",,,,,,,,,,,,,,
VS-KNN,globo_recbole_sample,cuda,1,2048,1024,61.81,129.1,0.0,200.0,100.0,0.1854,0.3421,0.0863,0.1369,0.0544,0.0753,"globo_recbole_sample::VS-KNN::{""vsknn_k"": 200, ""vsknn_sample_size"": 100}",success,,197.63,"{""vsknn_k"": 200, ""vsknn_sample_size"": 100}",,,,,,,,,,,,,,
VS-KNN,globo_recbole_sample,cuda,1,2048,1024,82.03,172.61,0.0,200.0,250.0,0.1878,0.353,0.0868,0.1404,0.0544,0.0766,"globo_recbole_sample::VS-KNN::{""vsknn_k"": 200, ""vsknn_sample_size"": 250}",success,,261.59,"{""vsknn_k"": 200, ""vsknn_sample_size"": 250}",,,,,,,,,,,,,,
VS-KNN,globo_recbole_sample,cuda,1,2048,1024,82.37,173.85,0.0,200.0,500.0,0.1852,0.3512,0.0847,0.1384,0.0525,0.0747,"globo_recbole_sample::VS-KNN::{""vsknn_k"": 200, ""vsknn_sample_size"": 500}",success,,263.28,"{""vsknn_k"": 200, ""vsknn_sample_size"": 500}",,,,,,,,,,,,,,
VS-KNN,globo_recbole_sample,cuda,1,2048,1024,61.43,129.21,0.0,500.0,100.0,0.1854,0.3421,0.0863,0.1369,0.0544,0.0753,"globo_recbole_sample::VS-KNN::{""vsknn_k"": 500, ""vsknn_sample_size"": 100}",success,,197.79,"{""vsknn_k"": 500, ""vsknn_sample_size"": 100}",,,,,,,,,,,,,,
VS-KNN,globo_recbole_sample,cuda,1,2048,1024,128.79,272.98,0.0,500.0,250.0,0.1916,0.3547,0.0889,0.1417,0.0559,0.0778,"globo_recbole_sample::VS-KNN::{""vsknn_k"": 500, ""vsknn_sample_size"": 250}",success,,408.75,"{""vsknn_k"": 500, ""vsknn_sample_size"": 250}",,,,,,,,,,,,,,
VS-KNN,globo_recbole_sample,cuda,1,2048,1024,234.19,496.87,0.0,500.0,500.0,0.1936,0.3597,0.0898,0.1436,0.0565,0.0787,"globo_recbole_sample::VS-KNN::{""vsknn_k"": 500, ""vsknn_sample_size"": 500}",success,,738.02,"{""vsknn_k"": 500, ""vsknn_sample_size"": 500}",,,,,,,,,,,,,,
VSTAN,globo_recbole_sample,cuda,1,2048,1024,64.94,136.15,0.0,,,0.181,0.3391,0.0823,0.1335,0.0507,0.0719,"globo_recbole_sample::VSTAN::{""vstan_idf_weighting"": true, ""vstan_k"": 100, ""vstan_position_decay"": 0.05, ""vstan_sample_size"": 100}",success,,207.9,"{""vstan_idf_weighting"": true, ""vstan_k"": 100, ""vstan_position_decay"": 0.05, ""vstan_sample_size"": 100}",100.0,100.0,0.05,True,,,,,,,,,,
VSTAN,globo_recbole_sample,cuda,1,2048,1024,64.2,135.55,0.0,,,0.1871,0.344,0.087,0.1378,0.0548,0.0758,"globo_recbole_sample::VSTAN::{""vstan_idf_weighting"": false, ""vstan_k"": 100, ""vstan_position_decay"": 0.05, ""vstan_sample_size"": 100}",success,,206.94,"{""vstan_idf_weighting"": false, ""vstan_k"": 100, ""vstan_position_decay"": 0.05, ""vstan_sample_size"": 100}",100.0,100.0,0.05,False,,,,,,,,,,
VSTAN,globo_recbole_sample,cuda,1,2048,1024,64.13,138.42,0.0,,,0.1881,0.346,0.0875,0.1386,0.0552,0.0762,"globo_recbole_sample::VSTAN::{""vstan_idf_weighting"": false, ""vstan_k"": 100, ""vstan_position_decay"": 0.1, ""vstan_sample_size"": 100}",success,,209.59,"{""vstan_idf_weighting"": false, ""vstan_k"": 100, ""vstan_position_decay"": 0.1, ""vstan_sample_size"": 100}",100.0,100.0,0.1,False,,,,,,,,,,
VSTAN,globo_recbole_sample,cuda,1,2048,1024,65.0,138.44,0.0,,,0.1864,0.3432,0.0848,0.1356,0.0523,0.0733,"globo_recbole_sample::VSTAN::{""vstan_idf_weighting"": true, ""vstan_k"": 100, ""vstan_position_decay"": 0.2, ""vstan_sample_size"": 100}",success,,210.41,"{""vstan_idf_weighting"": true, ""vstan_k"": 100, ""vstan_position_decay"": 0.2, ""vstan_sample_size"": 100}",100.0,100.0,0.2,True,,,,,,,,,,
VSTAN,globo_recbole_sample,cuda,1,2048,1024,64.49,138.5,0.0,,,0.1909,0.3482,0.0888,0.1397,0.056,0.077,"globo_recbole_sample::VSTAN::{""vstan_idf_weighting"": false, ""vstan_k"": 100, ""vstan_position_decay"": 0.2, ""vstan_sample_size"": 100}",success,,210.1,"{""vstan_idf_weighting"": false, ""vstan_k"": 100, ""vstan_position_decay"": 0.2, ""vstan_sample_size"": 100}",100.0,100.0,0.2,False,,,,,,,,,,
VSTAN,globo_recbole_sample,cuda,1,2048,1024,53.01,110.89,0.0,,,0.1799,0.3413,0.081,0.1333,0.0494,0.0711,"globo_recbole_sample::VSTAN::{""vstan_idf_weighting"": true, ""vstan_k"": 100, ""vstan_position_decay"": 0.05, ""vstan_sample_size"": 250}",success,,171.06,"{""vstan_idf_weighting"": true, ""vstan_k"": 100, ""vstan_position_decay"": 0.05, ""vstan_sample_size"": 250}",100.0,250.0,0.05,True,,,,,,,,,,
VSTAN,globo_recbole_sample,cuda,1,2048,1024,51.38,107.74,0.0,,,0.1947,0.3486,0.0917,0.1416,0.0585,0.0791,"globo_recbole_sample::VSTAN::{""vstan_idf_weighting"": false, ""vstan_k"": 100, ""vstan_position_decay"": 0.05, ""vstan_sample_size"": 250}",success,,166.07,"{""vstan_idf_weighting"": false, ""vstan_k"": 100, ""vstan_position_decay"": 0.05, ""vstan_sample_size"": 250}",100.0,250.0,0.05,False,,,,,,,,,,
VSTAN,globo_recbole_sample,cuda,1,2048,1024,53.49,111.54,0.0,,,0.1857,0.3454,0.0843,0.136,0.0518,0.0732,"globo_recbole_sample::VSTAN::{""vstan_idf_weighting"": true, ""vstan_k"": 100, ""vstan_position_decay"": 0.1, ""vstan_sample_size"": 250}",success,,172.22,"{""vstan_idf_weighting"": true, ""vstan_k"": 100, ""vstan_position_decay"": 0.1, ""vstan_sample_size"": 250}",100.0,250.0,0.1,True,,,,,,,,,,
VSTAN,globo_recbole_sample,cuda,1,2048,1024,51.57,108.28,0.0,,,0.1958,0.3503,0.0923,0.1424,0.059,0.0797,"globo_recbole_sample::VSTAN::{""vstan_idf_weighting"": false, ""vstan_k"": 100, ""vstan_position_decay"": 0.1, ""vstan_sample_size"": 250}",success,,166.84,"{""vstan_idf_weighting"": false, ""vstan_k"": 100, ""vstan_position_decay"": 0.1, ""vstan_sample_size"": 250}",100.0,250.0,0.1,False,,,,,,,,,,
VSTAN,globo_recbole_sample,cuda,1,2048,1024,54.33,113.68,0.0,,,0.194,0.3496,0.0896,0.1401,0.0561,0.077,"globo_recbole_sample::VSTAN::{""vstan_idf_weighting"": true, ""vstan_k"": 100, ""vstan_position_decay"": 0.2, ""vstan_sample_size"": 250}",success,,174.94,"{""vstan_idf_weighting"": true, ""vstan_k"": 100, ""vstan_position_decay"": 0.2, ""vstan_sample_size"": 250}",100.0,250.0,0.2,True,,,,,,,,,,
VSTAN,globo_recbole_sample,cuda,1,2048,1024,52.19,109.12,0.0,,,0.1999,0.3531,0.0946,0.1442,0.0606,0.0811,"globo_recbole_sample::VSTAN::{""vstan_idf_weighting"": false, ""vstan_k"": 100, ""vstan_position_decay"": 0.2, ""vstan_sample_size"": 250}",success,,168.26,"{""vstan_idf_weighting"": false, ""vstan_k"": 100, ""vstan_position_decay"": 0.2, ""vstan_sample_size"": 250}",100.0,250.0,0.2,False,,,,,,,,,,
VSTAN,globo_recbole_sample,cuda,1,2048,1024,60.32,126.31,0.0,,,0.1744,0.334,0.079,0.1308,0.0486,0.07,"globo_recbole_sample::VSTAN::{""vstan_idf_weighting"": true, ""vstan_k"": 100, ""vstan_position_decay"": 0.05, ""vstan_sample_size"": 500}",success,,193.79,"{""vstan_idf_weighting"": true, ""vstan_k"": 100, ""vstan_position_decay"": 0.05, ""vstan_sample_size"": 500}",100.0,500.0,0.05,True,,,,,,,,,,
VSTAN,globo_recbole_sample,cuda,1,2048,1024,58.41,122.84,0.0,,,0.191,0.3474,0.0891,0.1398,0.0564,0.0774,"globo_recbole_sample::VSTAN::{""vstan_idf_weighting"": false, ""vstan_k"": 100, ""vstan_position_decay"": 0.05, ""vstan_sample_size"": 500}",success,,188.28,"{""vstan_idf_weighting"": false, ""vstan_k"": 100, ""vstan_position_decay"": 0.05, ""vstan_sample_size"": 500}",100.0,500.0,0.05,False,,,,,,,,,,
VSTAN,globo_recbole_sample,cuda,1,2048,1024,60.55,126.76,0.0,,,0.1814,0.3405,0.0824,0.134,0.0508,0.0721,"globo_recbole_sample::VSTAN::{""vstan_idf_weighting"": true, ""vstan_k"": 100, ""vstan_position_decay"": 0.1, ""vstan_sample_size"": 500}",success,,194.42,"{""vstan_idf_weighting"": true, ""vstan_k"": 100, ""vstan_position_decay"": 0.1, ""vstan_sample_size"": 500}",100.0,500.0,0.1,True,,,,,,,,,,
VSTAN,globo_recbole_sample,cuda,1,2048,1024,58.66,122.24,0.0,,,0.193,0.3504,0.0902,0.1412,0.0571,0.0782,"globo_recbole_sample::VSTAN::{""vstan_idf_weighting"": false, ""vstan_k"": 100, ""vstan_position_decay"": 0.1, ""vstan_sample_size"": 500}",success,,187.79,"{""vstan_idf_weighting"": false, ""vstan_k"": 100, ""vstan_position_decay"": 0.1, ""vstan_sample_size"": 500}",100.0,500.0,0.1,False,,,,,,,,,,
VSTAN,globo_recbole_sample,cuda,1,2048,1024,60.62,126.73,0.0,,,0.1905,0.3483,0.0877,0.1389,0.0547,0.076,"globo_recbole_sample::VSTAN::{""vstan_idf_weighting"": true, ""vstan_k"": 100, ""vstan_position_decay"": 0.2, ""vstan_sample_size"": 500}",success,,194.35,"{""vstan_idf_weighting"": true, ""vstan_k"": 100, ""vstan_position_decay"": 0.2, ""vstan_sample_size"": 500}",100.0,500.0,0.2,True,,,,,,,,,,
VSTAN,globo_recbole_sample,cuda,1,2048,1024,58.5,121.68,0.0,,,0.1974,0.3535,0.0926,0.1431,0.0588,0.0797,"globo_recbole_sample::VSTAN::{""vstan_idf_weighting"": false, ""vstan_k"": 100, ""vstan_position_decay"": 0.2, ""vstan_sample_size"": 500}",success,,187.09,"{""vstan_idf_weighting"": false, ""vstan_k"": 100, ""vstan_position_decay"": 0.2, ""vstan_sample_size"": 500}",100.0,500.0,0.2,False,,,,,,,,,,
VSTAN,globo_recbole_sample,cuda,1,2048,1024,65.18,136.91,0.0,,,0.181,0.3391,0.0823,0.1335,0.0507,0.0719,"globo_recbole_sample::VSTAN::{""vstan_idf_weighting"": true, ""vstan_k"": 200, ""vstan_position_decay"": 0.05, ""vstan_sample_size"": 100}",success,,209.05,"{""vstan_idf_weighting"": true, ""vstan_k"": 200, ""vstan_position_decay"": 0.05, ""vstan_sample_size"": 100}",200.0,100.0,0.05,True,,,,,,,,,,
VSTAN,globo_recbole_sample,cuda,1,2048,1024,64.34,135.88,0.0,,,0.1871,0.344,0.087,0.1378,0.0548,0.0758,"globo_recbole_sample::VSTAN::{""vstan_idf_weighting"": false, ""vstan_k"": 200, ""vstan_position_decay"": 0.05, ""vstan_sample_size"": 100}",success,,207.41,"{""vstan_idf_weighting"": false, ""vstan_k"": 200, ""vstan_position_decay"": 0.05, ""vstan_sample_size"": 100}",200.0,100.0,0.05,False,,,,,,,,,,
VSTAN,globo_recbole_sample,cuda,1,2048,1024,65.2,137.06,0.0,,,0.1825,0.3411,0.083,0.1344,0.0512,0.0725,"globo_recbole_sample::VSTAN::{""vstan_idf_weighting"": true, ""vstan_k"": 200, ""vstan_position_decay"": 0.1, ""vstan_sample_size"": 100}",success,,209.3,"{""vstan_idf_weighting"": true, ""vstan_k"": 200, ""vstan_position_decay"": 0.1, ""vstan_sample_size"": 100}",200.0,100.0,0.1,True,,,,,,,,,,
VSTAN,globo_recbole_sample,cuda,1,2048,1024,64.41,136.01,0.0,,,0.1881,0.346,0.0875,0.1386,0.0552,0.0762,"globo_recbole_sample::VSTAN::{""vstan_idf_weighting"": false, ""vstan_k"": 200, ""vstan_position_decay"": 0.1, ""vstan_sample_size"": 100}",success,,207.35,"{""vstan_idf_weighting"": false, ""vstan_k"": 200, ""vstan_position_decay"": 0.1, ""vstan_sample_size"": 100}",200.0,100.0,0.1,False,,,,,,,,,,
VSTAN,globo_recbole_sample,cuda,1,2048,1024,65.15,137.28,0.0,,,0.1864,0.3432,0.0848,0.1356,0.0523,0.0733,"globo_recbole_sample::VSTAN::{""vstan_idf_weighting"": true, ""vstan_k"": 200, ""vstan_position_decay"": 0.2, ""vstan_sample_size"": 100}",success,,209.4,"{""vstan_idf_weighting"": true, ""vstan_k"": 200, ""vstan_position_decay"": 0.2, ""vstan_sample_size"": 100}",200.0,100.0,0.2,True,,,,,,,,,,
VSTAN,globo_recbole_sample,cuda,1,2048,1024,64.53,135.58,0.0,,,0.1909,0.3482,0.0888,0.1397,0.056,0.077,"globo_recbole_sample::VSTAN::{""vstan_idf_weighting"": false, ""vstan_k"": 200, ""vstan_position_decay"": 0.2, ""vstan_sample_size"": 100}",success,,207.25,"{""vstan_idf_weighting"": false, ""vstan_k"": 200, ""vstan_position_decay"": 0.2, ""vstan_sample_size"": 100}",200.0,100.0,0.2,False,,,,,,,,,,
VSTAN,globo_recbole_sample,cuda,1,2048,1024,89.34,187.66,0.0,,,0.1872,0.3566,0.0845,0.1393,0.0516,0.0743,"globo_recbole_sample::VSTAN::{""vstan_idf_weighting"": true, ""vstan_k"": 200, ""vstan_position_decay"": 0.05, ""vstan_sample_size"": 250}",success,,283.92,"{""vstan_idf_weighting"": true, ""vstan_k"": 200, ""vstan_position_decay"": 0.05, ""vstan_sample_size"": 250}",200.0,250.0,0.05,True,,,,,,,,,,
VSTAN,globo_recbole_sample,cuda,1,2048,1024,87.6,184.0,0.0,,,0.1908,0.3558,0.0883,0.1418,0.0554,0.0775,"globo_recbole_sample::VSTAN::{""vstan_idf_weighting"": false, ""vstan_k"": 200, ""vstan_position_decay"": 0.05, ""vstan_sample_size"": 250}",success,,278.55,"{""vstan_idf_weighting"": false, ""vstan_k"": 200, ""vstan_position_decay"": 0.05, ""vstan_sample_size"": 250}",200.0,250.0,0.05,False,,,,,,,,,,
VSTAN,globo_recbole_sample,cuda,1,2048,1024,89.72,188.31,0.0,,,0.1897,0.3585,0.0857,0.1403,0.0524,0.075,"globo_recbole_sample::VSTAN::{""vstan_idf_weighting"": true, ""vstan_k"": 200, ""vstan_position_decay"": 0.1, ""vstan_sample_size"": 250}",success,,285.07,"{""vstan_idf_weighting"": true, ""vstan_k"": 200, ""vstan_position_decay"": 0.1, ""vstan_sample_size"": 250}",200.0,250.0,0.1,True,,,,,,,,,,
VSTAN,globo_recbole_sample,cuda,1,2048,1024,88.04,185.05,0.0,,,0.1927,0.3581,0.0891,0.1427,0.0559,0.0781,"globo_recbole_sample::VSTAN::{""vstan_idf_weighting"": false, ""vstan_k"": 200, ""vstan_position_decay"": 0.1, ""vstan_sample_size"": 250}",success,,280.04,"{""vstan_idf_weighting"": false, ""vstan_k"": 200, ""vstan_position_decay"": 0.1, ""vstan_sample_size"": 250}",200.0,250.0,0.1,False,,,,,,,,,,
VSTAN,globo_recbole_sample,cuda,1,2048,1024,91.29,191.39,0.0,,,0.1948,0.3634,0.0882,0.1428,0.0541,0.0766,"globo_recbole_sample::VSTAN::{""vstan_idf_weighting"": true, ""vstan_k"": 200, ""vstan_position_decay"": 0.2, ""vstan_sample_size"": 250}",success,,289.82,"{""vstan_idf_weighting"": true, ""vstan_k"": 200, ""vstan_position_decay"": 0.2, ""vstan_sample_size"": 250}",200.0,250.0,0.2,True,,,,,,,,,,
VSTAN,globo_recbole_sample,cuda,1,2048,1024,89.34,188.35,0.0,,,0.1973,0.362,0.0915,0.1449,0.0575,0.0796,"globo_recbole_sample::VSTAN::{""vstan_idf_weighting"": false, ""vstan_k"": 200, ""vstan_position_decay"": 0.2, ""vstan_sample_size"": 250}",success,,284.65,"{""vstan_idf_weighting"": false, ""vstan_k"": 200, ""vstan_position_decay"": 0.2, ""vstan_sample_size"": 250}",200.0,250.0,0.2,False,,,,,,,,,,
VSTAN,globo_recbole_sample,cuda,1,2048,1024,93.04,194.4,0.0,,,0.1845,0.3573,0.0829,0.1389,0.0504,0.0736,"globo_recbole_sample::VSTAN::{""vstan_idf_weighting"": true, ""vstan_k"": 200, ""vstan_position_decay"": 0.05, ""vstan_sample_size"": 500}",success,,294.19,"{""vstan_idf_weighting"": true, ""vstan_k"": 200, ""vstan_position_decay"": 0.05, ""vstan_sample_size"": 500}",200.0,500.0,0.05,True,,,,,,,,,,
VSTAN,globo_recbole_sample,cuda,1,2048,1024,89.41,188.12,0.0,,,0.197,0.3596,0.0926,0.1452,0.0589,0.0807,"globo_recbole_sample::VSTAN::{""vstan_idf_weighting"": false, ""vstan_k"": 200, ""vstan_position_decay"": 0.05, ""vstan_sample_size"": 500}",success,,284.51,"{""vstan_idf_weighting"": false, ""vstan_k"": 200, ""vstan_position_decay"": 0.05, ""vstan_sample_size"": 500}",200.0,500.0,0.05,False,,,,,,,,,,
VSTAN,globo_recbole_sample,cuda,1,2048,1024,93.07,195.04,0.0,,,0.1907,0.3625,0.0862,0.1418,0.0528,0.0758,"globo_recbole_sample::VSTAN::{""vstan_idf_weighting"": true, ""vstan_k"": 200, ""vstan_position_decay"": 0.1, ""vstan_sample_size"": 500}",success,,295.15,"{""vstan_idf_weighting"": true, ""vstan_k"": 200, ""vstan_position_decay"": 0.1, ""vstan_sample_size"": 500}",200.0,500.0,0.1,True,,,,,,,,,,
VSTAN,globo_recbole_sample,cuda,1,2048,1024,89.77,189.15,0.0,,,0.1989,0.361,0.0936,0.1461,0.0597,0.0814,"globo_recbole_sample::VSTAN::{""vstan_idf_weighting"": false, ""vstan_k"": 200, ""vstan_position_decay"": 0.1, ""vstan_sample_size"": 500}",success,,286.12,"{""vstan_idf_weighting"": false, ""vstan_k"": 200, ""vstan_position_decay"": 0.1, ""vstan_sample_size"": 500}",200.0,500.0,0.1,False,,,,,,,,,,
VSTAN,globo_recbole_sample,cuda,1,2048,1024,94.48,198.07,0.0,,,0.1981,0.3652,0.0913,0.1454,0.057,0.0794,"globo_recbole_sample::VSTAN::{""vstan_idf_weighting"": true, ""vstan_k"": 200, ""vstan_position_decay"": 0.2, ""vstan_sample_size"": 500}",success,,299.56,"{""vstan_idf_weighting"": true, ""vstan_k"": 200, ""vstan_position_decay"": 0.2, ""vstan_sample_size"": 500}",200.0,500.0,0.2,True,,,,,,,,,,
VSTAN,globo_recbole_sample,cuda,1,2048,1024,90.68,190.08,0.0,,,0.2026,0.3644,0.0958,0.1482,0.0614,0.0831,"globo_recbole_sample::VSTAN::{""vstan_idf_weighting"": false, ""vstan_k"": 200, ""vstan_position_decay"": 0.2, ""vstan_sample_size"": 500}",success,,287.73,"{""vstan_idf_weighting"": false, ""vstan_k"": 200, ""vstan_position_decay"": 0.2, ""vstan_sample_size"": 500}",200.0,500.0,0.2,False,,,,,,,,,,
VSTAN,globo_recbole_sample,cuda,1,2048,1024,65.2,137.14,0.0,,,0.181,0.3391,0.0823,0.1335,0.0507,0.0719,"globo_recbole_sample::VSTAN::{""vstan_idf_weighting"": true, ""vstan_k"": 500, ""vstan_position_decay"": 0.05, ""vstan_sample_size"": 100}",success,,209.53,"{""vstan_idf_weighting"": true, ""vstan_k"": 500, ""vstan_position_decay"": 0.05, ""vstan_sample_size"": 100}",500.0,100.0,0.05,True,,,,,,,,,,
VSTAN,globo_recbole_sample,cuda,1,2048,1024,64.75,135.71,0.0,,,0.1871,0.344,0.087,0.1378,0.0548,0.0758,"globo_recbole_sample::VSTAN::{""vstan_idf_weighting"": false, ""vstan_k"": 500, ""vstan_position_decay"": 0.05, ""vstan_sample_size"": 100}",success,,207.41,"{""vstan_idf_weighting"": false, ""vstan_k"": 500, ""vstan_position_decay"": 0.05, ""vstan_sample_size"": 100}",500.0,100.0,0.05,False,,,,,,,,,,
VSTAN,globo_recbole_sample,cuda,1,2048,1024,64.97,136.8,0.0,,,0.1825,0.3411,0.083,0.1344,0.0512,0.0725,"globo_recbole_sample::VSTAN::{""vstan_idf_weighting"": true, ""vstan_k"": 500, ""vstan_position_decay"": 0.1, ""vstan_sample_size"": 100}",success,,208.86,"{""vstan_idf_weighting"": true, ""vstan_k"": 500, ""vstan_position_decay"": 0.1, ""vstan_sample_size"": 100}",500.0,100.0,0.1,True,,,,,,,,,,
VSTAN,globo_recbole_sample,cuda,1,2048,1024,64.37,135.61,0.0,,,0.1881,0.346,0.0875,0.1386,0.0552,0.0762,"globo_recbole_sample::VSTAN::{""vstan_idf_weighting"": false, ""vstan_k"": 500, ""vstan_position_decay"": 0.1, ""vstan_sample_size"": 100}",success,,207.18,"{""vstan_idf_weighting"": false, ""vstan_k"": 500, ""vstan_position_decay"": 0.1, ""vstan_sample_size"": 100}",500.0,100.0,0.1,False,,,,,,,,,,
VSTAN,globo_recbole_sample,cuda,1,2048,1024,65.13,136.97,0.0,,,0.1864,0.3432,0.0848,0.1356,0.0523,0.0733,"globo_recbole_sample::VSTAN::{""vstan_idf_weighting"": true, ""vstan_k"": 500, ""vstan_position_decay"": 0.2, ""vstan_sample_size"": 100}",success,,209.12,"{""vstan_idf_weighting"": true, ""vstan_k"": 500, ""vstan_position_decay"": 0.2, ""vstan_sample_size"": 100}",500.0,100.0,0.2,True,,,,,,,,,,
VSTAN,globo_recbole_sample,cuda,1,2048,1024,64.36,135.39,0.0,,,0.1909,0.3482,0.0888,0.1397,0.056,0.077,"globo_recbole_sample::VSTAN::{""vstan_idf_weighting"": false, ""vstan_k"": 500, ""vstan_position_decay"": 0.2, ""vstan_sample_size"": 100}",success,,206.72,"{""vstan_idf_weighting"": false, ""vstan_k"": 500, ""vstan_position_decay"": 0.2, ""vstan_sample_size"": 100}",500.0,100.0,0.2,False,,,,,,,,,,
VSTAN,globo_recbole_sample,cuda,1,2048,1024,137.68,291.6,0.0,,,0.1901,0.3565,0.0862,0.1401,0.0529,0.0753,"globo_recbole_sample::VSTAN::{""vstan_idf_weighting"": true, ""vstan_k"": 500, ""vstan_position_decay"": 0.05, ""vstan_sample_size"": 250}",success,,436.43,"{""vstan_idf_weighting"": true, ""vstan_k"": 500, ""vstan_position_decay"": 0.05, ""vstan_sample_size"": 250}",500.0,250.0,0.05,True,,,,,,,,,,
VSTAN,globo_recbole_sample,cuda,1,2048,1024,136.36,288.54,0.0,,,0.1936,0.3571,0.0898,0.1427,0.0564,0.0783,"globo_recbole_sample::VSTAN::{""vstan_idf_weighting"": false, ""vstan_k"": 500, ""vstan_position_decay"": 0.05, ""vstan_sample_size"": 250}",success,,431.93,"{""vstan_idf_weighting"": false, ""vstan_k"": 500, ""vstan_position_decay"": 0.05, ""vstan_sample_size"": 250}",500.0,250.0,0.05,False,,,,,,,,,,
VSTAN,globo_recbole_sample,cuda,1,2048,1024,138.19,291.71,0.0,,,0.1921,0.3597,0.0871,0.1413,0.0535,0.0759,"globo_recbole_sample::VSTAN::{""vstan_idf_weighting"": true, ""vstan_k"": 500, ""vstan_position_decay"": 0.1, ""vstan_sample_size"": 250}",success,,436.62,"{""vstan_idf_weighting"": true, ""vstan_k"": 500, ""vstan_position_decay"": 0.1, ""vstan_sample_size"": 250}",500.0,250.0,0.1,True,,,,,,,,,,
VSTAN,globo_recbole_sample,cuda,1,2048,1024,136.39,288.49,0.0,,,0.1948,0.3591,0.0904,0.1436,0.0568,0.0789,"globo_recbole_sample::VSTAN::{""vstan_idf_weighting"": false, ""vstan_k"": 500, ""vstan_position_decay"": 0.1, ""vstan_sample_size"": 250}",success,,431.91,"{""vstan_idf_weighting"": false, ""vstan_k"": 500, ""vstan_position_decay"": 0.1, ""vstan_sample_size"": 250}",500.0,250.0,0.1,False,,,,,,,,,,
VSTAN,globo_recbole_sample,cuda,1,2048,1024,137.78,292.15,0.0,,,0.1948,0.3642,0.0884,0.1433,0.0544,0.0771,"globo_recbole_sample::VSTAN::{""vstan_idf_weighting"": true, ""vstan_k"": 500, ""vstan_position_decay"": 0.2, ""vstan_sample_size"": 250}",success,,436.88,"{""vstan_idf_weighting"": true, ""vstan_k"": 500, ""vstan_position_decay"": 0.2, ""vstan_sample_size"": 250}",500.0,250.0,0.2,True,,,,,,,,,,
VSTAN,globo_recbole_sample,cuda,1,2048,1024,136.37,288.86,0.0,,,0.1978,0.3627,0.0918,0.1452,0.0577,0.0798,"globo_recbole_sample::VSTAN::{""vstan_idf_weighting"": false, ""vstan_k"": 500, ""vstan_position_decay"": 0.2, ""vstan_sample_size"": 250}",success,,432.19,"{""vstan_idf_weighting"": false, ""vstan_k"": 500, ""vstan_position_decay"": 0.2, ""vstan_sample_size"": 250}",500.0,250.0,0.2,False,,,,,,,,,,
VSTAN,globo_recbole_sample,cuda,1,2048,1024,251.29,533.49,0.0,,,0.1921,0.3652,0.0871,0.1431,0.0535,0.0766,"globo_recbole_sample::VSTAN::{""vstan_idf_weighting"": true, ""vstan_k"": 500, ""vstan_position_decay"": 0.05, ""vstan_sample_size"": 500}",success,,791.81,"{""vstan_idf_weighting"": true, ""vstan_k"": 500, ""vstan_position_decay"": 0.05, ""vstan_sample_size"": 500}",500.0,500.0,0.05,True,,,,,,,,,,
VSTAN,globo_recbole_sample,cuda,1,2048,1024,248.55,527.55,0.0,,,0.1951,0.3626,0.0906,0.1448,0.057,0.0794,"globo_recbole_sample::VSTAN::{""vstan_idf_weighting"": false, ""vstan_k"": 500, ""vstan_position_decay"": 0.05, ""vstan_sample_size"": 500}",success,,783.3,"{""vstan_idf_weighting"": false, ""vstan_k"": 500, ""vstan_position_decay"": 0.05, ""vstan_sample_size"": 500}",500.0,500.0,0.05,False,,,,,,,,,,
VSTAN,globo_recbole_sample,cuda,1,2048,1024,251.23,533.2,0.0,,,0.1943,0.3683,0.0881,0.1444,0.0541,0.0773,"globo_recbole_sample::VSTAN::{""vstan_idf_weighting"": true, ""vstan_k"": 500, ""vstan_position_decay"": 0.1, ""vstan_sample_size"": 500}",success,,791.63,"{""vstan_idf_weighting"": true, ""vstan_k"": 500, ""vstan_position_decay"": 0.1, ""vstan_sample_size"": 500}",500.0,500.0,0.1,True,,,,,,,,,,
VSTAN,globo_recbole_sample,cuda,1,2048,1024,248.27,527.76,0.0,,,0.1966,0.3654,0.0912,0.1458,0.0573,0.0798,"globo_recbole_sample::VSTAN::{""vstan_idf_weighting"": false, ""vstan_k"": 500, ""vstan_position_decay"": 0.1, ""vstan_sample_size"": 500}",success,,783.02,"{""vstan_idf_weighting"": false, ""vstan_k"": 500, ""vstan_position_decay"": 0.1, ""vstan_sample_size"": 500}",500.0,500.0,0.1,False,,,,,,,,,,
VSTAN,globo_recbole_sample,cuda,1,2048,1024,251.47,533.12,0.0,,,0.1975,0.3709,0.0895,0.1457,0.055,0.0782,"globo_recbole_sample::VSTAN::{""vstan_idf_weighting"": true, ""vstan_k"": 500, ""vstan_position_decay"": 0.2, ""vstan_sample_size"": 500}",success,,791.8,"{""vstan_idf_weighting"": true, ""vstan_k"": 500, ""vstan_position_decay"": 0.2, ""vstan_sample_size"": 500}",500.0,500.0,0.2,True,,,,,,,,,,
VSTAN,globo_recbole_sample,cuda,1,2048,1024,248.68,527.67,0.0,,,0.2,0.3696,0.0927,0.1475,0.0582,0.0809,"globo_recbole_sample::VSTAN::{""vstan_idf_weighting"": false, ""vstan_k"": 500, ""vstan_position_decay"": 0.2, ""vstan_sample_size"": 500}",success,,783.41,"{""vstan_idf_weighting"": false, ""vstan_k"": 500, ""vstan_position_decay"": 0.2, ""vstan_sample_size"": 500}",500.0,500.0,0.2,False,,,,,,,,,,
GRU4Rec,globo_recbole_sample,cuda,10,2048,2048,9.75,0.24,0.0,,,0.1855,0.276,0.1179,0.1471,0.0958,0.1078,"globo_recbole_sample::GRU4Rec::{""dropout_prob"": 0.1, ""epochs"": 10, ""eval_batch_size"": 2048, ""hidden_size"": 100, ""learning_rate"": 0.001, ""loss_type"": ""CE"", ""model"": ""GRU4Rec"", ""num_layers"": 1, ""train_batch_size"": 2048, ""train_neg_sample_args"": null}",success,,15.51,"{""dropout_prob"": 0.1, ""epochs"": 10, ""eval_batch_size"": 2048, ""hidden_size"": 100, ""learning_rate"": 0.001, ""loss_type"": ""CE"", ""model"": ""GRU4Rec"", ""num_layers"": 1, ""train_batch_size"": 2048, ""train_neg_sample_args"": null}",,,,,100.0,0.001,0.1,1.0,CE,,,,,
GRU4Rec,globo_recbole_sample,cuda,20,2048,2048,19.1,0.25,0.0,,,0.2439,0.3622,0.1603,0.1984,0.1329,0.1485,"globo_recbole_sample::GRU4Rec::{""dropout_prob"": 0.1, ""epochs"": 20, ""eval_batch_size"": 2048, ""hidden_size"": 100, ""learning_rate"": 0.001, ""loss_type"": ""CE"", ""model"": ""GRU4Rec"", ""num_layers"": 1, ""train_batch_size"": 2048, ""train_neg_sample_args"": null}",success,,24.94,"{""dropout_prob"": 0.1, ""epochs"": 20, ""eval_batch_size"": 2048, ""hidden_size"": 100, ""learning_rate"": 0.001, ""loss_type"": ""CE"", ""model"": ""GRU4Rec"", ""num_layers"": 1, ""train_batch_size"": 2048, ""train_neg_sample_args"": null}",,,,,100.0,0.001,0.1,1.0,CE,,,,,
GRU4Rec,globo_recbole_sample,cuda,10,2048,2048,9.52,0.25,0.0,,,0.2091,0.3195,0.1341,0.1697,0.1096,0.1241,"globo_recbole_sample::GRU4Rec::{""dropout_prob"": 0.2, ""epochs"": 10, ""eval_batch_size"": 2048, ""hidden_size"": 100, ""learning_rate"": 0.001, ""loss_type"": ""CE"", ""model"": ""GRU4Rec"", ""num_layers"": 1, ""train_batch_size"": 2048, ""train_neg_sample_args"": null}",success,,15.51,"{""dropout_prob"": 0.2, ""epochs"": 10, ""eval_batch_size"": 2048, ""hidden_size"": 100, ""learning_rate"": 0.001, ""loss_type"": ""CE"", ""model"": ""GRU4Rec"", ""num_layers"": 1, ""train_batch_size"": 2048, ""train_neg_sample_args"": null}",,,,,100.0,0.001,0.2,1.0,CE,,,,,
GRU4Rec,globo_recbole_sample,cuda,20,2048,2048,19.08,0.27,0.0,,,0.2424,0.3612,0.1595,0.1978,0.1323,0.1481,"globo_recbole_sample::GRU4Rec::{""dropout_prob"": 0.2, ""epochs"": 20, ""eval_batch_size"": 2048, ""hidden_size"": 100, ""learning_rate"": 0.001, ""loss_type"": ""CE"", ""model"": ""GRU4Rec"", ""num_layers"": 1, ""train_batch_size"": 2048, ""train_neg_sample_args"": null}",success,,24.8,"{""dropout_prob"": 0.2, ""epochs"": 20, ""eval_batch_size"": 2048, ""hidden_size"": 100, ""learning_rate"": 0.001, ""loss_type"": ""CE"", ""model"": ""GRU4Rec"", ""num_layers"": 1, ""train_batch_size"": 2048, ""train_neg_sample_args"": null}",,,,,100.0,0.001,0.2,1.0,CE,,,,,
GRU4Rec,globo_recbole_sample,cuda,10,2048,2048,9.64,0.25,0.0,,,0.0333,0.0634,0.022,0.0316,0.0184,0.0222,"globo_recbole_sample::GRU4Rec::{""dropout_prob"": 0.1, ""epochs"": 10, ""eval_batch_size"": 2048, ""hidden_size"": 100, ""learning_rate"": 0.0005, ""loss_type"": ""CE"", ""model"": ""GRU4Rec"", ""num_layers"": 1, ""train_batch_size"": 2048, ""train_neg_sample_args"": null}",success,,15.42,"{""dropout_prob"": 0.1, ""epochs"": 10, ""eval_batch_size"": 2048, ""hidden_size"": 100, ""learning_rate"": 0.0005, ""loss_type"": ""CE"", ""model"": ""GRU4Rec"", ""num_layers"": 1, ""train_batch_size"": 2048, ""train_neg_sample_args"": null}",,,,,100.0,0.0005,0.1,1.0,CE,,,,,
GRU4Rec,globo_recbole_sample,cuda,20,2048,2048,19.24,0.25,0.0,,,0.2161,0.3249,0.1368,0.1718,0.1108,0.1251,"globo_recbole_sample::GRU4Rec::{""dropout_prob"": 0.1, ""epochs"": 20, ""eval_batch_size"": 2048, ""hidden_size"": 100, ""learning_rate"": 0.0005, ""loss_type"": ""CE"", ""model"": ""GRU4Rec"", ""num_layers"": 1, ""train_batch_size"": 2048, ""train_neg_sample_args"": null}",success,,25.3,"{""dropout_prob"": 0.1, ""epochs"": 20, ""eval_batch_size"": 2048, ""hidden_size"": 100, ""learning_rate"": 0.0005, ""loss_type"": ""CE"", ""model"": ""GRU4Rec"", ""num_layers"": 1, ""train_batch_size"": 2048, ""train_neg_sample_args"": null}",,,,,100.0,0.0005,0.1,1.0,CE,,,,,
GRU4Rec,globo_recbole_sample,cuda,10,2048,2048,9.67,0.25,0.0,,,0.0337,0.0641,0.0222,0.0319,0.0185,0.0224,"globo_recbole_sample::GRU4Rec::{""dropout_prob"": 0.2, ""epochs"": 10, ""eval_batch_size"": 2048, ""hidden_size"": 100, ""learning_rate"": 0.0005, ""loss_type"": ""CE"", ""model"": ""GRU4Rec"", ""num_layers"": 1, ""train_batch_size"": 2048, ""train_neg_sample_args"": null}",success,,15.33,"{""dropout_prob"": 0.2, ""epochs"": 10, ""eval_batch_size"": 2048, ""hidden_size"": 100, ""learning_rate"": 0.0005, ""loss_type"": ""CE"", ""model"": ""GRU4Rec"", ""num_layers"": 1, ""train_batch_size"": 2048, ""train_neg_sample_args"": null}",,,,,100.0,0.0005,0.2,1.0,CE,,,,,
GRU4Rec,globo_recbole_sample,cuda,20,2048,2048,19.36,0.25,0.0,,,0.2064,0.3119,0.131,0.165,0.1063,0.1202,"globo_recbole_sample::GRU4Rec::{""dropout_prob"": 0.2, ""epochs"": 20, ""eval_batch_size"": 2048, ""hidden_size"": 100, ""learning_rate"": 0.0005, ""loss_type"": ""CE"", ""model"": ""GRU4Rec"", ""num_layers"": 1, ""train_batch_size"": 2048, ""train_neg_sample_args"": null}",success,,25.36,"{""dropout_prob"": 0.2, ""epochs"": 20, ""eval_batch_size"": 2048, ""hidden_size"": 100, ""learning_rate"": 0.0005, ""loss_type"": ""CE"", ""model"": ""GRU4Rec"", ""num_layers"": 1, ""train_batch_size"": 2048, ""train_neg_sample_args"": null}",,,,,100.0,0.0005,0.2,1.0,CE,,,,,
GRU4Rec,globo_recbole_sample,cuda,10,2048,2048,9.83,0.25,0.0,,,0.0335,0.0567,0.0221,0.0295,0.0183,0.0214,"globo_recbole_sample::GRU4Rec::{""dropout_prob"": 0.1, ""epochs"": 10, ""eval_batch_size"": 2048, ""hidden_size"": 100, ""learning_rate"": 0.0001, ""loss_type"": ""CE"", ""model"": ""GRU4Rec"", ""num_layers"": 1, ""train_batch_size"": 2048, ""train_neg_sample_args"": null}",success,,15.61,"{""dropout_prob"": 0.1, ""epochs"": 10, ""eval_batch_size"": 2048, ""hidden_size"": 100, ""learning_rate"": 0.0001, ""loss_type"": ""CE"", ""model"": ""GRU4Rec"", ""num_layers"": 1, ""train_batch_size"": 2048, ""train_neg_sample_args"": null}",,,,,100.0,0.0001,0.1,1.0,CE,,,,,
GRU4Rec,globo_recbole_sample,cuda,20,2048,2048,19.48,0.25,0.0,,,0.0338,0.0622,0.0223,0.0313,0.0185,0.0221,"globo_recbole_sample::GRU4Rec::{""dropout_prob"": 0.1, ""epochs"": 20, ""eval_batch_size"": 2048, ""hidden_size"": 100, ""learning_rate"": 0.0001, ""loss_type"": ""CE"", ""model"": ""GRU4Rec"", ""num_layers"": 1, ""train_batch_size"": 2048, ""train_neg_sample_args"": null}",success,,25.34,"{""dropout_prob"": 0.1, ""epochs"": 20, ""eval_batch_size"": 2048, ""hidden_size"": 100, ""learning_rate"": 0.0001, ""loss_type"": ""CE"", ""model"": ""GRU4Rec"", ""num_layers"": 1, ""train_batch_size"": 2048, ""train_neg_sample_args"": null}",,,,,100.0,0.0001,0.1,1.0,CE,,,,,
GRU4Rec,globo_recbole_sample,cuda,10,2048,2048,9.74,0.25,0.0,,,0.0335,0.0567,0.0221,0.0295,0.0184,0.0214,"globo_recbole_sample::GRU4Rec::{""dropout_prob"": 0.2, ""epochs"": 10, ""eval_batch_size"": 2048, ""hidden_size"": 100, ""learning_rate"": 0.0001, ""loss_type"": ""CE"", ""model"": ""GRU4Rec"", ""num_layers"": 1, ""train_batch_size"": 2048, ""train_neg_sample_args"": null}",success,,15.58,"{""dropout_prob"": 0.2, ""epochs"": 10, ""eval_batch_size"": 2048, ""hidden_size"": 100, ""learning_rate"": 0.0001, ""loss_type"": ""CE"", ""model"": ""GRU4Rec"", ""num_layers"": 1, ""train_batch_size"": 2048, ""train_neg_sample_args"": null}",,,,,100.0,0.0001,0.2,1.0,CE,,,,,
GRU4Rec,globo_recbole_sample,cuda,20,2048,2048,19.65,0.25,0.0,,,0.0327,0.0614,0.0218,0.031,0.0183,0.022,"globo_recbole_sample::GRU4Rec::{""dropout_prob"": 0.2, ""epochs"": 20, ""eval_batch_size"": 2048, ""hidden_size"": 100, ""learning_rate"": 0.0001, ""loss_type"": ""CE"", ""model"": ""GRU4Rec"", ""num_layers"": 1, ""train_batch_size"": 2048, ""train_neg_sample_args"": null}",success,,25.82,"{""dropout_prob"": 0.2, ""epochs"": 20, ""eval_batch_size"": 2048, ""hidden_size"": 100, ""learning_rate"": 0.0001, ""loss_type"": ""CE"", ""model"": ""GRU4Rec"", ""num_layers"": 1, ""train_batch_size"": 2048, ""train_neg_sample_args"": null}",,,,,100.0,0.0001,0.2,1.0,CE,,,,,
GRU4Rec,globo_recbole_sample,cuda,10,2048,2048,9.83,0.25,0.0,,,0.2109,0.3222,0.1342,0.17,0.1091,0.1237,"globo_recbole_sample::GRU4Rec::{""dropout_prob"": 0.1, ""epochs"": 10, ""eval_batch_size"": 2048, ""hidden_size"": 128, ""learning_rate"": 0.001, ""loss_type"": ""CE"", ""model"": ""GRU4Rec"", ""num_layers"": 1, ""train_batch_size"": 2048, ""train_neg_sample_args"": null}",success,,15.7,"{""dropout_prob"": 0.1, ""epochs"": 10, ""eval_batch_size"": 2048, ""hidden_size"": 128, ""learning_rate"": 0.001, ""loss_type"": ""CE"", ""model"": ""GRU4Rec"", ""num_layers"": 1, ""train_batch_size"": 2048, ""train_neg_sample_args"": null}",,,,,128.0,0.001,0.1,1.0,CE,,,,,
GRU4Rec,globo_recbole_sample,cuda,20,2048,2048,19.62,0.26,0.0,,,0.2411,0.3611,0.1582,0.1969,0.1311,0.1469,"globo_recbole_sample::GRU4Rec::{""dropout_prob"": 0.1, ""epochs"": 20, ""eval_batch_size"": 2048, ""hidden_size"": 128, ""learning_rate"": 0.001, ""loss_type"": ""CE"", ""model"": ""GRU4Rec"", ""num_layers"": 1, ""train_batch_size"": 2048, ""train_neg_sample_args"": null}",success,,25.47,"{""dropout_prob"": 0.1, ""epochs"": 20, ""eval_batch_size"": 2048, ""hidden_size"": 128, ""learning_rate"": 0.001, ""loss_type"": ""CE"", ""model"": ""GRU4Rec"", ""num_layers"": 1, ""train_batch_size"": 2048, ""train_neg_sample_args"": null}",,,,,128.0,0.001,0.1,1.0,CE,,,,,
GRU4Rec,globo_recbole_sample,cuda,20,2048,2048,19.7,0.26,0.0,,,0.241,0.3621,0.1592,0.1982,0.1324,0.1484,"globo_recbole_sample::GRU4Rec::{""dropout_prob"": 0.2, ""epochs"": 20, ""eval_batch_size"": 2048, ""hidden_size"": 128, ""learning_rate"": 0.001, ""loss_type"": ""CE"", ""model"": ""GRU4Rec"", ""num_layers"": 1, ""train_batch_size"": 2048, ""train_neg_sample_args"": null}",success,,25.58,"{""dropout_prob"": 0.2, ""epochs"": 20, ""eval_batch_size"": 2048, ""hidden_size"": 128, ""learning_rate"": 0.001, ""loss_type"": ""CE"", ""model"": ""GRU4Rec"", ""num_layers"": 1, ""train_batch_size"": 2048, ""train_neg_sample_args"": null}",,,,,128.0,0.001,0.2,1.0,CE,,,,,
GRU4Rec,globo_recbole_sample,cuda,10,2048,2048,9.84,0.26,0.0,,,0.0331,0.0635,0.0219,0.0314,0.0182,0.022,"globo_recbole_sample::GRU4Rec::{""dropout_prob"": 0.1, ""epochs"": 10, ""eval_batch_size"": 2048, ""hidden_size"": 128, ""learning_rate"": 0.0005, ""loss_type"": ""CE"", ""model"": ""GRU4Rec"", ""num_layers"": 1, ""train_batch_size"": 2048, ""train_neg_sample_args"": null}",success,,15.75,"{""dropout_prob"": 0.1, ""epochs"": 10, ""eval_batch_size"": 2048, ""hidden_size"": 128, ""learning_rate"": 0.0005, ""loss_type"": ""CE"", ""model"": ""GRU4Rec"", ""num_layers"": 1, ""train_batch_size"": 2048, ""train_neg_sample_args"": null}",,,,,128.0,0.0005,0.1,1.0,CE,,,,,
GRU4Rec,globo_recbole_sample,cuda,20,2048,2048,19.58,0.25,0.0,,,0.2164,0.3248,0.1365,0.1714,0.1103,0.1246,"globo_recbole_sample::GRU4Rec::{""dropout_prob"": 0.1, ""epochs"": 20, ""eval_batch_size"": 2048, ""hidden_size"": 128, ""learning_rate"": 0.0005, ""loss_type"": ""CE"", ""model"": ""GRU4Rec"", ""num_layers"": 1, ""train_batch_size"": 2048, ""train_neg_sample_args"": null}",success,,25.43,"{""dropout_prob"": 0.1, ""epochs"": 20, ""eval_batch_size"": 2048, ""hidden_size"": 128, ""learning_rate"": 0.0005, ""loss_type"": ""CE"", ""model"": ""GRU4Rec"", ""num_layers"": 1, ""train_batch_size"": 2048, ""train_neg_sample_args"": null}",,,,,128.0,0.0005,0.1,1.0,CE,,,,,
GRU4Rec,globo_recbole_sample,cuda,20,2048,2048,19.54,0.25,0.0,,,0.1906,0.2877,0.1213,0.1525,0.0987,0.1114,"globo_recbole_sample::GRU4Rec::{""dropout_prob"": 0.2, ""epochs"": 20, ""eval_batch_size"": 2048, ""hidden_size"": 128, ""learning_rate"": 0.0005, ""loss_type"": ""CE"", ""model"": ""GRU4Rec"", ""num_layers"": 1, ""train_batch_size"": 2048, ""train_neg_sample_args"": null}",success,,25.39,"{""dropout_prob"": 0.2, ""epochs"": 20, ""eval_batch_size"": 2048, ""hidden_size"": 128, ""learning_rate"": 0.0005, ""loss_type"": ""CE"", ""model"": ""GRU4Rec"", ""num_layers"": 1, ""train_batch_size"": 2048, ""train_neg_sample_args"": null}",,,,,128.0,0.0005,0.2,1.0,CE,,,,,
GRU4Rec,globo_recbole_sample,cuda,10,2048,2048,9.74,0.25,0.0,,,0.0327,0.0619,0.0218,0.0311,0.0183,0.022,"globo_recbole_sample::GRU4Rec::{""dropout_prob"": 0.1, ""epochs"": 10, ""eval_batch_size"": 2048, ""hidden_size"": 128, ""learning_rate"": 0.0001, ""loss_type"": ""CE"", ""model"": ""GRU4Rec"", ""num_layers"": 1, ""train_batch_size"": 2048, ""train_neg_sample_args"": null}",success,,15.76,"{""dropout_prob"": 0.1, ""epochs"": 10, ""eval_batch_size"": 2048, ""hidden_size"": 128, ""learning_rate"": 0.0001, ""loss_type"": ""CE"", ""model"": ""GRU4Rec"", ""num_layers"": 1, ""train_batch_size"": 2048, ""train_neg_sample_args"": null}",,,,,128.0,0.0001,0.1,1.0,CE,,,,,
GRU4Rec,globo_recbole_sample,cuda,20,2048,2048,19.53,0.25,0.0,,,0.0331,0.0626,0.022,0.0314,0.0184,0.0222,"globo_recbole_sample::GRU4Rec::{""dropout_prob"": 0.1, ""epochs"": 20, ""eval_batch_size"": 2048, ""hidden_size"": 128, ""learning_rate"": 0.0001, ""loss_type"": ""CE"", ""model"": ""GRU4Rec"", ""num_layers"": 1, ""train_batch_size"": 2048, ""train_neg_sample_args"": null}",success,,25.41,"{""dropout_prob"": 0.1, ""epochs"": 20, ""eval_batch_size"": 2048, ""hidden_size"": 128, ""learning_rate"": 0.0001, ""loss_type"": ""CE"", ""model"": ""GRU4Rec"", ""num_layers"": 1, ""train_batch_size"": 2048, ""train_neg_sample_args"": null}",,,,,128.0,0.0001,0.1,1.0,CE,,,,,
GRU4Rec,globo_recbole_sample,cuda,10,2048,2048,9.77,0.25,0.0,,,0.0335,0.0572,0.0221,0.0296,0.0184,0.0214,"globo_recbole_sample::GRU4Rec::{""dropout_prob"": 0.2, ""epochs"": 10, ""eval_batch_size"": 2048, ""hidden_size"": 128, ""learning_rate"": 0.0001, ""loss_type"": ""CE"", ""model"": ""GRU4Rec"", ""num_layers"": 1, ""train_batch_size"": 2048, ""train_neg_sample_args"": null}",success,,15.45,"{""dropout_prob"": 0.2, ""epochs"": 10, ""eval_batch_size"": 2048, ""hidden_size"": 128, ""learning_rate"": 0.0001, ""loss_type"": ""CE"", ""model"": ""GRU4Rec"", ""num_layers"": 1, ""train_batch_size"": 2048, ""train_neg_sample_args"": null}",,,,,128.0,0.0001,0.2,1.0,CE,,,,,
GRU4Rec,globo_recbole_sample,cuda,20,2048,2048,19.54,0.26,0.0,,,0.0325,0.0612,0.0218,0.031,0.0184,0.0221,"globo_recbole_sample::GRU4Rec::{""dropout_prob"": 0.2, ""epochs"": 20, ""eval_batch_size"": 2048, ""hidden_size"": 128, ""learning_rate"": 0.0001, ""loss_type"": ""CE"", ""model"": ""GRU4Rec"", ""num_layers"": 1, ""train_batch_size"": 2048, ""train_neg_sample_args"": null}",success,,25.19,"{""dropout_prob"": 0.2, ""epochs"": 20, ""eval_batch_size"": 2048, ""hidden_size"": 128, ""learning_rate"": 0.0001, ""loss_type"": ""CE"", ""model"": ""GRU4Rec"", ""num_layers"": 1, ""train_batch_size"": 2048, ""train_neg_sample_args"": null}",,,,,128.0,0.0001,0.2,1.0,CE,,,,,
GRU4Rec,globo_recbole_sample,cuda,10,2048,2048,10.68,0.26,0.0,,,0.2078,0.3228,0.1333,0.1704,0.1089,0.1241,"globo_recbole_sample::GRU4Rec::{""dropout_prob"": 0.1, ""epochs"": 10, ""eval_batch_size"": 2048, ""hidden_size"": 256, ""learning_rate"": 0.001, ""loss_type"": ""CE"", ""model"": ""GRU4Rec"", ""num_layers"": 1, ""train_batch_size"": 2048, ""train_neg_sample_args"": null}",success,,16.59,"{""dropout_prob"": 0.1, ""epochs"": 10, ""eval_batch_size"": 2048, ""hidden_size"": 256, ""learning_rate"": 0.001, ""loss_type"": ""CE"", ""model"": ""GRU4Rec"", ""num_layers"": 1, ""train_batch_size"": 2048, ""train_neg_sample_args"": null}",,,,,256.0,0.001,0.1,1.0,CE,,,,,
GRU4Rec,globo_recbole_sample,cuda,20,2048,2048,21.3,0.26,0.0,,,0.2436,0.3614,0.1608,0.1988,0.1337,0.1493,"globo_recbole_sample::GRU4Rec::{""dropout_prob"": 0.1, ""epochs"": 20, ""eval_batch_size"": 2048, ""hidden_size"": 256, ""learning_rate"": 0.001, ""loss_type"": ""CE"", ""model"": ""GRU4Rec"", ""num_layers"": 1, ""train_batch_size"": 2048, ""train_neg_sample_args"": null}",success,,27.36,"{""dropout_prob"": 0.1, ""epochs"": 20, ""eval_batch_size"": 2048, ""hidden_size"": 256, ""learning_rate"": 0.001, ""loss_type"": ""CE"", ""model"": ""GRU4Rec"", ""num_layers"": 1, ""train_batch_size"": 2048, ""train_neg_sample_args"": null}",,,,,256.0,0.001,0.1,1.0,CE,,,,,
GRU4Rec,globo_recbole_sample,cuda,20,2048,2048,21.22,0.27,0.0,,,0.2412,0.3574,0.1587,0.1961,0.1316,0.147,"globo_recbole_sample::GRU4Rec::{""dropout_prob"": 0.2, ""epochs"": 20, ""eval_batch_size"": 2048, ""hidden_size"": 256, ""learning_rate"": 0.001, ""loss_type"": ""CE"", ""model"": ""GRU4Rec"", ""num_layers"": 1, ""train_batch_size"": 2048, ""train_neg_sample_args"": null}",success,,27.01,"{""dropout_prob"": 0.2, ""epochs"": 20, ""eval_batch_size"": 2048, ""hidden_size"": 256, ""learning_rate"": 0.001, ""loss_type"": ""CE"", ""model"": ""GRU4Rec"", ""num_layers"": 1, ""train_batch_size"": 2048, ""train_neg_sample_args"": null}",,,,,256.0,0.001,0.2,1.0,CE,,,,,
GRU4Rec,globo_recbole_sample,cuda,10,2048,2048,10.62,0.26,0.0,,,0.033,0.0632,0.0219,0.0315,0.0183,0.0222,"globo_recbole_sample::GRU4Rec::{""dropout_prob"": 0.1, ""epochs"": 10, ""eval_batch_size"": 2048, ""hidden_size"": 256, ""learning_rate"": 0.0005, ""loss_type"": ""CE"", ""model"": ""GRU4Rec"", ""num_layers"": 1, ""train_batch_size"": 2048, ""train_neg_sample_args"": null}",success,,16.66,"{""dropout_prob"": 0.1, ""epochs"": 10, ""eval_batch_size"": 2048, ""hidden_size"": 256, ""learning_rate"": 0.0005, ""loss_type"": ""CE"", ""model"": ""GRU4Rec"", ""num_layers"": 1, ""train_batch_size"": 2048, ""train_neg_sample_args"": null}",,,,,256.0,0.0005,0.1,1.0,CE,,,,,
GRU4Rec,globo_recbole_sample,cuda,20,2048,2048,21.34,0.28,0.0,,,0.2112,0.3226,0.1325,0.1683,0.1067,0.1214,"globo_recbole_sample::GRU4Rec::{""dropout_prob"": 0.1, ""epochs"": 20, ""eval_batch_size"": 2048, ""hidden_size"": 256, ""learning_rate"": 0.0005, ""loss_type"": ""CE"", ""model"": ""GRU4Rec"", ""num_layers"": 1, ""train_batch_size"": 2048, ""train_neg_sample_args"": null}",success,,27.27,"{""dropout_prob"": 0.1, ""epochs"": 20, ""eval_batch_size"": 2048, ""hidden_size"": 256, ""learning_rate"": 0.0005, ""loss_type"": ""CE"", ""model"": ""GRU4Rec"", ""num_layers"": 1, ""train_batch_size"": 2048, ""train_neg_sample_args"": null}",,,,,256.0,0.0005,0.1,1.0,CE,,,,,
GRU4Rec,globo_recbole_sample,cuda,20,2048,2048,21.37,0.27,0.0,,,0.1609,0.252,0.1008,0.1302,0.0812,0.0932,"globo_recbole_sample::GRU4Rec::{""dropout_prob"": 0.2, ""epochs"": 20, ""eval_batch_size"": 2048, ""hidden_size"": 256, ""learning_rate"": 0.0005, ""loss_type"": ""CE"", ""model"": ""GRU4Rec"", ""num_layers"": 1, ""train_batch_size"": 2048, ""train_neg_sample_args"": null}",success,,27.23,"{""dropout_prob"": 0.2, ""epochs"": 20, ""eval_batch_size"": 2048, ""hidden_size"": 256, ""learning_rate"": 0.0005, ""loss_type"": ""CE"", ""model"": ""GRU4Rec"", ""num_layers"": 1, ""train_batch_size"": 2048, ""train_neg_sample_args"": null}",,,,,256.0,0.0005,0.2,1.0,CE,,,,,
GRU4Rec,globo_recbole_sample,cuda,10,2048,2048,10.78,0.25,0.0,,,0.0335,0.0583,0.0221,0.03,0.0184,0.0216,"globo_recbole_sample::GRU4Rec::{""dropout_prob"": 0.1, ""epochs"": 10, ""eval_batch_size"": 2048, ""hidden_size"": 256, ""learning_rate"": 0.0001, ""loss_type"": ""CE"", ""model"": ""GRU4Rec"", ""num_layers"": 1, ""train_batch_size"": 2048, ""train_neg_sample_args"": null}",success,,16.83,"{""dropout_prob"": 0.1, ""epochs"": 10, ""eval_batch_size"": 2048, ""hidden_size"": 256, ""learning_rate"": 0.0001, ""loss_type"": ""CE"", ""model"": ""GRU4Rec"", ""num_layers"": 1, ""train_batch_size"": 2048, ""train_neg_sample_args"": null}",,,,,256.0,0.0001,0.1,1.0,CE,,,,,
GRU4Rec,globo_recbole_sample,cuda,20,2048,2048,21.6,0.26,0.0,,,0.033,0.0605,0.0217,0.0305,0.0181,0.0216,"globo_recbole_sample::GRU4Rec::{""dropout_prob"": 0.1, ""epochs"": 20, ""eval_batch_size"": 2048, ""hidden_size"": 256, ""learning_rate"": 0.0001, ""loss_type"": ""CE"", ""model"": ""GRU4Rec"", ""num_layers"": 1, ""train_batch_size"": 2048, ""train_neg_sample_args"": null}",success,,27.5,"{""dropout_prob"": 0.1, ""epochs"": 20, ""eval_batch_size"": 2048, ""hidden_size"": 256, ""learning_rate"": 0.0001, ""loss_type"": ""CE"", ""model"": ""GRU4Rec"", ""num_layers"": 1, ""train_batch_size"": 2048, ""train_neg_sample_args"": null}",,,,,256.0,0.0001,0.1,1.0,CE,,,,,
GRU4Rec,globo_recbole_sample,cuda,10,2048,2048,10.82,0.26,0.0,,,0.0335,0.0584,0.0222,0.0301,0.0185,0.0217,"globo_recbole_sample::GRU4Rec::{""dropout_prob"": 0.2, ""epochs"": 10, ""eval_batch_size"": 2048, ""hidden_size"": 256, ""learning_rate"": 0.0001, ""loss_type"": ""CE"", ""model"": ""GRU4Rec"", ""num_layers"": 1, ""train_batch_size"": 2048, ""train_neg_sample_args"": null}",success,,16.66,"{""dropout_prob"": 0.2, ""epochs"": 10, ""eval_batch_size"": 2048, ""hidden_size"": 256, ""learning_rate"": 0.0001, ""loss_type"": ""CE"", ""model"": ""GRU4Rec"", ""num_layers"": 1, ""train_batch_size"": 2048, ""train_neg_sample_args"": null}",,,,,256.0,0.0001,0.2,1.0,CE,,,,,
GRU4Rec,globo_recbole_sample,cuda,20,2048,2048,21.49,0.27,0.0,,,0.0308,0.0577,0.0208,0.0294,0.0176,0.0211,"globo_recbole_sample::GRU4Rec::{""dropout_prob"": 0.2, ""epochs"": 20, ""eval_batch_size"": 2048, ""hidden_size"": 256, ""learning_rate"": 0.0001, ""loss_type"": ""CE"", ""model"": ""GRU4Rec"", ""num_layers"": 1, ""train_batch_size"": 2048, ""train_neg_sample_args"": null}",success,,27.56,"{""dropout_prob"": 0.2, ""epochs"": 20, ""eval_batch_size"": 2048, ""hidden_size"": 256, ""learning_rate"": 0.0001, ""loss_type"": ""CE"", ""model"": ""GRU4Rec"", ""num_layers"": 1, ""train_batch_size"": 2048, ""train_neg_sample_args"": null}",,,,,256.0,0.0001,0.2,1.0,CE,,,,,
VS-KNN,adressa_recbole_sample,cuda,1,2048,1024,269.44,369.99,0.0,100.0,250.0,0.2061,0.339,0.1287,0.1713,0.1034,0.1208,"adressa_recbole_sample::VS-KNN::{""vsknn_k"": 100, ""vsknn_sample_size"": 250}",success,,646.46,"{""vsknn_k"": 100, ""vsknn_sample_size"": 250}",,,,,,,,,,,,,,
VS-KNN,adressa_recbole_sample,cuda,1,2048,1024,274.7,377.95,0.0,100.0,500.0,0.2112,0.3428,0.1313,0.1735,0.1053,0.1225,"adressa_recbole_sample::VS-KNN::{""vsknn_k"": 100, ""vsknn_sample_size"": 500}",success,,659.7,"{""vsknn_k"": 100, ""vsknn_sample_size"": 500}",,,,,,,,,,,,,,
VS-KNN,adressa_recbole_sample,cuda,1,2048,1024,296.7,414.29,0.0,200.0,100.0,0.1945,0.3172,0.1234,0.1627,0.1002,0.1162,"adressa_recbole_sample::VS-KNN::{""vsknn_k"": 200, ""vsknn_sample_size"": 100}",success,,718.44,"{""vsknn_k"": 200, ""vsknn_sample_size"": 100}",,,,,,,,,,,,,,
VS-KNN,adressa_recbole_sample,cuda,1,2048,1024,374.78,524.68,0.0,200.0,250.0,0.1989,0.3253,0.1251,0.1655,0.101,0.1174,"adressa_recbole_sample::VS-KNN::{""vsknn_k"": 200, ""vsknn_sample_size"": 250}",success,,906.52,"{""vsknn_k"": 200, ""vsknn_sample_size"": 250}",,,,,,,,,,,,,,
VS-KNN,adressa_recbole_sample,cuda,1,2048,1024,349.34,484.49,0.0,200.0,500.0,0.2073,0.346,0.1294,0.1739,0.104,0.1222,"adressa_recbole_sample::VS-KNN::{""vsknn_k"": 200, ""vsknn_sample_size"": 500}",success,,840.85,"{""vsknn_k"": 200, ""vsknn_sample_size"": 500}",,,,,,,,,,,,,,
VS-KNN,adressa_recbole_sample,cuda,1,2048,1024,295.77,412.11,0.0,500.0,100.0,0.1945,0.3172,0.1234,0.1627,0.1002,0.1162,"adressa_recbole_sample::VS-KNN::{""vsknn_k"": 500, ""vsknn_sample_size"": 100}",success,,714.8,"{""vsknn_k"": 500, ""vsknn_sample_size"": 100}",,,,,,,,,,,,,,
VS-KNN,adressa_recbole_sample,cuda,1,2048,1024,477.62,674.14,0.0,500.0,250.0,0.1961,0.3202,0.124,0.1636,0.1005,0.1165,"adressa_recbole_sample::VS-KNN::{""vsknn_k"": 500, ""vsknn_sample_size"": 250}",success,,1158.83,"{""vsknn_k"": 500, ""vsknn_sample_size"": 250}",,,,,,,,,,,,,,
VS-KNN,adressa_recbole_sample,cuda,1,2048,1024,775.01,1101.72,0.0,500.0,500.0,0.1963,0.3213,0.1243,0.1641,0.1007,0.1169,"adressa_recbole_sample::VS-KNN::{""vsknn_k"": 500, ""vsknn_sample_size"": 500}",success,,1883.88,"{""vsknn_k"": 500, ""vsknn_sample_size"": 500}",,,,,,,,,,,,,,
VSTAN,adressa_recbole_sample,cuda,1,2048,1024,302.98,423.52,0.0,,,0.2165,0.3513,0.1374,0.1807,0.1116,0.1293,"adressa_recbole_sample::VSTAN::{""vstan_idf_weighting"": true, ""vstan_k"": 100, ""vstan_position_decay"": 0.05, ""vstan_sample_size"": 100}",success,,733.59,"{""vstan_idf_weighting"": true, ""vstan_k"": 100, ""vstan_position_decay"": 0.05, ""vstan_sample_size"": 100}",100.0,100.0,0.05,True,,,,,,,,,,
VSTAN,adressa_recbole_sample,cuda,1,2048,1024,303.89,423.5,0.0,,,0.2071,0.3366,0.1312,0.1727,0.1065,0.1234,"adressa_recbole_sample::VSTAN::{""vstan_idf_weighting"": false, ""vstan_k"": 100, ""vstan_position_decay"": 0.05, ""vstan_sample_size"": 100}",success,,734.45,"{""vstan_idf_weighting"": false, ""vstan_k"": 100, ""vstan_position_decay"": 0.05, ""vstan_sample_size"": 100}",100.0,100.0,0.05,False,,,,,,,,,,
VSTAN,adressa_recbole_sample,cuda,1,2048,1024,301.9,421.6,0.0,,,0.2164,0.3538,0.1367,0.1807,0.1108,0.1286,"adressa_recbole_sample::VSTAN::{""vstan_idf_weighting"": false, ""vstan_k"": 100, ""vstan_position_decay"": 0.1, ""vstan_sample_size"": 100}",success,,730.46,"{""vstan_idf_weighting"": false, ""vstan_k"": 100, ""vstan_position_decay"": 0.1, ""vstan_sample_size"": 100}",100.0,100.0,0.1,False,,,,,,,,,,
VSTAN,adressa_recbole_sample,cuda,1,2048,1024,302.56,422.33,0.0,,,0.2412,0.3925,0.1541,0.2027,0.1258,0.1457,"adressa_recbole_sample::VSTAN::{""vstan_idf_weighting"": true, ""vstan_k"": 100, ""vstan_position_decay"": 0.2, ""vstan_sample_size"": 100}",success,,732.09,"{""vstan_idf_weighting"": true, ""vstan_k"": 100, ""vstan_position_decay"": 0.2, ""vstan_sample_size"": 100}",100.0,100.0,0.2,True,,,,,,,,,,
VSTAN,adressa_recbole_sample,cuda,1,2048,1024,304.28,424.44,0.0,,,0.2331,0.3802,0.1472,0.1944,0.1192,0.1384,"adressa_recbole_sample::VSTAN::{""vstan_idf_weighting"": false, ""vstan_k"": 100, ""vstan_position_decay"": 0.2, ""vstan_sample_size"": 100}",success,,735.84,"{""vstan_idf_weighting"": false, ""vstan_k"": 100, ""vstan_position_decay"": 0.2, ""vstan_sample_size"": 100}",100.0,100.0,0.2,False,,,,,,,,,,
VSTAN,adressa_recbole_sample,cuda,1,2048,1024,283.78,391.54,0.0,,,0.2259,0.3678,0.145,0.1906,0.1187,0.1373,"adressa_recbole_sample::VSTAN::{""vstan_idf_weighting"": true, ""vstan_k"": 100, ""vstan_position_decay"": 0.05, ""vstan_sample_size"": 250}",success,,682.37,"{""vstan_idf_weighting"": true, ""vstan_k"": 100, ""vstan_position_decay"": 0.05, ""vstan_sample_size"": 250}",100.0,250.0,0.05,True,,,,,,,,,,
VSTAN,adressa_recbole_sample,cuda,1,2048,1024,271.75,374.14,0.0,,,0.2169,0.3576,0.137,0.1822,0.1111,0.1295,"adressa_recbole_sample::VSTAN::{""vstan_idf_weighting"": false, ""vstan_k"": 100, ""vstan_position_decay"": 0.05, ""vstan_sample_size"": 250}",success,,652.84,"{""vstan_idf_weighting"": false, ""vstan_k"": 100, ""vstan_position_decay"": 0.05, ""vstan_sample_size"": 250}",100.0,250.0,0.05,False,,,,,,,,,,
VSTAN,adressa_recbole_sample,cuda,1,2048,1024,284.52,390.41,0.0,,,0.2368,0.3893,0.1524,0.2014,0.125,0.1451,"adressa_recbole_sample::VSTAN::{""vstan_idf_weighting"": true, ""vstan_k"": 100, ""vstan_position_decay"": 0.1, ""vstan_sample_size"": 250}",success,,682.05,"{""vstan_idf_weighting"": true, ""vstan_k"": 100, ""vstan_position_decay"": 0.1, ""vstan_sample_size"": 250}",100.0,250.0,0.1,True,,,,,,,,,,
VSTAN,adressa_recbole_sample,cuda,1,2048,1024,278.39,383.58,0.0,,,0.2262,0.3753,0.1433,0.1912,0.1163,0.1359,"adressa_recbole_sample::VSTAN::{""vstan_idf_weighting"": false, ""vstan_k"": 100, ""vstan_position_decay"": 0.1, ""vstan_sample_size"": 250}",success,,669.22,"{""vstan_idf_weighting"": false, ""vstan_k"": 100, ""vstan_position_decay"": 0.1, ""vstan_sample_size"": 250}",100.0,250.0,0.1,False,,,,,,,,,,
VSTAN,adressa_recbole_sample,cuda,1,2048,1024,279.92,386.33,0.0,,,0.2563,0.4166,0.1635,0.2152,0.1334,0.1547,"adressa_recbole_sample::VSTAN::{""vstan_idf_weighting"": true, ""vstan_k"": 100, ""vstan_position_decay"": 0.2, ""vstan_sample_size"": 250}",success,,673.48,"{""vstan_idf_weighting"": true, ""vstan_k"": 100, ""vstan_position_decay"": 0.2, ""vstan_sample_size"": 250}",100.0,250.0,0.2,True,,,,,,,,,,
VSTAN,adressa_recbole_sample,cuda,1,2048,1024,274.3,378.19,0.0,,,0.2449,0.4063,0.1553,0.2073,0.1262,0.1475,"adressa_recbole_sample::VSTAN::{""vstan_idf_weighting"": false, ""vstan_k"": 100, ""vstan_position_decay"": 0.2, ""vstan_sample_size"": 250}",success,,659.8,"{""vstan_idf_weighting"": false, ""vstan_k"": 100, ""vstan_position_decay"": 0.2, ""vstan_sample_size"": 250}",100.0,250.0,0.2,False,,,,,,,,,,
VSTAN,adressa_recbole_sample,cuda,1,2048,1024,290.41,401.14,0.0,,,0.2306,0.378,0.1484,0.1958,0.1216,0.141,"adressa_recbole_sample::VSTAN::{""vstan_idf_weighting"": true, ""vstan_k"": 100, ""vstan_position_decay"": 0.05, ""vstan_sample_size"": 500}",success,,698.86,"{""vstan_idf_weighting"": true, ""vstan_k"": 100, ""vstan_position_decay"": 0.05, ""vstan_sample_size"": 500}",100.0,500.0,0.05,True,,,,,,,,,,
VSTAN,adressa_recbole_sample,cuda,1,2048,1024,285.23,392.93,0.0,,,0.2249,0.3693,0.1437,0.19,0.1172,0.1362,"adressa_recbole_sample::VSTAN::{""vstan_idf_weighting"": false, ""vstan_k"": 100, ""vstan_position_decay"": 0.05, ""vstan_sample_size"": 500}",success,,685.26,"{""vstan_idf_weighting"": false, ""vstan_k"": 100, ""vstan_position_decay"": 0.05, ""vstan_sample_size"": 500}",100.0,500.0,0.05,False,,,,,,,,,,
VSTAN,adressa_recbole_sample,cuda,1,2048,1024,290.05,399.77,0.0,,,0.2428,0.3988,0.1567,0.2069,0.1287,0.1492,"adressa_recbole_sample::VSTAN::{""vstan_idf_weighting"": true, ""vstan_k"": 100, ""vstan_position_decay"": 0.1, ""vstan_sample_size"": 500}",success,,697.06,"{""vstan_idf_weighting"": true, ""vstan_k"": 100, ""vstan_position_decay"": 0.1, ""vstan_sample_size"": 500}",100.0,500.0,0.1,True,,,,,,,,,,
VSTAN,adressa_recbole_sample,cuda,1,2048,1024,282.26,388.93,0.0,,,0.235,0.3862,0.15,0.1985,0.1223,0.1422,"adressa_recbole_sample::VSTAN::{""vstan_idf_weighting"": false, ""vstan_k"": 100, ""vstan_position_decay"": 0.1, ""vstan_sample_size"": 500}",success,,678.37,"{""vstan_idf_weighting"": false, ""vstan_k"": 100, ""vstan_position_decay"": 0.1, ""vstan_sample_size"": 500}",100.0,500.0,0.1,False,,,,,,,,,,
VSTAN,adressa_recbole_sample,cuda,1,2048,1024,290.62,400.47,0.0,,,0.265,0.4308,0.1694,0.2229,0.1384,0.1604,"adressa_recbole_sample::VSTAN::{""vstan_idf_weighting"": true, ""vstan_k"": 100, ""vstan_position_decay"": 0.2, ""vstan_sample_size"": 500}",success,,698.26,"{""vstan_idf_weighting"": true, ""vstan_k"": 100, ""vstan_position_decay"": 0.2, ""vstan_sample_size"": 500}",100.0,500.0,0.2,True,,,,,,,,,,
VSTAN,adressa_recbole_sample,cuda,1,2048,1024,281.67,388.5,0.0,,,0.2551,0.4184,0.1619,0.2145,0.1316,0.1532,"adressa_recbole_sample::VSTAN::{""vstan_idf_weighting"": false, ""vstan_k"": 100, ""vstan_position_decay"": 0.2, ""vstan_sample_size"": 500}",success,,677.22,"{""vstan_idf_weighting"": false, ""vstan_k"": 100, ""vstan_position_decay"": 0.2, ""vstan_sample_size"": 500}",100.0,500.0,0.2,False,,,,,,,,,,
VSTAN,adressa_recbole_sample,cuda,1,2048,1024,304.61,425.92,0.0,,,0.2165,0.3513,0.1374,0.1807,0.1116,0.1293,"adressa_recbole_sample::VSTAN::{""vstan_idf_weighting"": true, ""vstan_k"": 200, ""vstan_position_decay"": 0.05, ""vstan_sample_size"": 100}",success,,737.81,"{""vstan_idf_weighting"": true, ""vstan_k"": 200, ""vstan_position_decay"": 0.05, ""vstan_sample_size"": 100}",200.0,100.0,0.05,True,,,,,,,,,,
VSTAN,adressa_recbole_sample,cuda,1,2048,1024,299.51,418.55,0.0,,,0.2071,0.3366,0.1312,0.1727,0.1065,0.1234,"adressa_recbole_sample::VSTAN::{""vstan_idf_weighting"": false, ""vstan_k"": 200, ""vstan_position_decay"": 0.05, ""vstan_sample_size"": 100}",success,,725.38,"{""vstan_idf_weighting"": false, ""vstan_k"": 200, ""vstan_position_decay"": 0.05, ""vstan_sample_size"": 100}",200.0,100.0,0.05,False,,,,,,,,,,
VSTAN,adressa_recbole_sample,cuda,1,2048,1024,301.53,421.45,0.0,,,0.2259,0.3693,0.144,0.1902,0.1174,0.1363,"adressa_recbole_sample::VSTAN::{""vstan_idf_weighting"": true, ""vstan_k"": 200, ""vstan_position_decay"": 0.1, ""vstan_sample_size"": 100}",success,,730.32,"{""vstan_idf_weighting"": true, ""vstan_k"": 200, ""vstan_position_decay"": 0.1, ""vstan_sample_size"": 100}",200.0,100.0,0.1,True,,,,,,,,,,
VSTAN,adressa_recbole_sample,cuda,1,2048,1024,306.13,426.99,0.0,,,0.2164,0.3538,0.1367,0.1807,0.1108,0.1286,"adressa_recbole_sample::VSTAN::{""vstan_idf_weighting"": false, ""vstan_k"": 200, ""vstan_position_decay"": 0.1, ""vstan_sample_size"": 100}",success,,740.12,"{""vstan_idf_weighting"": false, ""vstan_k"": 200, ""vstan_position_decay"": 0.1, ""vstan_sample_size"": 100}",200.0,100.0,0.1,False,,,,,,,,,,
VSTAN,adressa_recbole_sample,cuda,1,2048,1024,302.21,422.05,0.0,,,0.2412,0.3925,0.1541,0.2027,0.1258,0.1457,"adressa_recbole_sample::VSTAN::{""vstan_idf_weighting"": true, ""vstan_k"": 200, ""vstan_position_decay"": 0.2, ""vstan_sample_size"": 100}",success,,731.4,"{""vstan_idf_weighting"": true, ""vstan_k"": 200, ""vstan_position_decay"": 0.2, ""vstan_sample_size"": 100}",200.0,100.0,0.2,True,,,,,,,,,,
VSTAN,adressa_recbole_sample,cuda,1,2048,1024,300.37,419.83,0.0,,,0.2331,0.3802,0.1472,0.1944,0.1192,0.1384,"adressa_recbole_sample::VSTAN::{""vstan_idf_weighting"": false, ""vstan_k"": 200, ""vstan_position_decay"": 0.2, ""vstan_sample_size"": 100}",success,,727.55,"{""vstan_idf_weighting"": false, ""vstan_k"": 200, ""vstan_position_decay"": 0.2, ""vstan_sample_size"": 100}",200.0,100.0,0.2,False,,,,,,,,,,
VSTAN,adressa_recbole_sample,cuda,1,2048,1024,390.64,546.55,0.0,,,0.2214,0.3645,0.1408,0.1868,0.1146,0.1334,"adressa_recbole_sample::VSTAN::{""vstan_idf_weighting"": true, ""vstan_k"": 200, ""vstan_position_decay"": 0.05, ""vstan_sample_size"": 250}",success,,944.37,"{""vstan_idf_weighting"": true, ""vstan_k"": 200, ""vstan_position_decay"": 0.05, ""vstan_sample_size"": 250}",200.0,250.0,0.05,True,,,,,,,,,,
VSTAN,adressa_recbole_sample,cuda,1,2048,1024,391.54,547.37,0.0,,,0.2101,0.3433,0.1324,0.175,0.107,0.1244,"adressa_recbole_sample::VSTAN::{""vstan_idf_weighting"": false, ""vstan_k"": 200, ""vstan_position_decay"": 0.05, ""vstan_sample_size"": 250}",success,,946.06,"{""vstan_idf_weighting"": false, ""vstan_k"": 200, ""vstan_position_decay"": 0.05, ""vstan_sample_size"": 250}",200.0,250.0,0.05,False,,,,,,,,,,
VSTAN,adressa_recbole_sample,cuda,1,2048,1024,391.56,548.79,0.0,,,0.2303,0.3841,0.1471,0.1965,0.12,0.1402,"adressa_recbole_sample::VSTAN::{""vstan_idf_weighting"": true, ""vstan_k"": 200, ""vstan_position_decay"": 0.1, ""vstan_sample_size"": 250}",success,,947.64,"{""vstan_idf_weighting"": true, ""vstan_k"": 200, ""vstan_position_decay"": 0.1, ""vstan_sample_size"": 250}",200.0,250.0,0.1,True,,,,,,,,,,
VSTAN,adressa_recbole_sample,cuda,1,2048,1024,387.89,543.84,0.0,,,0.2192,0.3607,0.1385,0.1838,0.1122,0.1306,"adressa_recbole_sample::VSTAN::{""vstan_idf_weighting"": false, ""vstan_k"": 200, ""vstan_position_decay"": 0.1, ""vstan_sample_size"": 250}",success,,938.93,"{""vstan_idf_weighting"": false, ""vstan_k"": 200, ""vstan_position_decay"": 0.1, ""vstan_sample_size"": 250}",200.0,250.0,0.1,False,,,,,,,,,,
VSTAN,adressa_recbole_sample,cuda,1,2048,1024,395.0,554.35,0.0,,,0.2461,0.4119,0.1572,0.2106,0.1283,0.1502,"adressa_recbole_sample::VSTAN::{""vstan_idf_weighting"": true, ""vstan_k"": 200, ""vstan_position_decay"": 0.2, ""vstan_sample_size"": 250}",success,,956.51,"{""vstan_idf_weighting"": true, ""vstan_k"": 200, ""vstan_position_decay"": 0.2, ""vstan_sample_size"": 250}",200.0,250.0,0.2,True,,,,,,,,,,
VSTAN,adressa_recbole_sample,cuda,1,2048,1024,391.2,547.55,0.0,,,0.2355,0.3894,0.1485,0.1979,0.1202,0.1403,"adressa_recbole_sample::VSTAN::{""vstan_idf_weighting"": false, ""vstan_k"": 200, ""vstan_position_decay"": 0.2, ""vstan_sample_size"": 250}",success,,945.88,"{""vstan_idf_weighting"": false, ""vstan_k"": 200, ""vstan_position_decay"": 0.2, ""vstan_sample_size"": 250}",200.0,250.0,0.2,False,,,,,,,,,,
VSTAN,adressa_recbole_sample,cuda,1,2048,1024,385.41,540.5,0.0,,,0.2304,0.3826,0.1472,0.196,0.1201,0.1401,"adressa_recbole_sample::VSTAN::{""vstan_idf_weighting"": true, ""vstan_k"": 200, ""vstan_position_decay"": 0.05, ""vstan_sample_size"": 500}",success,,933.07,"{""vstan_idf_weighting"": true, ""vstan_k"": 200, ""vstan_position_decay"": 0.05, ""vstan_sample_size"": 500}",200.0,500.0,0.05,True,,,,,,,,,,
VSTAN,adressa_recbole_sample,cuda,1,2048,1024,369.72,512.89,0.0,,,0.2183,0.3648,0.138,0.185,0.1119,0.131,"adressa_recbole_sample::VSTAN::{""vstan_idf_weighting"": false, ""vstan_k"": 200, ""vstan_position_decay"": 0.05, ""vstan_sample_size"": 500}",success,,889.64,"{""vstan_idf_weighting"": false, ""vstan_k"": 200, ""vstan_position_decay"": 0.05, ""vstan_sample_size"": 500}",200.0,500.0,0.05,False,,,,,,,,,,
VSTAN,adressa_recbole_sample,cuda,1,2048,1024,382.22,530.1,0.0,,,0.24,0.403,0.1543,0.2068,0.1265,0.148,"adressa_recbole_sample::VSTAN::{""vstan_idf_weighting"": true, ""vstan_k"": 200, ""vstan_position_decay"": 0.1, ""vstan_sample_size"": 500}",success,,919.3,"{""vstan_idf_weighting"": true, ""vstan_k"": 200, ""vstan_position_decay"": 0.1, ""vstan_sample_size"": 500}",200.0,500.0,0.1,True,,,,,,,,,,
VSTAN,adressa_recbole_sample,cuda,1,2048,1024,368.34,510.46,0.0,,,0.2285,0.3825,0.1447,0.1942,0.1174,0.1376,"adressa_recbole_sample::VSTAN::{""vstan_idf_weighting"": false, ""vstan_k"": 200, ""vstan_position_decay"": 0.1, ""vstan_sample_size"": 500}",success,,885.93,"{""vstan_idf_weighting"": false, ""vstan_k"": 200, ""vstan_position_decay"": 0.1, ""vstan_sample_size"": 500}",200.0,500.0,0.1,False,,,,,,,,,,
VSTAN,adressa_recbole_sample,cuda,1,2048,1024,388.36,538.09,0.0,,,0.2602,0.4341,0.1655,0.2216,0.1348,0.1579,"adressa_recbole_sample::VSTAN::{""vstan_idf_weighting"": true, ""vstan_k"": 200, ""vstan_position_decay"": 0.2, ""vstan_sample_size"": 500}",success,,933.92,"{""vstan_idf_weighting"": true, ""vstan_k"": 200, ""vstan_position_decay"": 0.2, ""vstan_sample_size"": 500}",200.0,500.0,0.2,True,,,,,,,,,,
VSTAN,adressa_recbole_sample,cuda,1,2048,1024,375.3,519.74,0.0,,,0.2484,0.4129,0.157,0.21,0.1273,0.149,"adressa_recbole_sample::VSTAN::{""vstan_idf_weighting"": false, ""vstan_k"": 200, ""vstan_position_decay"": 0.2, ""vstan_sample_size"": 500}",success,,902.31,"{""vstan_idf_weighting"": false, ""vstan_k"": 200, ""vstan_position_decay"": 0.2, ""vstan_sample_size"": 500}",200.0,500.0,0.2,False,,,,,,,,,,
VSTAN,adressa_recbole_sample,cuda,1,2048,1024,302.83,423.34,0.0,,,0.2165,0.3513,0.1374,0.1807,0.1116,0.1293,"adressa_recbole_sample::VSTAN::{""vstan_idf_weighting"": true, ""vstan_k"": 500, ""vstan_position_decay"": 0.05, ""vstan_sample_size"": 100}",success,,733.59,"{""vstan_idf_weighting"": true, ""vstan_k"": 500, ""vstan_position_decay"": 0.05, ""vstan_sample_size"": 100}",500.0,100.0,0.05,True,,,,,,,,,,
VSTAN,adressa_recbole_sample,cuda,1,2048,1024,305.88,427.04,0.0,,,0.2071,0.3366,0.1312,0.1727,0.1065,0.1234,"adressa_recbole_sample::VSTAN::{""vstan_idf_weighting"": false, ""vstan_k"": 500, ""vstan_position_decay"": 0.05, ""vstan_sample_size"": 100}",success,,740.03,"{""vstan_idf_weighting"": false, ""vstan_k"": 500, ""vstan_position_decay"": 0.05, ""vstan_sample_size"": 100}",500.0,100.0,0.05,False,,,,,,,,,,
VSTAN,adressa_recbole_sample,cuda,1,2048,1024,307.77,430.33,0.0,,,0.2259,0.3693,0.144,0.1902,0.1174,0.1363,"adressa_recbole_sample::VSTAN::{""vstan_idf_weighting"": true, ""vstan_k"": 500, ""vstan_position_decay"": 0.1, ""vstan_sample_size"": 100}",success,,745.1,"{""vstan_idf_weighting"": true, ""vstan_k"": 500, ""vstan_position_decay"": 0.1, ""vstan_sample_size"": 100}",500.0,100.0,0.1,True,,,,,,,,,,
VSTAN,adressa_recbole_sample,cuda,1,2048,1024,305.44,429.17,0.0,,,0.2164,0.3538,0.1367,0.1807,0.1108,0.1286,"adressa_recbole_sample::VSTAN::{""vstan_idf_weighting"": false, ""vstan_k"": 500, ""vstan_position_decay"": 0.1, ""vstan_sample_size"": 100}",success,,741.59,"{""vstan_idf_weighting"": false, ""vstan_k"": 500, ""vstan_position_decay"": 0.1, ""vstan_sample_size"": 100}",500.0,100.0,0.1,False,,,,,,,,,,
VSTAN,adressa_recbole_sample,cuda,1,2048,1024,306.68,428.68,0.0,,,0.2412,0.3925,0.1541,0.2027,0.1258,0.1457,"adressa_recbole_sample::VSTAN::{""vstan_idf_weighting"": true, ""vstan_k"": 500, ""vstan_position_decay"": 0.2, ""vstan_sample_size"": 100}",success,,742.55,"{""vstan_idf_weighting"": true, ""vstan_k"": 500, ""vstan_position_decay"": 0.2, ""vstan_sample_size"": 100}",500.0,100.0,0.2,True,,,,,,,,,,
VSTAN,adressa_recbole_sample,cuda,1,2048,1024,300.65,419.62,0.0,,,0.2331,0.3802,0.1472,0.1944,0.1192,0.1384,"adressa_recbole_sample::VSTAN::{""vstan_idf_weighting"": false, ""vstan_k"": 500, ""vstan_position_decay"": 0.2, ""vstan_sample_size"": 100}",success,,727.69,"{""vstan_idf_weighting"": false, ""vstan_k"": 500, ""vstan_position_decay"": 0.2, ""vstan_sample_size"": 100}",500.0,100.0,0.2,False,,,,,,,,,,
VSTAN,adressa_recbole_sample,cuda,1,2048,1024,501.57,702.56,0.0,,,0.2203,0.3627,0.139,0.1847,0.1125,0.1312,"adressa_recbole_sample::VSTAN::{""vstan_idf_weighting"": true, ""vstan_k"": 500, ""vstan_position_decay"": 0.05, ""vstan_sample_size"": 250}",success,,1211.31,"{""vstan_idf_weighting"": true, ""vstan_k"": 500, ""vstan_position_decay"": 0.05, ""vstan_sample_size"": 250}",500.0,250.0,0.05,True,,,,,,,,,,
VSTAN,adressa_recbole_sample,cuda,1,2048,1024,493.36,697.28,0.0,,,0.2075,0.3402,0.1314,0.1738,0.1066,0.1238,"adressa_recbole_sample::VSTAN::{""vstan_idf_weighting"": false, ""vstan_k"": 500, ""vstan_position_decay"": 0.05, ""vstan_sample_size"": 250}",success,,1197.82,"{""vstan_idf_weighting"": false, ""vstan_k"": 500, ""vstan_position_decay"": 0.05, ""vstan_sample_size"": 250}",500.0,250.0,0.05,False,,,,,,,,,,
VSTAN,adressa_recbole_sample,cuda,1,2048,1024,494.3,698.57,0.0,,,0.2296,0.3811,0.1457,0.1944,0.1184,0.1383,"adressa_recbole_sample::VSTAN::{""vstan_idf_weighting"": true, ""vstan_k"": 500, ""vstan_position_decay"": 0.1, ""vstan_sample_size"": 250}",success,,1200.15,"{""vstan_idf_weighting"": true, ""vstan_k"": 500, ""vstan_position_decay"": 0.1, ""vstan_sample_size"": 250}",500.0,250.0,0.1,True,,,,,,,,,,
VSTAN,adressa_recbole_sample,cuda,1,2048,1024,495.62,700.66,0.0,,,0.2169,0.3584,0.137,0.1822,0.1109,0.1292,"adressa_recbole_sample::VSTAN::{""vstan_idf_weighting"": false, ""vstan_k"": 500, ""vstan_position_decay"": 0.1, ""vstan_sample_size"": 250}",success,,1203.62,"{""vstan_idf_weighting"": false, ""vstan_k"": 500, ""vstan_position_decay"": 0.1, ""vstan_sample_size"": 250}",500.0,250.0,0.1,False,,,,,,,,,,
VSTAN,adressa_recbole_sample,cuda,1,2048,1024,493.62,697.71,0.0,,,0.2459,0.41,0.1564,0.2092,0.1274,0.1491,"adressa_recbole_sample::VSTAN::{""vstan_idf_weighting"": true, ""vstan_k"": 500, ""vstan_position_decay"": 0.2, ""vstan_sample_size"": 250}",success,,1198.62,"{""vstan_idf_weighting"": true, ""vstan_k"": 500, ""vstan_position_decay"": 0.2, ""vstan_sample_size"": 250}",500.0,250.0,0.2,True,,,,,,,,,,
VSTAN,adressa_recbole_sample,cuda,1,2048,1024,490.05,693.12,0.0,,,0.2348,0.3881,0.1475,0.1967,0.1192,0.1391,"adressa_recbole_sample::VSTAN::{""vstan_idf_weighting"": false, ""vstan_k"": 500, ""vstan_position_decay"": 0.2, ""vstan_sample_size"": 250}",success,,1190.18,"{""vstan_idf_weighting"": false, ""vstan_k"": 500, ""vstan_position_decay"": 0.2, ""vstan_sample_size"": 250}",500.0,250.0,0.2,False,,,,,,,,,,
VSTAN,adressa_recbole_sample,cuda,1,2048,1024,813.39,1155.58,0.0,,,0.2209,0.3665,0.1394,0.1862,0.1129,0.132,"adressa_recbole_sample::VSTAN::{""vstan_idf_weighting"": true, ""vstan_k"": 500, ""vstan_position_decay"": 0.05, ""vstan_sample_size"": 500}",success,,1975.98,"{""vstan_idf_weighting"": true, ""vstan_k"": 500, ""vstan_position_decay"": 0.05, ""vstan_sample_size"": 500}",500.0,500.0,0.05,True,,,,,,,,,,
VSTAN,adressa_recbole_sample,cuda,1,2048,1024,805.27,1150.29,0.0,,,0.2078,0.3435,0.1316,0.175,0.1067,0.1243,"adressa_recbole_sample::VSTAN::{""vstan_idf_weighting"": false, ""vstan_k"": 500, ""vstan_position_decay"": 0.05, ""vstan_sample_size"": 500}",success,,1962.64,"{""vstan_idf_weighting"": false, ""vstan_k"": 500, ""vstan_position_decay"": 0.05, ""vstan_sample_size"": 500}",500.0,500.0,0.05,False,,,,,,,,,,
VSTAN,adressa_recbole_sample,cuda,1,2048,1024,824.39,1169.39,0.0,,,0.2308,0.3855,0.1464,0.1961,0.119,0.1393,"adressa_recbole_sample::VSTAN::{""vstan_idf_weighting"": true, ""vstan_k"": 500, ""vstan_position_decay"": 0.1, ""vstan_sample_size"": 500}",success,,2001.1,"{""vstan_idf_weighting"": true, ""vstan_k"": 500, ""vstan_position_decay"": 0.1, ""vstan_sample_size"": 500}",500.0,500.0,0.1,True,,,,,,,,,,
VSTAN,adressa_recbole_sample,cuda,1,2048,1024,809.7,1154.6,0.0,,,0.2175,0.3623,0.1374,0.1837,0.1113,0.13,"adressa_recbole_sample::VSTAN::{""vstan_idf_weighting"": false, ""vstan_k"": 500, ""vstan_position_decay"": 0.1, ""vstan_sample_size"": 500}",success,,1971.61,"{""vstan_idf_weighting"": false, ""vstan_k"": 500, ""vstan_position_decay"": 0.1, ""vstan_sample_size"": 500}",500.0,500.0,0.1,False,,,,,,,,,,
VSTAN,adressa_recbole_sample,cuda,1,2048,1024,823.29,1170.42,0.0,,,0.2463,0.4166,0.1565,0.2114,0.1274,0.1499,"adressa_recbole_sample::VSTAN::{""vstan_idf_weighting"": true, ""vstan_k"": 500, ""vstan_position_decay"": 0.2, ""vstan_sample_size"": 500}",success,,2000.96,"{""vstan_idf_weighting"": true, ""vstan_k"": 500, ""vstan_position_decay"": 0.2, ""vstan_sample_size"": 500}",500.0,500.0,0.2,True,,,,,,,,,,
VSTAN,adressa_recbole_sample,cuda,1,2048,1024,803.95,1145.93,0.0,,,0.2355,0.392,0.148,0.1981,0.1195,0.1399,"adressa_recbole_sample::VSTAN::{""vstan_idf_weighting"": false, ""vstan_k"": 500, ""vstan_position_decay"": 0.2, ""vstan_sample_size"": 500}",success,,1957.2,"{""vstan_idf_weighting"": false, ""vstan_k"": 500, ""vstan_position_decay"": 0.2, ""vstan_sample_size"": 500}",500.0,500.0,0.2,False,,,,,,,,,,
GRU4Rec,adressa_recbole_sample,cuda,10,2048,2048,9.01,0.2,0.0,,,0.3073,0.4735,0.2007,0.2542,0.1657,0.1877,"adressa_recbole_sample::GRU4Rec::{""dropout_prob"": 0.1, ""epochs"": 10, ""eval_batch_size"": 2048, ""hidden_size"": 100, ""learning_rate"": 0.001, ""loss_type"": ""CE"", ""model"": ""GRU4Rec"", ""num_layers"": 1, ""train_batch_size"": 2048, ""train_neg_sample_args"": null}",success,,14.9,"{""dropout_prob"": 0.1, ""epochs"": 10, ""eval_batch_size"": 2048, ""hidden_size"": 100, ""learning_rate"": 0.001, ""loss_type"": ""CE"", ""model"": ""GRU4Rec"", ""num_layers"": 1, ""train_batch_size"": 2048, ""train_neg_sample_args"": null}",,,,,100.0,0.001,0.1,1.0,CE,,,,,
GRU4Rec,adressa_recbole_sample,cuda,20,2048,2048,17.68,0.19,0.0,,,0.3526,0.515,0.2346,0.2869,0.1958,0.2173,"adressa_recbole_sample::GRU4Rec::{""dropout_prob"": 0.1, ""epochs"": 20, ""eval_batch_size"": 2048, ""hidden_size"": 100, ""learning_rate"": 0.001, ""loss_type"": ""CE"", ""model"": ""GRU4Rec"", ""num_layers"": 1, ""train_batch_size"": 2048, ""train_neg_sample_args"": null}",success,,23.56,"{""dropout_prob"": 0.1, ""epochs"": 20, ""eval_batch_size"": 2048, ""hidden_size"": 100, ""learning_rate"": 0.001, ""loss_type"": ""CE"", ""model"": ""GRU4Rec"", ""num_layers"": 1, ""train_batch_size"": 2048, ""train_neg_sample_args"": null}",,,,,100.0,0.001,0.1,1.0,CE,,,,,
GRU4Rec,adressa_recbole_sample,cuda,10,2048,2048,9.0,0.18,0.0,,,0.3058,0.4724,0.1998,0.2534,0.165,0.187,"adressa_recbole_sample::GRU4Rec::{""dropout_prob"": 0.2, ""epochs"": 10, ""eval_batch_size"": 2048, ""hidden_size"": 100, ""learning_rate"": 0.001, ""loss_type"": ""CE"", ""model"": ""GRU4Rec"", ""num_layers"": 1, ""train_batch_size"": 2048, ""train_neg_sample_args"": null}",success,,14.75,"{""dropout_prob"": 0.2, ""epochs"": 10, ""eval_batch_size"": 2048, ""hidden_size"": 100, ""learning_rate"": 0.001, ""loss_type"": ""CE"", ""model"": ""GRU4Rec"", ""num_layers"": 1, ""train_batch_size"": 2048, ""train_neg_sample_args"": null}",,,,,100.0,0.001,0.2,1.0,CE,,,,,
GRU4Rec,adressa_recbole_sample,cuda,20,2048,2048,17.54,0.19,0.0,,,0.3484,0.5129,0.2301,0.2831,0.1912,0.213,"adressa_recbole_sample::GRU4Rec::{""dropout_prob"": 0.2, ""epochs"": 20, ""eval_batch_size"": 2048, ""hidden_size"": 100, ""learning_rate"": 0.001, ""loss_type"": ""CE"", ""model"": ""GRU4Rec"", ""num_layers"": 1, ""train_batch_size"": 2048, ""train_neg_sample_args"": null}",success,,23.22,"{""dropout_prob"": 0.2, ""epochs"": 20, ""eval_batch_size"": 2048, ""hidden_size"": 100, ""learning_rate"": 0.001, ""loss_type"": ""CE"", ""model"": ""GRU4Rec"", ""num_layers"": 1, ""train_batch_size"": 2048, ""train_neg_sample_args"": null}",,,,,100.0,0.001,0.2,1.0,CE,,,,,
GRU4Rec,adressa_recbole_sample,cuda,10,2048,2048,8.86,0.2,0.0,,,0.2745,0.4512,0.1713,0.228,0.1375,0.1606,"adressa_recbole_sample::GRU4Rec::{""dropout_prob"": 0.1, ""epochs"": 10, ""eval_batch_size"": 2048, ""hidden_size"": 100, ""learning_rate"": 0.0005, ""loss_type"": ""CE"", ""model"": ""GRU4Rec"", ""num_layers"": 1, ""train_batch_size"": 2048, ""train_neg_sample_args"": null}",success,,14.83,"{""dropout_prob"": 0.1, ""epochs"": 10, ""eval_batch_size"": 2048, ""hidden_size"": 100, ""learning_rate"": 0.0005, ""loss_type"": ""CE"", ""model"": ""GRU4Rec"", ""num_layers"": 1, ""train_batch_size"": 2048, ""train_neg_sample_args"": null}",,,,,100.0,0.0005,0.1,1.0,CE,,,,,
GRU4Rec,adressa_recbole_sample,cuda,20,2048,2048,17.63,0.19,0.0,,,0.3149,0.4781,0.2037,0.2561,0.1672,0.1886,"adressa_recbole_sample::GRU4Rec::{""dropout_prob"": 0.1, ""epochs"": 20, ""eval_batch_size"": 2048, ""hidden_size"": 100, ""learning_rate"": 0.0005, ""loss_type"": ""CE"", ""model"": ""GRU4Rec"", ""num_layers"": 1, ""train_batch_size"": 2048, ""train_neg_sample_args"": null}",success,,23.49,"{""dropout_prob"": 0.1, ""epochs"": 20, ""eval_batch_size"": 2048, ""hidden_size"": 100, ""learning_rate"": 0.0005, ""loss_type"": ""CE"", ""model"": ""GRU4Rec"", ""num_layers"": 1, ""train_batch_size"": 2048, ""train_neg_sample_args"": null}",,,,,100.0,0.0005,0.1,1.0,CE,,,,,
GRU4Rec,adressa_recbole_sample,cuda,10,2048,2048,8.91,0.19,0.0,,,0.2702,0.4491,0.1692,0.2266,0.1361,0.1595,"adressa_recbole_sample::GRU4Rec::{""dropout_prob"": 0.2, ""epochs"": 10, ""eval_batch_size"": 2048, ""hidden_size"": 100, ""learning_rate"": 0.0005, ""loss_type"": ""CE"", ""model"": ""GRU4Rec"", ""num_layers"": 1, ""train_batch_size"": 2048, ""train_neg_sample_args"": null}",success,,14.82,"{""dropout_prob"": 0.2, ""epochs"": 10, ""eval_batch_size"": 2048, ""hidden_size"": 100, ""learning_rate"": 0.0005, ""loss_type"": ""CE"", ""model"": ""GRU4Rec"", ""num_layers"": 1, ""train_batch_size"": 2048, ""train_neg_sample_args"": null}",,,,,100.0,0.0005,0.2,1.0,CE,,,,,
GRU4Rec,adressa_recbole_sample,cuda,20,2048,2048,17.73,0.19,0.0,,,0.312,0.4779,0.2027,0.256,0.1669,0.1887,"adressa_recbole_sample::GRU4Rec::{""dropout_prob"": 0.2, ""epochs"": 20, ""eval_batch_size"": 2048, ""hidden_size"": 100, ""learning_rate"": 0.0005, ""loss_type"": ""CE"", ""model"": ""GRU4Rec"", ""num_layers"": 1, ""train_batch_size"": 2048, ""train_neg_sample_args"": null}",success,,23.46,"{""dropout_prob"": 0.2, ""epochs"": 20, ""eval_batch_size"": 2048, ""hidden_size"": 100, ""learning_rate"": 0.0005, ""loss_type"": ""CE"", ""model"": ""GRU4Rec"", ""num_layers"": 1, ""train_batch_size"": 2048, ""train_neg_sample_args"": null}",,,,,100.0,0.0005,0.2,1.0,CE,,,,,
GRU4Rec,adressa_recbole_sample,cuda,10,2048,2048,8.94,0.2,0.0,,,0.2479,0.3805,0.1435,0.1857,0.1097,0.1267,"adressa_recbole_sample::GRU4Rec::{""dropout_prob"": 0.1, ""epochs"": 10, ""eval_batch_size"": 2048, ""hidden_size"": 100, ""learning_rate"": 0.0001, ""loss_type"": ""CE"", ""model"": ""GRU4Rec"", ""num_layers"": 1, ""train_batch_size"": 2048, ""train_neg_sample_args"": null}",success,,14.8,"{""dropout_prob"": 0.1, ""epochs"": 10, ""eval_batch_size"": 2048, ""hidden_size"": 100, ""learning_rate"": 0.0001, ""loss_type"": ""CE"", ""model"": ""GRU4Rec"", ""num_layers"": 1, ""train_batch_size"": 2048, ""train_neg_sample_args"": null}",,,,,100.0,0.0001,0.1,1.0,CE,,,,,
GRU4Rec,adressa_recbole_sample,cuda,20,2048,2048,17.89,0.19,0.0,,,0.229,0.3973,0.1403,0.1943,0.1115,0.1334,"adressa_recbole_sample::GRU4Rec::{""dropout_prob"": 0.1, ""epochs"": 20, ""eval_batch_size"": 2048, ""hidden_size"": 100, ""learning_rate"": 0.0001, ""loss_type"": ""CE"", ""model"": ""GRU4Rec"", ""num_layers"": 1, ""train_batch_size"": 2048, ""train_neg_sample_args"": null}",success,,23.95,"{""dropout_prob"": 0.1, ""epochs"": 20, ""eval_batch_size"": 2048, ""hidden_size"": 100, ""learning_rate"": 0.0001, ""loss_type"": ""CE"", ""model"": ""GRU4Rec"", ""num_layers"": 1, ""train_batch_size"": 2048, ""train_neg_sample_args"": null}",,,,,100.0,0.0001,0.1,1.0,CE,,,,,
GRU4Rec,adressa_recbole_sample,cuda,10,2048,2048,9.05,0.19,0.0,,,0.2479,0.3776,0.1439,0.1852,0.1102,0.1269,"adressa_recbole_sample::GRU4Rec::{""dropout_prob"": 0.2, ""epochs"": 10, ""eval_batch_size"": 2048, ""hidden_size"": 100, ""learning_rate"": 0.0001, ""loss_type"": ""CE"", ""model"": ""GRU4Rec"", ""num_layers"": 1, ""train_batch_size"": 2048, ""train_neg_sample_args"": null}",success,,14.92,"{""dropout_prob"": 0.2, ""epochs"": 10, ""eval_batch_size"": 2048, ""hidden_size"": 100, ""learning_rate"": 0.0001, ""loss_type"": ""CE"", ""model"": ""GRU4Rec"", ""num_layers"": 1, ""train_batch_size"": 2048, ""train_neg_sample_args"": null}",,,,,100.0,0.0001,0.2,1.0,CE,,,,,
GRU4Rec,adressa_recbole_sample,cuda,20,2048,2048,13.39,0.2,0.0,,,0.2229,0.3925,0.1351,0.1899,0.1064,0.129,"adressa_recbole_sample::GRU4Rec::{""dropout_prob"": 0.2, ""epochs"": 20, ""eval_batch_size"": 2048, ""hidden_size"": 100, ""learning_rate"": 0.0001, ""loss_type"": ""CE"", ""model"": ""GRU4Rec"", ""num_layers"": 1, ""train_batch_size"": 2048, ""train_neg_sample_args"": null}",success,,19.13,"{""dropout_prob"": 0.2, ""epochs"": 20, ""eval_batch_size"": 2048, ""hidden_size"": 100, ""learning_rate"": 0.0001, ""loss_type"": ""CE"", ""model"": ""GRU4Rec"", ""num_layers"": 1, ""train_batch_size"": 2048, ""train_neg_sample_args"": null}",,,,,100.0,0.0001,0.2,1.0,CE,,,,,
GRU4Rec,adressa_recbole_sample,cuda,10,2048,2048,9.08,0.2,0.0,,,0.312,0.4794,0.2037,0.2576,0.1682,0.1903,"adressa_recbole_sample::GRU4Rec::{""dropout_prob"": 0.1, ""epochs"": 10, ""eval_batch_size"": 2048, ""hidden_size"": 128, ""learning_rate"": 0.001, ""loss_type"": ""CE"", ""model"": ""GRU4Rec"", ""num_layers"": 1, ""train_batch_size"": 2048, ""train_neg_sample_args"": null}",success,,14.84,"{""dropout_prob"": 0.1, ""epochs"": 10, ""eval_batch_size"": 2048, ""hidden_size"": 128, ""learning_rate"": 0.001, ""loss_type"": ""CE"", ""model"": ""GRU4Rec"", ""num_layers"": 1, ""train_batch_size"": 2048, ""train_neg_sample_args"": null}",,,,,128.0,0.001,0.1,1.0,CE,,,,,
GRU4Rec,adressa_recbole_sample,cuda,20,2048,2048,17.89,0.22,0.0,,,0.3513,0.5153,0.2325,0.2853,0.1935,0.2152,"adressa_recbole_sample::GRU4Rec::{""dropout_prob"": 0.1, ""epochs"": 20, ""eval_batch_size"": 2048, ""hidden_size"": 128, ""learning_rate"": 0.001, ""loss_type"": ""CE"", ""model"": ""GRU4Rec"", ""num_layers"": 1, ""train_batch_size"": 2048, ""train_neg_sample_args"": null}",success,,23.85,"{""dropout_prob"": 0.1, ""epochs"": 20, ""eval_batch_size"": 2048, ""hidden_size"": 128, ""learning_rate"": 0.001, ""loss_type"": ""CE"", ""model"": ""GRU4Rec"", ""num_layers"": 1, ""train_batch_size"": 2048, ""train_neg_sample_args"": null}",,,,,128.0,0.001,0.1,1.0,CE,,,,,
GRU4Rec,adressa_recbole_sample,cuda,20,2048,2048,17.88,0.2,0.0,,,0.3493,0.5129,0.2307,0.2834,0.1917,0.2134,"adressa_recbole_sample::GRU4Rec::{""dropout_prob"": 0.2, ""epochs"": 20, ""eval_batch_size"": 2048, ""hidden_size"": 128, ""learning_rate"": 0.001, ""loss_type"": ""CE"", ""model"": ""GRU4Rec"", ""num_layers"": 1, ""train_batch_size"": 2048, ""train_neg_sample_args"": null}",success,,23.76,"{""dropout_prob"": 0.2, ""epochs"": 20, ""eval_batch_size"": 2048, ""hidden_size"": 128, ""learning_rate"": 0.001, ""loss_type"": ""CE"", ""model"": ""GRU4Rec"", ""num_layers"": 1, ""train_batch_size"": 2048, ""train_neg_sample_args"": null}",,,,,128.0,0.001,0.2,1.0,CE,,,,,
GRU4Rec,adressa_recbole_sample,cuda,10,2048,2048,8.9,0.2,0.0,,,0.2744,0.4518,0.1717,0.2287,0.138,0.1613,"adressa_recbole_sample::GRU4Rec::{""dropout_prob"": 0.1, ""epochs"": 10, ""eval_batch_size"": 2048, ""hidden_size"": 128, ""learning_rate"": 0.0005, ""loss_type"": ""CE"", ""model"": ""GRU4Rec"", ""num_layers"": 1, ""train_batch_size"": 2048, ""train_neg_sample_args"": null}",success,,15.01,"{""dropout_prob"": 0.1, ""epochs"": 10, ""eval_batch_size"": 2048, ""hidden_size"": 128, ""learning_rate"": 0.0005, ""loss_type"": ""CE"", ""model"": ""GRU4Rec"", ""num_layers"": 1, ""train_batch_size"": 2048, ""train_neg_sample_args"": null}",,,,,128.0,0.0005,0.1,1.0,CE,,,,,
GRU4Rec,adressa_recbole_sample,cuda,20,2048,2048,17.76,0.2,0.0,,,0.3164,0.4809,0.2049,0.2576,0.1683,0.1898,"adressa_recbole_sample::GRU4Rec::{""dropout_prob"": 0.1, ""epochs"": 20, ""eval_batch_size"": 2048, ""hidden_size"": 128, ""learning_rate"": 0.0005, ""loss_type"": ""CE"", ""model"": ""GRU4Rec"", ""num_layers"": 1, ""train_batch_size"": 2048, ""train_neg_sample_args"": null}",success,,23.55,"{""dropout_prob"": 0.1, ""epochs"": 20, ""eval_batch_size"": 2048, ""hidden_size"": 128, ""learning_rate"": 0.0005, ""loss_type"": ""CE"", ""model"": ""GRU4Rec"", ""num_layers"": 1, ""train_batch_size"": 2048, ""train_neg_sample_args"": null}",,,,,128.0,0.0005,0.1,1.0,CE,,,,,
GRU4Rec,adressa_recbole_sample,cuda,20,2048,2048,17.94,0.2,0.0,,,0.3139,0.4796,0.2032,0.2564,0.1668,0.1886,"adressa_recbole_sample::GRU4Rec::{""dropout_prob"": 0.2, ""epochs"": 20, ""eval_batch_size"": 2048, ""hidden_size"": 128, ""learning_rate"": 0.0005, ""loss_type"": ""CE"", ""model"": ""GRU4Rec"", ""num_layers"": 1, ""train_batch_size"": 2048, ""train_neg_sample_args"": null}",success,,24.05,"{""dropout_prob"": 0.2, ""epochs"": 20, ""eval_batch_size"": 2048, ""hidden_size"": 128, ""learning_rate"": 0.0005, ""loss_type"": ""CE"", ""model"": ""GRU4Rec"", ""num_layers"": 1, ""train_batch_size"": 2048, ""train_neg_sample_args"": null}",,,,,128.0,0.0005,0.2,1.0,CE,,,,,
GRU4Rec,adressa_recbole_sample,cuda,10,2048,2048,9.03,0.2,0.0,,,0.2504,0.3892,0.1445,0.1886,0.1102,0.1279,"adressa_recbole_sample::GRU4Rec::{""dropout_prob"": 0.1, ""epochs"": 10, ""eval_batch_size"": 2048, ""hidden_size"": 128, ""learning_rate"": 0.0001, ""loss_type"": ""CE"", ""model"": ""GRU4Rec"", ""num_layers"": 1, ""train_batch_size"": 2048, ""train_neg_sample_args"": null}",success,,14.73,"{""dropout_prob"": 0.1, ""epochs"": 10, ""eval_batch_size"": 2048, ""hidden_size"": 128, ""learning_rate"": 0.0001, ""loss_type"": ""CE"", ""model"": ""GRU4Rec"", ""num_layers"": 1, ""train_batch_size"": 2048, ""train_neg_sample_args"": null}",,,,,128.0,0.0001,0.1,1.0,CE,,,,,
GRU4Rec,adressa_recbole_sample,cuda,20,2048,2048,17.87,0.2,0.0,,,0.2314,0.3988,0.1415,0.195,0.1122,0.1339,"adressa_recbole_sample::GRU4Rec::{""dropout_prob"": 0.1, ""epochs"": 20, ""eval_batch_size"": 2048, ""hidden_size"": 128, ""learning_rate"": 0.0001, ""loss_type"": ""CE"", ""model"": ""GRU4Rec"", ""num_layers"": 1, ""train_batch_size"": 2048, ""train_neg_sample_args"": null}",success,,23.78,"{""dropout_prob"": 0.1, ""epochs"": 20, ""eval_batch_size"": 2048, ""hidden_size"": 128, ""learning_rate"": 0.0001, ""loss_type"": ""CE"", ""model"": ""GRU4Rec"", ""num_layers"": 1, ""train_batch_size"": 2048, ""train_neg_sample_args"": null}",,,,,128.0,0.0001,0.1,1.0,CE,,,,,
GRU4Rec,adressa_recbole_sample,cuda,10,2048,2048,9.05,0.2,0.0,,,0.2412,0.3996,0.1408,0.1911,0.1082,0.1284,"adressa_recbole_sample::GRU4Rec::{""dropout_prob"": 0.2, ""epochs"": 10, ""eval_batch_size"": 2048, ""hidden_size"": 128, ""learning_rate"": 0.0001, ""loss_type"": ""CE"", ""model"": ""GRU4Rec"", ""num_layers"": 1, ""train_batch_size"": 2048, ""train_neg_sample_args"": null}",success,,14.93,"{""dropout_prob"": 0.2, ""epochs"": 10, ""eval_batch_size"": 2048, ""hidden_size"": 128, ""learning_rate"": 0.0001, ""loss_type"": ""CE"", ""model"": ""GRU4Rec"", ""num_layers"": 1, ""train_batch_size"": 2048, ""train_neg_sample_args"": null}",,,,,128.0,0.0001,0.2,1.0,CE,,,,,
GRU4Rec,adressa_recbole_sample,cuda,20,2048,2048,12.64,0.2,0.0,,,0.2358,0.3975,0.1402,0.1919,0.1092,0.1301,"adressa_recbole_sample::GRU4Rec::{""dropout_prob"": 0.2, ""epochs"": 20, ""eval_batch_size"": 2048, ""hidden_size"": 128, ""learning_rate"": 0.0001, ""loss_type"": ""CE"", ""model"": ""GRU4Rec"", ""num_layers"": 1, ""train_batch_size"": 2048, ""train_neg_sample_args"": null}",success,,18.69,"{""dropout_prob"": 0.2, ""epochs"": 20, ""eval_batch_size"": 2048, ""hidden_size"": 128, ""learning_rate"": 0.0001, ""loss_type"": ""CE"", ""model"": ""GRU4Rec"", ""num_layers"": 1, ""train_batch_size"": 2048, ""train_neg_sample_args"": null}",,,,,128.0,0.0001,0.2,1.0,CE,,,,,
GRU4Rec,adressa_recbole_sample,cuda,10,2048,2048,10.16,0.21,0.0,,,0.3141,0.4787,0.203,0.2558,0.1665,0.1881,"adressa_recbole_sample::GRU4Rec::{""dropout_prob"": 0.1, ""epochs"": 10, ""eval_batch_size"": 2048, ""hidden_size"": 256, ""learning_rate"": 0.001, ""loss_type"": ""CE"", ""model"": ""GRU4Rec"", ""num_layers"": 1, ""train_batch_size"": 2048, ""train_neg_sample_args"": null}",success,,16.06,"{""dropout_prob"": 0.1, ""epochs"": 10, ""eval_batch_size"": 2048, ""hidden_size"": 256, ""learning_rate"": 0.001, ""loss_type"": ""CE"", ""model"": ""GRU4Rec"", ""num_layers"": 1, ""train_batch_size"": 2048, ""train_neg_sample_args"": null}",,,,,256.0,0.001,0.1,1.0,CE,,,,,
GRU4Rec,adressa_recbole_sample,cuda,20,2048,2048,20.25,0.21,0.0,,,0.3539,0.522,0.235,0.2892,0.1959,0.2181,"adressa_recbole_sample::GRU4Rec::{""dropout_prob"": 0.1, ""epochs"": 20, ""eval_batch_size"": 2048, ""hidden_size"": 256, ""learning_rate"": 0.001, ""loss_type"": ""CE"", ""model"": ""GRU4Rec"", ""num_layers"": 1, ""train_batch_size"": 2048, ""train_neg_sample_args"": null}",success,,26.18,"{""dropout_prob"": 0.1, ""epochs"": 20, ""eval_batch_size"": 2048, ""hidden_size"": 256, ""learning_rate"": 0.001, ""loss_type"": ""CE"", ""model"": ""GRU4Rec"", ""num_layers"": 1, ""train_batch_size"": 2048, ""train_neg_sample_args"": null}",,,,,256.0,0.001,0.1,1.0,CE,,,,,
GRU4Rec,adressa_recbole_sample,cuda,20,2048,2048,20.09,0.21,0.0,,,0.3529,0.5196,0.2341,0.2879,0.195,0.2171,"adressa_recbole_sample::GRU4Rec::{""dropout_prob"": 0.2, ""epochs"": 20, ""eval_batch_size"": 2048, ""hidden_size"": 256, ""learning_rate"": 0.001, ""loss_type"": ""CE"", ""model"": ""GRU4Rec"", ""num_layers"": 1, ""train_batch_size"": 2048, ""train_neg_sample_args"": null}",success,,26.03,"{""dropout_prob"": 0.2, ""epochs"": 20, ""eval_batch_size"": 2048, ""hidden_size"": 256, ""learning_rate"": 0.001, ""loss_type"": ""CE"", ""model"": ""GRU4Rec"", ""num_layers"": 1, ""train_batch_size"": 2048, ""train_neg_sample_args"": null}",,,,,256.0,0.001,0.2,1.0,CE,,,,,
GRU4Rec,adressa_recbole_sample,cuda,10,2048,2048,10.1,0.21,0.0,,,0.2861,0.451,0.1815,0.2344,0.1472,0.1688,"adressa_recbole_sample::GRU4Rec::{""dropout_prob"": 0.1, ""epochs"": 10, ""eval_batch_size"": 2048, ""hidden_size"": 256, ""learning_rate"": 0.0005, ""loss_type"": ""CE"", ""model"": ""GRU4Rec"", ""num_layers"": 1, ""train_batch_size"": 2048, ""train_neg_sample_args"": null}",success,,16.07,"{""dropout_prob"": 0.1, ""epochs"": 10, ""eval_batch_size"": 2048, ""hidden_size"": 256, ""learning_rate"": 0.0005, ""loss_type"": ""CE"", ""model"": ""GRU4Rec"", ""num_layers"": 1, ""train_batch_size"": 2048, ""train_neg_sample_args"": null}",,,,,256.0,0.0005,0.1,1.0,CE,,,,,
GRU4Rec,adressa_recbole_sample,cuda,20,2048,2048,20.18,0.22,0.0,,,0.3191,0.4804,0.2054,0.2571,0.168,0.1892,"adressa_recbole_sample::GRU4Rec::{""dropout_prob"": 0.1, ""epochs"": 20, ""eval_batch_size"": 2048, ""hidden_size"": 256, ""learning_rate"": 0.0005, ""loss_type"": ""CE"", ""model"": ""GRU4Rec"", ""num_layers"": 1, ""train_batch_size"": 2048, ""train_neg_sample_args"": null}",success,,26.16,"{""dropout_prob"": 0.1, ""epochs"": 20, ""eval_batch_size"": 2048, ""hidden_size"": 256, ""learning_rate"": 0.0005, ""loss_type"": ""CE"", ""model"": ""GRU4Rec"", ""num_layers"": 1, ""train_batch_size"": 2048, ""train_neg_sample_args"": null}",,,,,256.0,0.0005,0.1,1.0,CE,,,,,
GRU4Rec,adressa_recbole_sample,cuda,20,2048,2048,20.1,0.21,0.0,,,0.3183,0.4798,0.2048,0.2566,0.1676,0.1887,"adressa_recbole_sample::GRU4Rec::{""dropout_prob"": 0.2, ""epochs"": 20, ""eval_batch_size"": 2048, ""hidden_size"": 256, ""learning_rate"": 0.0005, ""loss_type"": ""CE"", ""model"": ""GRU4Rec"", ""num_layers"": 1, ""train_batch_size"": 2048, ""train_neg_sample_args"": null}",success,,25.9,"{""dropout_prob"": 0.2, ""epochs"": 20, ""eval_batch_size"": 2048, ""hidden_size"": 256, ""learning_rate"": 0.0005, ""loss_type"": ""CE"", ""model"": ""GRU4Rec"", ""num_layers"": 1, ""train_batch_size"": 2048, ""train_neg_sample_args"": null}",,,,,256.0,0.0005,0.2,1.0,CE,,,,,
GRU4Rec,adressa_recbole_sample,cuda,10,2048,2048,10.13,0.21,0.0,,,0.2418,0.3996,0.1426,0.1931,0.1104,0.131,"adressa_recbole_sample::GRU4Rec::{""dropout_prob"": 0.1, ""epochs"": 10, ""eval_batch_size"": 2048, ""hidden_size"": 256, ""learning_rate"": 0.0001, ""loss_type"": ""CE"", ""model"": ""GRU4Rec"", ""num_layers"": 1, ""train_batch_size"": 2048, ""train_neg_sample_args"": null}",success,,16.01,"{""dropout_prob"": 0.1, ""epochs"": 10, ""eval_batch_size"": 2048, ""hidden_size"": 256, ""learning_rate"": 0.0001, ""loss_type"": ""CE"", ""model"": ""GRU4Rec"", ""num_layers"": 1, ""train_batch_size"": 2048, ""train_neg_sample_args"": null}",,,,,256.0,0.0001,0.1,1.0,CE,,,,,
GRU4Rec,adressa_recbole_sample,cuda,20,2048,2048,19.89,0.2,0.0,,,0.2251,0.3957,0.1379,0.1926,0.1096,0.132,"adressa_recbole_sample::GRU4Rec::{""dropout_prob"": 0.1, ""epochs"": 20, ""eval_batch_size"": 2048, ""hidden_size"": 256, ""learning_rate"": 0.0001, ""loss_type"": ""CE"", ""model"": ""GRU4Rec"", ""num_layers"": 1, ""train_batch_size"": 2048, ""train_neg_sample_args"": null}",success,,25.84,"{""dropout_prob"": 0.1, ""epochs"": 20, ""eval_batch_size"": 2048, ""hidden_size"": 256, ""learning_rate"": 0.0001, ""loss_type"": ""CE"", ""model"": ""GRU4Rec"", ""num_layers"": 1, ""train_batch_size"": 2048, ""train_neg_sample_args"": null}",,,,,256.0,0.0001,0.1,1.0,CE,,,,,
GRU4Rec,adressa_recbole_sample,cuda,10,2048,2048,10.17,0.21,0.0,,,0.241,0.3983,0.1425,0.1925,0.1107,0.1308,"adressa_recbole_sample::GRU4Rec::{""dropout_prob"": 0.2, ""epochs"": 10, ""eval_batch_size"": 2048, ""hidden_size"": 256, ""learning_rate"": 0.0001, ""loss_type"": ""CE"", ""model"": ""GRU4Rec"", ""num_layers"": 1, ""train_batch_size"": 2048, ""train_neg_sample_args"": null}",success,,16.04,"{""dropout_prob"": 0.2, ""epochs"": 10, ""eval_batch_size"": 2048, ""hidden_size"": 256, ""learning_rate"": 0.0001, ""loss_type"": ""CE"", ""model"": ""GRU4Rec"", ""num_layers"": 1, ""train_batch_size"": 2048, ""train_neg_sample_args"": null}",,,,,256.0,0.0001,0.2,1.0,CE,,,,,
GRU4Rec,adressa_recbole_sample,cuda,20,2048,2048,20.05,0.2,0.0,,,0.2395,0.401,0.1448,0.1962,0.1141,0.1349,"adressa_recbole_sample::GRU4Rec::{""dropout_prob"": 0.2, ""epochs"": 20, ""eval_batch_size"": 2048, ""hidden_size"": 256, ""learning_rate"": 0.0001, ""loss_type"": ""CE"", ""model"": ""GRU4Rec"", ""num_layers"": 1, ""train_batch_size"": 2048, ""train_neg_sample_args"": null}",success,,26.01,"{""dropout_prob"": 0.2, ""epochs"": 20, ""eval_batch_size"": 2048, ""hidden_size"": 256, ""learning_rate"": 0.0001, ""loss_type"": ""CE"", ""model"": ""GRU4Rec"", ""num_layers"": 1, ""train_batch_size"": 2048, ""train_neg_sample_args"": null}",,,,,256.0,0.0001,0.2,1.0,CE,,,,,
model,dataset,device,epochs,train_batch_size,eval_batch_size,train_runtime_seconds,eval_runtime_seconds,extra_metrics_runtime_seconds,vsknn_k,vsknn_sample_size,hit@5,hit@10,ndcg@5,ndcg@10,mrr@5,mrr@10,run_id,status,error_message,runtime_seconds,config_json,vstan_k,vstan_sample_size,vstan_position_decay,vstan_idf_weighting,hidden_size,learning_rate,dropout_prob,num_layers,loss_type,train_neg_sample_args,,,,
VS-KNN,yoochoose_recbole_sample,cuda,1,2048,1024,161.76,247.21,0.0,100.0,100.0,0.3868,0.48,0.2799,0.3102,0.2445,0.2571,"yoochoose_recbole_sample::VS-KNN::{""vsknn_k"": 100, ""vsknn_sample_size"": 100}",success,,417.17,"{""vsknn_k"": 100, ""vsknn_sample_size"": 100}",,,,,,,,,,,,,,
VSTAN,yoochoose_recbole_sample,cuda,1,2048,1024,172.23,262.37,0.0,,,0.406,0.503,0.2926,0.324,0.255,0.268,"yoochoose_recbole_sample::VSTAN::{""vstan_idf_weighting"": true, ""vstan_k"": 100, ""vstan_position_decay"": 0.1, ""vstan_sample_size"": 100}",success,,442.7,"{""vstan_idf_weighting"": true, ""vstan_k"": 100, ""vstan_position_decay"": 0.1, ""vstan_sample_size"": 100}",100.0,100.0,0.1,True,,,,,,,,,,
GRU4Rec,yoochoose_recbole_sample,cuda,10,2048,2048,12.24,0.32,0.0,,,0.222,0.3101,0.1497,0.1781,0.126,0.1377,"yoochoose_recbole_sample::GRU4Rec::{""dropout_prob"": 0.2, ""epochs"": 10, ""eval_batch_size"": 2048, ""hidden_size"": 128, ""learning_rate"": 0.001, ""loss_type"": ""CE"", ""model"": ""GRU4Rec"", ""num_layers"": 1, ""train_batch_size"": 2048, ""train_neg_sample_args"": null}",success,,18.54,"{""dropout_prob"": 0.2, ""epochs"": 10, ""eval_batch_size"": 2048, ""hidden_size"": 128, ""learning_rate"": 0.001, ""loss_type"": ""CE"", ""model"": ""GRU4Rec"", ""num_layers"": 1, ""train_batch_size"": 2048, ""train_neg_sample_args"": null}",,,,,128.0,0.001,0.2,1.0,CE,,,,,
GRU4Rec,yoochoose_recbole_sample,cuda,10,2048,2048,12.03,0.31,0.0,,,0.0557,0.0899,0.0374,0.0484,0.0315,0.0359,"yoochoose_recbole_sample::GRU4Rec::{""dropout_prob"": 0.2, ""epochs"": 10, ""eval_batch_size"": 2048, ""hidden_size"": 128, ""learning_rate"": 0.0005, ""loss_type"": ""CE"", ""model"": ""GRU4Rec"", ""num_layers"": 1, ""train_batch_size"": 2048, ""train_neg_sample_args"": null}",success,,18.25,"{""dropout_prob"": 0.2, ""epochs"": 10, ""eval_batch_size"": 2048, ""hidden_size"": 128, ""learning_rate"": 0.0005, ""loss_type"": ""CE"", ""model"": ""GRU4Rec"", ""num_layers"": 1, ""train_batch_size"": 2048, ""train_neg_sample_args"": null}",,,,,128.0,0.0005,0.2,1.0,CE,,,,,
GRU4Rec,yoochoose_recbole_sample,cuda,10,2048,2048,14.02,0.35,0.0,,,0.2402,0.333,0.1615,0.1915,0.1356,0.1481,"yoochoose_recbole_sample::GRU4Rec::{""dropout_prob"": 0.2, ""epochs"": 10, ""eval_batch_size"": 2048, ""hidden_size"": 256, ""learning_rate"": 0.001, ""loss_type"": ""CE"", ""model"": ""GRU4Rec"", ""num_layers"": 1, ""train_batch_size"": 2048, ""train_neg_sample_args"": null}",success,,20.36,"{""dropout_prob"": 0.2, ""epochs"": 10, ""eval_batch_size"": 2048, ""hidden_size"": 256, ""learning_rate"": 0.001, ""loss_type"": ""CE"", ""model"": ""GRU4Rec"", ""num_layers"": 1, ""train_batch_size"": 2048, ""train_neg_sample_args"": null}",,,,,256.0,0.001,0.2,1.0,CE,,,,,
GRU4Rec,yoochoose_recbole_sample,cuda,10,2048,2048,13.7,0.35,0.0,,,0.0431,0.0696,0.0289,0.0374,0.0243,0.0277,"yoochoose_recbole_sample::GRU4Rec::{""dropout_prob"": 0.2, ""epochs"": 10, ""eval_batch_size"": 2048, ""hidden_size"": 256, ""learning_rate"": 0.0005, ""loss_type"": ""CE"", ""model"": ""GRU4Rec"", ""num_layers"": 1, ""train_batch_size"": 2048, ""train_neg_sample_args"": null}",success,,19.91,"{""dropout_prob"": 0.2, ""epochs"": 10, ""eval_batch_size"": 2048, ""hidden_size"": 256, ""learning_rate"": 0.0005, ""loss_type"": ""CE"", ""model"": ""GRU4Rec"", ""num_layers"": 1, ""train_batch_size"": 2048, ""train_neg_sample_args"": null}",,,,,256.0,0.0005,0.2,1.0,CE,,,,,
VS-KNN,globo_recbole_sample,cuda,1,2048,1024,61.5,129.74,0.0,100.0,100.0,0.1861,0.3406,0.0866,0.1366,0.0546,0.0752,"globo_recbole_sample::VS-KNN::{""vsknn_k"": 100, ""vsknn_sample_size"": 100}",success,,198.75,"{""vsknn_k"": 100, ""vsknn_sample_size"": 100}",,,,,,,,,,,,,,
VSTAN,globo_recbole_sample,cuda,1,2048,1024,65.51,138.19,0.0,,,0.1836,0.3425,0.0837,0.1351,0.0517,0.0729,"globo_recbole_sample::VSTAN::{""vstan_idf_weighting"": true, ""vstan_k"": 100, ""vstan_position_decay"": 0.1, ""vstan_sample_size"": 100}",success,,211.04,"{""vstan_idf_weighting"": true, ""vstan_k"": 100, ""vstan_position_decay"": 0.1, ""vstan_sample_size"": 100}",100.0,100.0,0.1,True,,,,,,,,,,
GRU4Rec,globo_recbole_sample,cuda,10,2048,2048,10.0,0.33,0.0,,,0.2042,0.3127,0.13,0.1649,0.1058,0.1201,"globo_recbole_sample::GRU4Rec::{""dropout_prob"": 0.2, ""epochs"": 10, ""eval_batch_size"": 2048, ""hidden_size"": 128, ""learning_rate"": 0.001, ""loss_type"": ""CE"", ""model"": ""GRU4Rec"", ""num_layers"": 1, ""train_batch_size"": 2048, ""train_neg_sample_args"": null}",success,,16.01,"{""dropout_prob"": 0.2, ""epochs"": 10, ""eval_batch_size"": 2048, ""hidden_size"": 128, ""learning_rate"": 0.001, ""loss_type"": ""CE"", ""model"": ""GRU4Rec"", ""num_layers"": 1, ""train_batch_size"": 2048, ""train_neg_sample_args"": null}",,,,,128.0,0.001,0.2,1.0,CE,,,,,
GRU4Rec,globo_recbole_sample,cuda,10,2048,2048,9.99,0.32,0.0,,,0.0338,0.065,0.0224,0.0324,0.0187,0.0227,"globo_recbole_sample::GRU4Rec::{""dropout_prob"": 0.2, ""epochs"": 10, ""eval_batch_size"": 2048, ""hidden_size"": 128, ""learning_rate"": 0.0005, ""loss_type"": ""CE"", ""model"": ""GRU4Rec"", ""num_layers"": 1, ""train_batch_size"": 2048, ""train_neg_sample_args"": null}",success,,16.05,"{""dropout_prob"": 0.2, ""epochs"": 10, ""eval_batch_size"": 2048, ""hidden_size"": 128, ""learning_rate"": 0.0005, ""loss_type"": ""CE"", ""model"": ""GRU4Rec"", ""num_layers"": 1, ""train_batch_size"": 2048, ""train_neg_sample_args"": null}",,,,,128.0,0.0005,0.2,1.0,CE,,,,,
GRU4Rec,globo_recbole_sample,cuda,10,2048,2048,11.61,0.33,0.0,,,0.2101,0.3231,0.1339,0.1703,0.109,0.1239,"globo_recbole_sample::GRU4Rec::{""dropout_prob"": 0.2, ""epochs"": 10, ""eval_batch_size"": 2048, ""hidden_size"": 256, ""learning_rate"": 0.001, ""loss_type"": ""CE"", ""model"": ""GRU4Rec"", ""num_layers"": 1, ""train_batch_size"": 2048, ""train_neg_sample_args"": null}",success,,17.71,"{""dropout_prob"": 0.2, ""epochs"": 10, ""eval_batch_size"": 2048, ""hidden_size"": 256, ""learning_rate"": 0.001, ""loss_type"": ""CE"", ""model"": ""GRU4Rec"", ""num_layers"": 1, ""train_batch_size"": 2048, ""train_neg_sample_args"": null}",,,,,256.0,0.001,0.2,1.0,CE,,,,,
GRU4Rec,globo_recbole_sample,cuda,10,2048,2048,11.05,0.25,0.0,,,0.0351,0.0639,0.0228,0.0319,0.0188,0.0224,"globo_recbole_sample::GRU4Rec::{""dropout_prob"": 0.2, ""epochs"": 10, ""eval_batch_size"": 2048, ""hidden_size"": 256, ""learning_rate"": 0.0005, ""loss_type"": ""CE"", ""model"": ""GRU4Rec"", ""num_layers"": 1, ""train_batch_size"": 2048, ""train_neg_sample_args"": null}",success,,17.28,"{""dropout_prob"": 0.2, ""epochs"": 10, ""eval_batch_size"": 2048, ""hidden_size"": 256, ""learning_rate"": 0.0005, ""loss_type"": ""CE"", ""model"": ""GRU4Rec"", ""num_layers"": 1, ""train_batch_size"": 2048, ""train_neg_sample_args"": null}",,,,,256.0,0.0005,0.2,1.0,CE,,,,,
VS-KNN,adressa_recbole_sample,cuda,1,2048,1024,262.15,363.46,0.0,100.0,100.0,0.1945,0.3187,0.1232,0.1629,0.0999,0.116,"adressa_recbole_sample::VS-KNN::{""vsknn_k"": 100, ""vsknn_sample_size"": 100}",success,,633.24,"{""vsknn_k"": 100, ""vsknn_sample_size"": 100}",,,,,,,,,,,,,,
VSTAN,adressa_recbole_sample,cuda,1,2048,1024,269.95,377.4,0.0,,,0.227,0.3696,0.1442,0.19,0.1173,0.136,"adressa_recbole_sample::VSTAN::{""vstan_idf_weighting"": true, ""vstan_k"": 100, ""vstan_position_decay"": 0.1, ""vstan_sample_size"": 100}",success,,654.55,"{""vstan_idf_weighting"": true, ""vstan_k"": 100, ""vstan_position_decay"": 0.1, ""vstan_sample_size"": 100}",100.0,100.0,0.1,True,,,,,,,,,,
GRU4Rec,adressa_recbole_sample,cuda,10,2048,2048,10.0,0.23,0.0,,,0.3086,0.474,0.2009,0.2541,0.1655,0.1873,"adressa_recbole_sample::GRU4Rec::{""dropout_prob"": 0.2, ""epochs"": 10, ""eval_batch_size"": 2048, ""hidden_size"": 128, ""learning_rate"": 0.001, ""loss_type"": ""CE"", ""model"": ""GRU4Rec"", ""num_layers"": 1, ""train_batch_size"": 2048, ""train_neg_sample_args"": null}",success,,15.73,"{""dropout_prob"": 0.2, ""epochs"": 10, ""eval_batch_size"": 2048, ""hidden_size"": 128, ""learning_rate"": 0.001, ""loss_type"": ""CE"", ""model"": ""GRU4Rec"", ""num_layers"": 1, ""train_batch_size"": 2048, ""train_neg_sample_args"": null}",,,,,128.0,0.001,0.2,1.0,CE,,,,,
GRU4Rec,adressa_recbole_sample,cuda,10,2048,2048,10.15,0.3,0.0,,,0.2762,0.452,0.1731,0.2295,0.1393,0.1623,"adressa_recbole_sample::GRU4Rec::{""dropout_prob"": 0.2, ""epochs"": 10, ""eval_batch_size"": 2048, ""hidden_size"": 128, ""learning_rate"": 0.0005, ""loss_type"": ""CE"", ""model"": ""GRU4Rec"", ""num_layers"": 1, ""train_batch_size"": 2048, ""train_neg_sample_args"": null}",success,,16.29,"{""dropout_prob"": 0.2, ""epochs"": 10, ""eval_batch_size"": 2048, ""hidden_size"": 128, ""learning_rate"": 0.0005, ""loss_type"": ""CE"", ""model"": ""GRU4Rec"", ""num_layers"": 1, ""train_batch_size"": 2048, ""train_neg_sample_args"": null}",,,,,128.0,0.0005,0.2,1.0,CE,,,,,
GRU4Rec,adressa_recbole_sample,cuda,10,2048,2048,11.74,0.21,0.0,,,0.3101,0.4746,0.2012,0.254,0.1655,0.1871,"adressa_recbole_sample::GRU4Rec::{""dropout_prob"": 0.2, ""epochs"": 10, ""eval_batch_size"": 2048, ""hidden_size"": 256, ""learning_rate"": 0.001, ""loss_type"": ""CE"", ""model"": ""GRU4Rec"", ""num_layers"": 1, ""train_batch_size"": 2048, ""train_neg_sample_args"": null}",success,,17.84,"{""dropout_prob"": 0.2, ""epochs"": 10, ""eval_batch_size"": 2048, ""hidden_size"": 256, ""learning_rate"": 0.001, ""loss_type"": ""CE"", ""model"": ""GRU4Rec"", ""num_layers"": 1, ""train_batch_size"": 2048, ""train_neg_sample_args"": null}",,,,,256.0,0.001,0.2,1.0,CE,,,,,
GRU4Rec,adressa_recbole_sample,cuda,10,2048,2048,11.44,0.29,0.0,,,0.2832,0.4524,0.1793,0.2336,0.1453,0.1675,"adressa_recbole_sample::GRU4Rec::{""dropout_prob"": 0.2, ""epochs"": 10, ""eval_batch_size"": 2048, ""hidden_size"": 256, ""learning_rate"": 0.0005, ""loss_type"": ""CE"", ""model"": ""GRU4Rec"", ""num_layers"": 1, ""train_batch_size"": 2048, ""train_neg_sample_args"": null}",success,,17.57,"{""dropout_prob"": 0.2, ""epochs"": 10, ""eval_batch_size"": 2048, ""hidden_size"": 256, ""learning_rate"": 0.0005, ""loss_type"": ""CE"", ""model"": ""GRU4Rec"", ""num_layers"": 1, ""train_batch_size"": 2048, ""train_neg_sample_args"": null}",,,,,256.0,0.0005,0.2,1.0,CE,,,,,
VS-KNN,yoochoose_recbole_sample,cuda,1,2048,1024,96.74,147.36,0.0,100.0,250.0,0.3987,0.4952,0.2865,0.3179,0.2493,0.2624,"yoochoose_recbole_sample::VS-KNN::{""vsknn_k"": 100, ""vsknn_sample_size"": 250}",success,,252.3,"{""vsknn_k"": 100, ""vsknn_sample_size"": 250}",,,,,,,,,,,,,,
VS-KNN,yoochoose_recbole_sample,cuda,1,2048,1024,109.47,153.01,0.0,100.0,500.0,0.3981,0.4947,0.2864,0.3177,0.2494,0.2624,"yoochoose_recbole_sample::VS-KNN::{""vsknn_k"": 100, ""vsknn_sample_size"": 500}",success,,270.81,"{""vsknn_k"": 100, ""vsknn_sample_size"": 500}",,,,,,,,,,,,,,
VS-KNN,yoochoose_recbole_sample,cuda,1,2048,1024,163.94,250.4,0.0,200.0,100.0,0.3863,0.4795,0.2797,0.31,0.2445,0.257,"yoochoose_recbole_sample::VS-KNN::{""vsknn_k"": 200, ""vsknn_sample_size"": 100}",success,,422.32,"{""vsknn_k"": 200, ""vsknn_sample_size"": 100}",,,,,,,,,,,,,,
VS-KNN,yoochoose_recbole_sample,cuda,1,2048,1024,228.58,346.34,0.0,200.0,250.0,0.3926,0.49,0.283,0.3147,0.2468,0.2599,"yoochoose_recbole_sample::VS-KNN::{""vsknn_k"": 200, ""vsknn_sample_size"": 250}",success,,582.68,"{""vsknn_k"": 200, ""vsknn_sample_size"": 250}",,,,,,,,,,,,,,
VS-KNN,yoochoose_recbole_sample,cuda,1,2048,1024,179.41,271.47,0.0,200.0,500.0,0.3987,0.4987,0.2862,0.3187,0.249,0.2625,"yoochoose_recbole_sample::VS-KNN::{""vsknn_k"": 200, ""vsknn_sample_size"": 500}",success,,458.5,"{""vsknn_k"": 200, ""vsknn_sample_size"": 500}",,,,,,,,,,,,,,
VS-KNN,yoochoose_recbole_sample,cuda,1,2048,1024,164.05,249.41,0.0,500.0,100.0,0.3863,0.4795,0.2797,0.31,0.2445,0.257,"yoochoose_recbole_sample::VS-KNN::{""vsknn_k"": 500, ""vsknn_sample_size"": 100}",success,,421.02,"{""vsknn_k"": 500, ""vsknn_sample_size"": 100}",,,,,,,,,,,,,,
VS-KNN,yoochoose_recbole_sample,cuda,1,2048,1024,353.82,537.93,0.0,500.0,250.0,0.3912,0.4881,0.2822,0.3137,0.2461,0.2592,"yoochoose_recbole_sample::VS-KNN::{""vsknn_k"": 500, ""vsknn_sample_size"": 250}",success,,899.35,"{""vsknn_k"": 500, ""vsknn_sample_size"": 250}",,,,,,,,,,,,,,
VS-KNN,yoochoose_recbole_sample,cuda,1,2048,1024,616.91,932.83,0.0,500.0,500.0,0.3928,0.4905,0.283,0.3147,0.2467,0.2598,"yoochoose_recbole_sample::VS-KNN::{""vsknn_k"": 500, ""vsknn_sample_size"": 500}",success,,1557.31,"{""vsknn_k"": 500, ""vsknn_sample_size"": 500}",,,,,,,,,,,,,,
VSTAN,yoochoose_recbole_sample,cuda,1,2048,1024,173.85,265.18,0.0,,,0.3997,0.495,0.2888,0.3198,0.2521,0.265,"yoochoose_recbole_sample::VSTAN::{""vstan_idf_weighting"": true, ""vstan_k"": 100, ""vstan_position_decay"": 0.05, ""vstan_sample_size"": 100}",success,,446.95,"{""vstan_idf_weighting"": true, ""vstan_k"": 100, ""vstan_position_decay"": 0.05, ""vstan_sample_size"": 100}",100.0,100.0,0.05,True,,,,,,,,,,
VSTAN,yoochoose_recbole_sample,cuda,1,2048,1024,172.15,262.2,0.0,,,0.3936,0.4882,0.2849,0.3157,0.249,0.2618,"yoochoose_recbole_sample::VSTAN::{""vstan_idf_weighting"": false, ""vstan_k"": 100, ""vstan_position_decay"": 0.05, ""vstan_sample_size"": 100}",success,,442.13,"{""vstan_idf_weighting"": false, ""vstan_k"": 100, ""vstan_position_decay"": 0.05, ""vstan_sample_size"": 100}",100.0,100.0,0.05,False,,,,,,,,,,
VSTAN,yoochoose_recbole_sample,cuda,1,2048,1024,171.96,262.36,0.0,,,0.3993,0.4952,0.2885,0.3198,0.2519,0.2649,"yoochoose_recbole_sample::VSTAN::{""vstan_idf_weighting"": false, ""vstan_k"": 100, ""vstan_position_decay"": 0.1, ""vstan_sample_size"": 100}",success,,442.33,"{""vstan_idf_weighting"": false, ""vstan_k"": 100, ""vstan_position_decay"": 0.1, ""vstan_sample_size"": 100}",100.0,100.0,0.1,False,,,,,,,,,,
VSTAN,yoochoose_recbole_sample,cuda,1,2048,1024,173.89,265.55,0.0,,,0.4139,0.5094,0.298,0.3291,0.2596,0.2725,"yoochoose_recbole_sample::VSTAN::{""vstan_idf_weighting"": true, ""vstan_k"": 100, ""vstan_position_decay"": 0.2, ""vstan_sample_size"": 100}",success,,447.19,"{""vstan_idf_weighting"": true, ""vstan_k"": 100, ""vstan_position_decay"": 0.2, ""vstan_sample_size"": 100}",100.0,100.0,0.2,True,,,,,,,,,,
VSTAN,yoochoose_recbole_sample,cuda,1,2048,1024,172.27,262.92,0.0,,,0.4078,0.5037,0.2943,0.3255,0.2567,0.2697,"yoochoose_recbole_sample::VSTAN::{""vstan_idf_weighting"": false, ""vstan_k"": 100, ""vstan_position_decay"": 0.2, ""vstan_sample_size"": 100}",success,,443.09,"{""vstan_idf_weighting"": false, ""vstan_k"": 100, ""vstan_position_decay"": 0.2, ""vstan_sample_size"": 100}",100.0,100.0,0.2,False,,,,,,,,,,
VSTAN,yoochoose_recbole_sample,cuda,1,2048,1024,114.46,170.72,0.0,,,0.4058,0.5044,0.2909,0.323,0.2529,0.2663,"yoochoose_recbole_sample::VSTAN::{""vstan_idf_weighting"": true, ""vstan_k"": 100, ""vstan_position_decay"": 0.05, ""vstan_sample_size"": 250}",success,,292.74,"{""vstan_idf_weighting"": true, ""vstan_k"": 100, ""vstan_position_decay"": 0.05, ""vstan_sample_size"": 250}",100.0,250.0,0.05,True,,,,,,,,,,
VSTAN,yoochoose_recbole_sample,cuda,1,2048,1024,111.16,166.75,0.0,,,0.3994,0.4985,0.2875,0.3197,0.2504,0.2638,"yoochoose_recbole_sample::VSTAN::{""vstan_idf_weighting"": false, ""vstan_k"": 100, ""vstan_position_decay"": 0.05, ""vstan_sample_size"": 250}",success,,285.74,"{""vstan_idf_weighting"": false, ""vstan_k"": 100, ""vstan_position_decay"": 0.05, ""vstan_sample_size"": 250}",100.0,250.0,0.05,False,,,,,,,,,,
VSTAN,yoochoose_recbole_sample,cuda,1,2048,1024,115.82,172.86,0.0,,,0.4133,0.5136,0.2953,0.3279,0.2562,0.2698,"yoochoose_recbole_sample::VSTAN::{""vstan_idf_weighting"": true, ""vstan_k"": 100, ""vstan_position_decay"": 0.1, ""vstan_sample_size"": 250}",success,,296.48,"{""vstan_idf_weighting"": true, ""vstan_k"": 100, ""vstan_position_decay"": 0.1, ""vstan_sample_size"": 250}",100.0,250.0,0.1,True,,,,,,,,,,
VSTAN,yoochoose_recbole_sample,cuda,1,2048,1024,112.69,168.03,0.0,,,0.4063,0.507,0.2916,0.3244,0.2537,0.2673,"yoochoose_recbole_sample::VSTAN::{""vstan_idf_weighting"": false, ""vstan_k"": 100, ""vstan_position_decay"": 0.1, ""vstan_sample_size"": 250}",success,,288.77,"{""vstan_idf_weighting"": false, ""vstan_k"": 100, ""vstan_position_decay"": 0.1, ""vstan_sample_size"": 250}",100.0,250.0,0.1,False,,,,,,,,,,
VSTAN,yoochoose_recbole_sample,cuda,1,2048,1024,119.65,178.03,0.0,,,0.4247,0.5252,0.3024,0.3351,0.2619,0.2755,"yoochoose_recbole_sample::VSTAN::{""vstan_idf_weighting"": true, ""vstan_k"": 100, ""vstan_position_decay"": 0.2, ""vstan_sample_size"": 250}",success,,305.48,"{""vstan_idf_weighting"": true, ""vstan_k"": 100, ""vstan_position_decay"": 0.2, ""vstan_sample_size"": 250}",100.0,250.0,0.2,True,,,,,,,,,,
VSTAN,yoochoose_recbole_sample,cuda,1,2048,1024,116.82,172.92,0.0,,,0.4172,0.5178,0.2983,0.3311,0.259,0.2726,"yoochoose_recbole_sample::VSTAN::{""vstan_idf_weighting"": false, ""vstan_k"": 100, ""vstan_position_decay"": 0.2, ""vstan_sample_size"": 250}",success,,297.47,"{""vstan_idf_weighting"": false, ""vstan_k"": 100, ""vstan_position_decay"": 0.2, ""vstan_sample_size"": 250}",100.0,250.0,0.2,False,,,,,,,,,,
VSTAN,yoochoose_recbole_sample,cuda,1,2048,1024,118.1,175.91,0.0,,,0.4029,0.5024,0.2899,0.3222,0.2525,0.2659,"yoochoose_recbole_sample::VSTAN::{""vstan_idf_weighting"": true, ""vstan_k"": 100, ""vstan_position_decay"": 0.05, ""vstan_sample_size"": 500}",success,,301.84,"{""vstan_idf_weighting"": true, ""vstan_k"": 100, ""vstan_position_decay"": 0.05, ""vstan_sample_size"": 500}",100.0,500.0,0.05,True,,,,,,,,,,
VSTAN,yoochoose_recbole_sample,cuda,1,2048,1024,114.81,170.46,0.0,,,0.4007,0.4996,0.2882,0.3203,0.251,0.2643,"yoochoose_recbole_sample::VSTAN::{""vstan_idf_weighting"": false, ""vstan_k"": 100, ""vstan_position_decay"": 0.05, ""vstan_sample_size"": 500}",success,,293.04,"{""vstan_idf_weighting"": false, ""vstan_k"": 100, ""vstan_position_decay"": 0.05, ""vstan_sample_size"": 500}",100.0,500.0,0.05,False,,,,,,,,,,
VSTAN,yoochoose_recbole_sample,cuda,1,2048,1024,118.74,177.1,0.0,,,0.4128,0.5138,0.2952,0.3281,0.2563,0.27,"yoochoose_recbole_sample::VSTAN::{""vstan_idf_weighting"": true, ""vstan_k"": 100, ""vstan_position_decay"": 0.1, ""vstan_sample_size"": 500}",success,,303.69,"{""vstan_idf_weighting"": true, ""vstan_k"": 100, ""vstan_position_decay"": 0.1, ""vstan_sample_size"": 500}",100.0,500.0,0.1,True,,,,,,,,,,
VSTAN,yoochoose_recbole_sample,cuda,1,2048,1024,114.85,171.21,0.0,,,0.4082,0.5093,0.2927,0.3255,0.2545,0.2681,"yoochoose_recbole_sample::VSTAN::{""vstan_idf_weighting"": false, ""vstan_k"": 100, ""vstan_position_decay"": 0.1, ""vstan_sample_size"": 500}",success,,293.97,"{""vstan_idf_weighting"": false, ""vstan_k"": 100, ""vstan_position_decay"": 0.1, ""vstan_sample_size"": 500}",100.0,500.0,0.1,False,,,,,,,,,,
VSTAN,yoochoose_recbole_sample,cuda,1,2048,1024,120.77,179.36,0.0,,,0.427,0.5276,0.3035,0.3362,0.2626,0.2762,"yoochoose_recbole_sample::VSTAN::{""vstan_idf_weighting"": true, ""vstan_k"": 100, ""vstan_position_decay"": 0.2, ""vstan_sample_size"": 500}",success,,308.06,"{""vstan_idf_weighting"": true, ""vstan_k"": 100, ""vstan_position_decay"": 0.2, ""vstan_sample_size"": 500}",100.0,500.0,0.2,True,,,,,,,,,,
VSTAN,yoochoose_recbole_sample,cuda,1,2048,1024,116.25,172.58,0.0,,,0.4204,0.521,0.3001,0.3329,0.2603,0.274,"yoochoose_recbole_sample::VSTAN::{""vstan_idf_weighting"": false, ""vstan_k"": 100, ""vstan_position_decay"": 0.2, ""vstan_sample_size"": 500}",success,,296.72,"{""vstan_idf_weighting"": false, ""vstan_k"": 100, ""vstan_position_decay"": 0.2, ""vstan_sample_size"": 500}",100.0,500.0,0.2,False,,,,,,,,,,
VSTAN,yoochoose_recbole_sample,cuda,1,2048,1024,174.34,265.73,0.0,,,0.3997,0.495,0.2888,0.3198,0.2521,0.265,"yoochoose_recbole_sample::VSTAN::{""vstan_idf_weighting"": true, ""vstan_k"": 200, ""vstan_position_decay"": 0.05, ""vstan_sample_size"": 100}",success,,448.09,"{""vstan_idf_weighting"": true, ""vstan_k"": 200, ""vstan_position_decay"": 0.05, ""vstan_sample_size"": 100}",200.0,100.0,0.05,True,,,,,,,,,,
VSTAN,yoochoose_recbole_sample,cuda,1,2048,1024,172.48,263.11,0.0,,,0.3936,0.4882,0.2849,0.3157,0.249,0.2618,"yoochoose_recbole_sample::VSTAN::{""vstan_idf_weighting"": false, ""vstan_k"": 200, ""vstan_position_decay"": 0.05, ""vstan_sample_size"": 100}",success,,443.3,"{""vstan_idf_weighting"": false, ""vstan_k"": 200, ""vstan_position_decay"": 0.05, ""vstan_sample_size"": 100}",200.0,100.0,0.05,False,,,,,,,,,,
VSTAN,yoochoose_recbole_sample,cuda,1,2048,1024,174.5,266.02,0.0,,,0.4059,0.5019,0.2926,0.3239,0.2551,0.2681,"yoochoose_recbole_sample::VSTAN::{""vstan_idf_weighting"": true, ""vstan_k"": 200, ""vstan_position_decay"": 0.1, ""vstan_sample_size"": 100}",success,,448.27,"{""vstan_idf_weighting"": true, ""vstan_k"": 200, ""vstan_position_decay"": 0.1, ""vstan_sample_size"": 100}",200.0,100.0,0.1,True,,,,,,,,,,
VSTAN,yoochoose_recbole_sample,cuda,1,2048,1024,172.85,262.63,0.0,,,0.3993,0.4952,0.2885,0.3198,0.2519,0.2649,"yoochoose_recbole_sample::VSTAN::{""vstan_idf_weighting"": false, ""vstan_k"": 200, ""vstan_position_decay"": 0.1, ""vstan_sample_size"": 100}",success,,443.22,"{""vstan_idf_weighting"": false, ""vstan_k"": 200, ""vstan_position_decay"": 0.1, ""vstan_sample_size"": 100}",200.0,100.0,0.1,False,,,,,,,,,,
VSTAN,yoochoose_recbole_sample,cuda,1,2048,1024,174.45,266.31,0.0,,,0.4139,0.5094,0.298,0.3291,0.2596,0.2725,"yoochoose_recbole_sample::VSTAN::{""vstan_idf_weighting"": true, ""vstan_k"": 200, ""vstan_position_decay"": 0.2, ""vstan_sample_size"": 100}",success,,448.32,"{""vstan_idf_weighting"": true, ""vstan_k"": 200, ""vstan_position_decay"": 0.2, ""vstan_sample_size"": 100}",200.0,100.0,0.2,True,,,,,,,,,,
VSTAN,yoochoose_recbole_sample,cuda,1,2048,1024,172.94,263.02,0.0,,,0.4078,0.5037,0.2943,0.3255,0.2567,0.2697,"yoochoose_recbole_sample::VSTAN::{""vstan_idf_weighting"": false, ""vstan_k"": 200, ""vstan_position_decay"": 0.2, ""vstan_sample_size"": 100}",success,,443.5,"{""vstan_idf_weighting"": false, ""vstan_k"": 200, ""vstan_position_decay"": 0.2, ""vstan_sample_size"": 100}",200.0,100.0,0.2,False,,,,,,,,,,
VSTAN,yoochoose_recbole_sample,cuda,1,2048,1024,251.53,381.08,0.0,,,0.4055,0.506,0.2918,0.3244,0.2541,0.2677,"yoochoose_recbole_sample::VSTAN::{""vstan_idf_weighting"": true, ""vstan_k"": 200, ""vstan_position_decay"": 0.05, ""vstan_sample_size"": 250}",success,,640.43,"{""vstan_idf_weighting"": true, ""vstan_k"": 200, ""vstan_position_decay"": 0.05, ""vstan_sample_size"": 250}",200.0,250.0,0.05,True,,,,,,,,,,
VSTAN,yoochoose_recbole_sample,cuda,1,2048,1024,248.12,375.39,0.0,,,0.3986,0.4987,0.2874,0.32,0.2507,0.2641,"yoochoose_recbole_sample::VSTAN::{""vstan_idf_weighting"": false, ""vstan_k"": 200, ""vstan_position_decay"": 0.05, ""vstan_sample_size"": 250}",success,,631.41,"{""vstan_idf_weighting"": false, ""vstan_k"": 200, ""vstan_position_decay"": 0.05, ""vstan_sample_size"": 250}",200.0,250.0,0.05,False,,,,,,,,,,
VSTAN,yoochoose_recbole_sample,cuda,1,2048,1024,254.54,383.83,0.0,,,0.4124,0.5146,0.2957,0.3289,0.257,0.2708,"yoochoose_recbole_sample::VSTAN::{""vstan_idf_weighting"": true, ""vstan_k"": 200, ""vstan_position_decay"": 0.1, ""vstan_sample_size"": 250}",success,,646.11,"{""vstan_idf_weighting"": true, ""vstan_k"": 200, ""vstan_position_decay"": 0.1, ""vstan_sample_size"": 250}",200.0,250.0,0.1,True,,,,,,,,,,
VSTAN,yoochoose_recbole_sample,cuda,1,2048,1024,250.66,372.47,0.0,,,0.4052,0.5062,0.2916,0.3244,0.254,0.2676,"yoochoose_recbole_sample::VSTAN::{""vstan_idf_weighting"": false, ""vstan_k"": 200, ""vstan_position_decay"": 0.1, ""vstan_sample_size"": 250}",success,,630.95,"{""vstan_idf_weighting"": false, ""vstan_k"": 200, ""vstan_position_decay"": 0.1, ""vstan_sample_size"": 250}",200.0,250.0,0.1,False,,,,,,,,,,
VSTAN,yoochoose_recbole_sample,cuda,1,2048,1024,253.7,382.91,0.0,,,0.4218,0.5247,0.3015,0.3349,0.2616,0.2756,"yoochoose_recbole_sample::VSTAN::{""vstan_idf_weighting"": true, ""vstan_k"": 200, ""vstan_position_decay"": 0.2, ""vstan_sample_size"": 250}",success,,644.01,"{""vstan_idf_weighting"": true, ""vstan_k"": 200, ""vstan_position_decay"": 0.2, ""vstan_sample_size"": 250}",200.0,250.0,0.2,True,,,,,,,,,,
VSTAN,yoochoose_recbole_sample,cuda,1,2048,1024,250.32,378.0,0.0,,,0.4148,0.5164,0.2976,0.3306,0.2587,0.2725,"yoochoose_recbole_sample::VSTAN::{""vstan_idf_weighting"": false, ""vstan_k"": 200, ""vstan_position_decay"": 0.2, ""vstan_sample_size"": 250}",success,,635.72,"{""vstan_idf_weighting"": false, ""vstan_k"": 200, ""vstan_position_decay"": 0.2, ""vstan_sample_size"": 250}",200.0,250.0,0.2,False,,,,,,,,,,
VSTAN,yoochoose_recbole_sample,cuda,1,2048,1024,203.56,306.13,0.0,,,0.4074,0.5102,0.2921,0.3255,0.254,0.2678,"yoochoose_recbole_sample::VSTAN::{""vstan_idf_weighting"": true, ""vstan_k"": 200, ""vstan_position_decay"": 0.05, ""vstan_sample_size"": 500}",success,,517.08,"{""vstan_idf_weighting"": true, ""vstan_k"": 200, ""vstan_position_decay"": 0.05, ""vstan_sample_size"": 500}",200.0,500.0,0.05,True,,,,,,,,,,
VSTAN,yoochoose_recbole_sample,cuda,1,2048,1024,198.57,298.83,0.0,,,0.4015,0.5031,0.2885,0.3214,0.2511,0.2647,"yoochoose_recbole_sample::VSTAN::{""vstan_idf_weighting"": false, ""vstan_k"": 200, ""vstan_position_decay"": 0.05, ""vstan_sample_size"": 500}",success,,504.91,"{""vstan_idf_weighting"": false, ""vstan_k"": 200, ""vstan_position_decay"": 0.05, ""vstan_sample_size"": 500}",200.0,500.0,0.05,False,,,,,,,,,,
VSTAN,yoochoose_recbole_sample,cuda,1,2048,1024,207.06,309.62,0.0,,,0.4157,0.5204,0.2968,0.3309,0.2575,0.2716,"yoochoose_recbole_sample::VSTAN::{""vstan_idf_weighting"": true, ""vstan_k"": 200, ""vstan_position_decay"": 0.1, ""vstan_sample_size"": 500}",success,,523.87,"{""vstan_idf_weighting"": true, ""vstan_k"": 200, ""vstan_position_decay"": 0.1, ""vstan_sample_size"": 500}",200.0,500.0,0.1,True,,,,,,,,,,
VSTAN,yoochoose_recbole_sample,cuda,1,2048,1024,200.82,301.21,0.0,,,0.4083,0.5122,0.2928,0.3265,0.2546,0.2686,"yoochoose_recbole_sample::VSTAN::{""vstan_idf_weighting"": false, ""vstan_k"": 200, ""vstan_position_decay"": 0.1, ""vstan_sample_size"": 500}",success,,509.48,"{""vstan_idf_weighting"": false, ""vstan_k"": 200, ""vstan_position_decay"": 0.1, ""vstan_sample_size"": 500}",200.0,500.0,0.1,False,,,,,,,,,,
VSTAN,yoochoose_recbole_sample,cuda,1,2048,1024,213.93,319.72,0.0,,,0.4277,0.5334,0.304,0.3384,0.263,0.2773,"yoochoose_recbole_sample::VSTAN::{""vstan_idf_weighting"": true, ""vstan_k"": 200, ""vstan_position_decay"": 0.2, ""vstan_sample_size"": 500}",success,,541.25,"{""vstan_idf_weighting"": true, ""vstan_k"": 200, ""vstan_position_decay"": 0.2, ""vstan_sample_size"": 500}",200.0,500.0,0.2,True,,,,,,,,,,
VSTAN,yoochoose_recbole_sample,cuda,1,2048,1024,208.3,310.77,0.0,,,0.4197,0.5251,0.2997,0.334,0.26,0.2743,"yoochoose_recbole_sample::VSTAN::{""vstan_idf_weighting"": false, ""vstan_k"": 200, ""vstan_position_decay"": 0.2, ""vstan_sample_size"": 500}",success,,526.53,"{""vstan_idf_weighting"": false, ""vstan_k"": 200, ""vstan_position_decay"": 0.2, ""vstan_sample_size"": 500}",200.0,500.0,0.2,False,,,,,,,,,,
VSTAN,yoochoose_recbole_sample,cuda,1,2048,1024,170.23,259.1,0.0,,,0.3997,0.495,0.2888,0.3198,0.2521,0.265,"yoochoose_recbole_sample::VSTAN::{""vstan_idf_weighting"": true, ""vstan_k"": 500, ""vstan_position_decay"": 0.05, ""vstan_sample_size"": 100}",success,,436.7,"{""vstan_idf_weighting"": true, ""vstan_k"": 500, ""vstan_position_decay"": 0.05, ""vstan_sample_size"": 100}",500.0,100.0,0.05,True,,,,,,,,,,
VSTAN,yoochoose_recbole_sample,cuda,1,2048,1024,168.06,259.68,0.0,,,0.3936,0.4882,0.2849,0.3157,0.249,0.2618,"yoochoose_recbole_sample::VSTAN::{""vstan_idf_weighting"": false, ""vstan_k"": 500, ""vstan_position_decay"": 0.05, ""vstan_sample_size"": 100}",success,,434.99,"{""vstan_idf_weighting"": false, ""vstan_k"": 500, ""vstan_position_decay"": 0.05, ""vstan_sample_size"": 100}",500.0,100.0,0.05,False,,,,,,,,,,
VSTAN,yoochoose_recbole_sample,cuda,1,2048,1024,171.34,258.89,0.0,,,0.4059,0.5019,0.2926,0.3239,0.2551,0.2681,"yoochoose_recbole_sample::VSTAN::{""vstan_idf_weighting"": true, ""vstan_k"": 500, ""vstan_position_decay"": 0.1, ""vstan_sample_size"": 100}",success,,437.45,"{""vstan_idf_weighting"": true, ""vstan_k"": 500, ""vstan_position_decay"": 0.1, ""vstan_sample_size"": 100}",500.0,100.0,0.1,True,,,,,,,,,,
VSTAN,yoochoose_recbole_sample,cuda,1,2048,1024,167.94,255.8,0.0,,,0.3993,0.4952,0.2885,0.3198,0.2519,0.2649,"yoochoose_recbole_sample::VSTAN::{""vstan_idf_weighting"": false, ""vstan_k"": 500, ""vstan_position_decay"": 0.1, ""vstan_sample_size"": 100}",success,,431.24,"{""vstan_idf_weighting"": false, ""vstan_k"": 500, ""vstan_position_decay"": 0.1, ""vstan_sample_size"": 100}",500.0,100.0,0.1,False,,,,,,,,,,
VSTAN,yoochoose_recbole_sample,cuda,1,2048,1024,170.03,259.43,0.0,,,0.4139,0.5094,0.298,0.3291,0.2596,0.2725,"yoochoose_recbole_sample::VSTAN::{""vstan_idf_weighting"": true, ""vstan_k"": 500, ""vstan_position_decay"": 0.2, ""vstan_sample_size"": 100}",success,,436.84,"{""vstan_idf_weighting"": true, ""vstan_k"": 500, ""vstan_position_decay"": 0.2, ""vstan_sample_size"": 100}",500.0,100.0,0.2,True,,,,,,,,,,
VSTAN,yoochoose_recbole_sample,cuda,1,2048,1024,168.06,259.8,0.0,,,0.4078,0.5037,0.2943,0.3255,0.2567,0.2697,"yoochoose_recbole_sample::VSTAN::{""vstan_idf_weighting"": false, ""vstan_k"": 500, ""vstan_position_decay"": 0.2, ""vstan_sample_size"": 100}",success,,435.09,"{""vstan_idf_weighting"": false, ""vstan_k"": 500, ""vstan_position_decay"": 0.2, ""vstan_sample_size"": 100}",500.0,100.0,0.2,False,,,,,,,,,,
VSTAN,yoochoose_recbole_sample,cuda,1,2048,1024,371.27,569.86,0.0,,,0.4056,0.5049,0.292,0.3243,0.2544,0.2678,"yoochoose_recbole_sample::VSTAN::{""vstan_idf_weighting"": true, ""vstan_k"": 500, ""vstan_position_decay"": 0.05, ""vstan_sample_size"": 250}",success,,948.61,"{""vstan_idf_weighting"": true, ""vstan_k"": 500, ""vstan_position_decay"": 0.05, ""vstan_sample_size"": 250}",500.0,250.0,0.05,True,,,,,,,,,,
VSTAN,yoochoose_recbole_sample,cuda,1,2048,1024,367.3,558.4,0.0,,,0.3989,0.4974,0.2876,0.3195,0.2507,0.264,"yoochoose_recbole_sample::VSTAN::{""vstan_idf_weighting"": false, ""vstan_k"": 500, ""vstan_position_decay"": 0.05, ""vstan_sample_size"": 250}",success,,933.12,"{""vstan_idf_weighting"": false, ""vstan_k"": 500, ""vstan_position_decay"": 0.05, ""vstan_sample_size"": 250}",500.0,250.0,0.05,False,,,,,,,,,,
VSTAN,yoochoose_recbole_sample,cuda,1,2048,1024,379.63,582.32,0.0,,,0.4119,0.5126,0.2956,0.3283,0.2571,0.2707,"yoochoose_recbole_sample::VSTAN::{""vstan_idf_weighting"": true, ""vstan_k"": 500, ""vstan_position_decay"": 0.1, ""vstan_sample_size"": 250}",success,,969.36,"{""vstan_idf_weighting"": true, ""vstan_k"": 500, ""vstan_position_decay"": 0.1, ""vstan_sample_size"": 250}",500.0,250.0,0.1,True,,,,,,,,,,
VSTAN,yoochoose_recbole_sample,cuda,1,2048,1024,365.68,559.27,0.0,,,0.4052,0.5052,0.2917,0.3241,0.2541,0.2675,"yoochoose_recbole_sample::VSTAN::{""vstan_idf_weighting"": false, ""vstan_k"": 500, ""vstan_position_decay"": 0.1, ""vstan_sample_size"": 250}",success,,932.45,"{""vstan_idf_weighting"": false, ""vstan_k"": 500, ""vstan_position_decay"": 0.1, ""vstan_sample_size"": 250}",500.0,250.0,0.1,False,,,,,,,,,,
VSTAN,yoochoose_recbole_sample,cuda,1,2048,1024,377.66,576.14,0.0,,,0.4213,0.5239,0.3015,0.3348,0.2618,0.2756,"yoochoose_recbole_sample::VSTAN::{""vstan_idf_weighting"": true, ""vstan_k"": 500, ""vstan_position_decay"": 0.2, ""vstan_sample_size"": 250}",success,,961.42,"{""vstan_idf_weighting"": true, ""vstan_k"": 500, ""vstan_position_decay"": 0.2, ""vstan_sample_size"": 250}",500.0,250.0,0.2,True,,,,,,,,,,
VSTAN,yoochoose_recbole_sample,cuda,1,2048,1024,367.83,566.27,0.0,,,0.4146,0.5156,0.2976,0.3304,0.2589,0.2725,"yoochoose_recbole_sample::VSTAN::{""vstan_idf_weighting"": false, ""vstan_k"": 500, ""vstan_position_decay"": 0.2, ""vstan_sample_size"": 250}",success,,941.71,"{""vstan_idf_weighting"": false, ""vstan_k"": 500, ""vstan_position_decay"": 0.2, ""vstan_sample_size"": 250}",500.0,250.0,0.2,False,,,,,,,,,,
VSTAN,yoochoose_recbole_sample,cuda,1,2048,1024,651.23,985.22,0.0,,,0.4072,0.5083,0.2928,0.3256,0.2549,0.2686,"yoochoose_recbole_sample::VSTAN::{""vstan_idf_weighting"": true, ""vstan_k"": 500, ""vstan_position_decay"": 0.05, ""vstan_sample_size"": 500}",success,,1643.89,"{""vstan_idf_weighting"": true, ""vstan_k"": 500, ""vstan_position_decay"": 0.05, ""vstan_sample_size"": 500}",500.0,500.0,0.05,True,,,,,,,,,,
VSTAN,yoochoose_recbole_sample,cuda,1,2048,1024,644.44,973.69,0.0,,,0.4007,0.4997,0.2886,0.3207,0.2515,0.2649,"yoochoose_recbole_sample::VSTAN::{""vstan_idf_weighting"": false, ""vstan_k"": 500, ""vstan_position_decay"": 0.05, ""vstan_sample_size"": 500}",success,,1625.37,"{""vstan_idf_weighting"": false, ""vstan_k"": 500, ""vstan_position_decay"": 0.05, ""vstan_sample_size"": 500}",500.0,500.0,0.05,False,,,,,,,,,,
VSTAN,yoochoose_recbole_sample,cuda,1,2048,1024,651.11,985.25,0.0,,,0.4136,0.5164,0.2967,0.33,0.2579,0.2718,"yoochoose_recbole_sample::VSTAN::{""vstan_idf_weighting"": true, ""vstan_k"": 500, ""vstan_position_decay"": 0.1, ""vstan_sample_size"": 500}",success,,1643.76,"{""vstan_idf_weighting"": true, ""vstan_k"": 500, ""vstan_position_decay"": 0.1, ""vstan_sample_size"": 500}",500.0,500.0,0.1,True,,,,,,,,,,
VSTAN,yoochoose_recbole_sample,cuda,1,2048,1024,644.82,975.43,0.0,,,0.4071,0.5084,0.2927,0.3255,0.2548,0.2684,"yoochoose_recbole_sample::VSTAN::{""vstan_idf_weighting"": false, ""vstan_k"": 500, ""vstan_position_decay"": 0.1, ""vstan_sample_size"": 500}",success,,1627.95,"{""vstan_idf_weighting"": false, ""vstan_k"": 500, ""vstan_position_decay"": 0.1, ""vstan_sample_size"": 500}",500.0,500.0,0.1,False,,,,,,,,,,
VSTAN,yoochoose_recbole_sample,cuda,1,2048,1024,652.31,985.92,0.0,,,0.4236,0.5276,0.3026,0.3364,0.2626,0.2766,"yoochoose_recbole_sample::VSTAN::{""vstan_idf_weighting"": true, ""vstan_k"": 500, ""vstan_position_decay"": 0.2, ""vstan_sample_size"": 500}",success,,1645.69,"{""vstan_idf_weighting"": true, ""vstan_k"": 500, ""vstan_position_decay"": 0.2, ""vstan_sample_size"": 500}",500.0,500.0,0.2,True,,,,,,,,,,
VSTAN,yoochoose_recbole_sample,cuda,1,2048,1024,644.75,974.74,0.0,,,0.4166,0.5196,0.2985,0.3319,0.2594,0.2733,"yoochoose_recbole_sample::VSTAN::{""vstan_idf_weighting"": false, ""vstan_k"": 500, ""vstan_position_decay"": 0.2, ""vstan_sample_size"": 500}",success,,1626.95,"{""vstan_idf_weighting"": false, ""vstan_k"": 500, ""vstan_position_decay"": 0.2, ""vstan_sample_size"": 500}",500.0,500.0,0.2,False,,,,,,,,,,
GRU4Rec,yoochoose_recbole_sample,cuda,10,2048,2048,12.04,0.26,0.0,,,0.1984,0.2831,0.1326,0.16,0.111,0.1223,"yoochoose_recbole_sample::GRU4Rec::{""dropout_prob"": 0.1, ""epochs"": 10, ""eval_batch_size"": 2048, ""hidden_size"": 100, ""learning_rate"": 0.001, ""loss_type"": ""CE"", ""model"": ""GRU4Rec"", ""num_layers"": 1, ""train_batch_size"": 2048, ""train_neg_sample_args"": null}",success,,17.76,"{""dropout_prob"": 0.1, ""epochs"": 10, ""eval_batch_size"": 2048, ""hidden_size"": 100, ""learning_rate"": 0.001, ""loss_type"": ""CE"", ""model"": ""GRU4Rec"", ""num_layers"": 1, ""train_batch_size"": 2048, ""train_neg_sample_args"": null}",,,,,100.0,0.001,0.1,1.0,CE,,,,,
GRU4Rec,yoochoose_recbole_sample,cuda,20,2048,2048,23.47,0.26,0.0,,,0.3638,0.4649,0.2558,0.2886,0.2201,0.2338,"yoochoose_recbole_sample::GRU4Rec::{""dropout_prob"": 0.1, ""epochs"": 20, ""eval_batch_size"": 2048, ""hidden_size"": 100, ""learning_rate"": 0.001, ""loss_type"": ""CE"", ""model"": ""GRU4Rec"", ""num_layers"": 1, ""train_batch_size"": 2048, ""train_neg_sample_args"": null}",success,,29.19,"{""dropout_prob"": 0.1, ""epochs"": 20, ""eval_batch_size"": 2048, ""hidden_size"": 100, ""learning_rate"": 0.001, ""loss_type"": ""CE"", ""model"": ""GRU4Rec"", ""num_layers"": 1, ""train_batch_size"": 2048, ""train_neg_sample_args"": null}",,,,,100.0,0.001,0.1,1.0,CE,,,,,
GRU4Rec,yoochoose_recbole_sample,cuda,10,2048,2048,11.94,0.26,0.0,,,0.1997,0.2837,0.1334,0.1605,0.1116,0.1228,"yoochoose_recbole_sample::GRU4Rec::{""dropout_prob"": 0.2, ""epochs"": 10, ""eval_batch_size"": 2048, ""hidden_size"": 100, ""learning_rate"": 0.001, ""loss_type"": ""CE"", ""model"": ""GRU4Rec"", ""num_layers"": 1, ""train_batch_size"": 2048, ""train_neg_sample_args"": null}",success,,17.83,"{""dropout_prob"": 0.2, ""epochs"": 10, ""eval_batch_size"": 2048, ""hidden_size"": 100, ""learning_rate"": 0.001, ""loss_type"": ""CE"", ""model"": ""GRU4Rec"", ""num_layers"": 1, ""train_batch_size"": 2048, ""train_neg_sample_args"": null}",,,,,100.0,0.001,0.2,1.0,CE,,,,,
GRU4Rec,yoochoose_recbole_sample,cuda,20,2048,2048,23.53,0.26,0.0,,,0.3594,0.4623,0.2521,0.2855,0.2167,0.2306,"yoochoose_recbole_sample::GRU4Rec::{""dropout_prob"": 0.2, ""epochs"": 20, ""eval_batch_size"": 2048, ""hidden_size"": 100, ""learning_rate"": 0.001, ""loss_type"": ""CE"", ""model"": ""GRU4Rec"", ""num_layers"": 1, ""train_batch_size"": 2048, ""train_neg_sample_args"": null}",success,,29.48,"{""dropout_prob"": 0.2, ""epochs"": 20, ""eval_batch_size"": 2048, ""hidden_size"": 100, ""learning_rate"": 0.001, ""loss_type"": ""CE"", ""model"": ""GRU4Rec"", ""num_layers"": 1, ""train_batch_size"": 2048, ""train_neg_sample_args"": null}",,,,,100.0,0.001,0.2,1.0,CE,,,,,
GRU4Rec,yoochoose_recbole_sample,cuda,10,2048,2048,11.81,0.26,0.0,,,0.0406,0.0696,0.0266,0.0358,0.022,0.0258,"yoochoose_recbole_sample::GRU4Rec::{""dropout_prob"": 0.1, ""epochs"": 10, ""eval_batch_size"": 2048, ""hidden_size"": 100, ""learning_rate"": 0.0005, ""loss_type"": ""CE"", ""model"": ""GRU4Rec"", ""num_layers"": 1, ""train_batch_size"": 2048, ""train_neg_sample_args"": null}",success,,17.76,"{""dropout_prob"": 0.1, ""epochs"": 10, ""eval_batch_size"": 2048, ""hidden_size"": 100, ""learning_rate"": 0.0005, ""loss_type"": ""CE"", ""model"": ""GRU4Rec"", ""num_layers"": 1, ""train_batch_size"": 2048, ""train_neg_sample_args"": null}",,,,,100.0,0.0005,0.1,1.0,CE,,,,,
GRU4Rec,yoochoose_recbole_sample,cuda,20,2048,2048,23.4,0.26,0.0,,,0.1978,0.2846,0.1317,0.1598,0.1101,0.1216,"yoochoose_recbole_sample::GRU4Rec::{""dropout_prob"": 0.1, ""epochs"": 20, ""eval_batch_size"": 2048, ""hidden_size"": 100, ""learning_rate"": 0.0005, ""loss_type"": ""CE"", ""model"": ""GRU4Rec"", ""num_layers"": 1, ""train_batch_size"": 2048, ""train_neg_sample_args"": null}",success,,29.14,"{""dropout_prob"": 0.1, ""epochs"": 20, ""eval_batch_size"": 2048, ""hidden_size"": 100, ""learning_rate"": 0.0005, ""loss_type"": ""CE"", ""model"": ""GRU4Rec"", ""num_layers"": 1, ""train_batch_size"": 2048, ""train_neg_sample_args"": null}",,,,,100.0,0.0005,0.1,1.0,CE,,,,,
GRU4Rec,yoochoose_recbole_sample,cuda,10,2048,2048,11.72,0.25,0.0,,,0.0419,0.071,0.0267,0.0361,0.0217,0.0256,"yoochoose_recbole_sample::GRU4Rec::{""dropout_prob"": 0.2, ""epochs"": 10, ""eval_batch_size"": 2048, ""hidden_size"": 100, ""learning_rate"": 0.0005, ""loss_type"": ""CE"", ""model"": ""GRU4Rec"", ""num_layers"": 1, ""train_batch_size"": 2048, ""train_neg_sample_args"": null}",success,,17.45,"{""dropout_prob"": 0.2, ""epochs"": 10, ""eval_batch_size"": 2048, ""hidden_size"": 100, ""learning_rate"": 0.0005, ""loss_type"": ""CE"", ""model"": ""GRU4Rec"", ""num_layers"": 1, ""train_batch_size"": 2048, ""train_neg_sample_args"": null}",,,,,100.0,0.0005,0.2,1.0,CE,,,,,
GRU4Rec,yoochoose_recbole_sample,cuda,20,2048,2048,23.5,0.26,0.0,,,0.1926,0.2768,0.1283,0.1556,0.1072,0.1185,"yoochoose_recbole_sample::GRU4Rec::{""dropout_prob"": 0.2, ""epochs"": 20, ""eval_batch_size"": 2048, ""hidden_size"": 100, ""learning_rate"": 0.0005, ""loss_type"": ""CE"", ""model"": ""GRU4Rec"", ""num_layers"": 1, ""train_batch_size"": 2048, ""train_neg_sample_args"": null}",success,,29.47,"{""dropout_prob"": 0.2, ""epochs"": 20, ""eval_batch_size"": 2048, ""hidden_size"": 100, ""learning_rate"": 0.0005, ""loss_type"": ""CE"", ""model"": ""GRU4Rec"", ""num_layers"": 1, ""train_batch_size"": 2048, ""train_neg_sample_args"": null}",,,,,100.0,0.0005,0.2,1.0,CE,,,,,
GRU4Rec,yoochoose_recbole_sample,cuda,10,2048,2048,11.71,0.26,0.0,,,0.013,0.0218,0.0083,0.0111,0.0067,0.0079,"yoochoose_recbole_sample::GRU4Rec::{""dropout_prob"": 0.1, ""epochs"": 10, ""eval_batch_size"": 2048, ""hidden_size"": 100, ""learning_rate"": 0.0001, ""loss_type"": ""CE"", ""model"": ""GRU4Rec"", ""num_layers"": 1, ""train_batch_size"": 2048, ""train_neg_sample_args"": null}",success,,17.56,"{""dropout_prob"": 0.1, ""epochs"": 10, ""eval_batch_size"": 2048, ""hidden_size"": 100, ""learning_rate"": 0.0001, ""loss_type"": ""CE"", ""model"": ""GRU4Rec"", ""num_layers"": 1, ""train_batch_size"": 2048, ""train_neg_sample_args"": null}",,,,,100.0,0.0001,0.1,1.0,CE,,,,,
GRU4Rec,yoochoose_recbole_sample,cuda,20,2048,2048,23.46,0.26,0.0,,,0.0153,0.0258,0.0103,0.0137,0.0087,0.0101,"yoochoose_recbole_sample::GRU4Rec::{""dropout_prob"": 0.1, ""epochs"": 20, ""eval_batch_size"": 2048, ""hidden_size"": 100, ""learning_rate"": 0.0001, ""loss_type"": ""CE"", ""model"": ""GRU4Rec"", ""num_layers"": 1, ""train_batch_size"": 2048, ""train_neg_sample_args"": null}",success,,29.38,"{""dropout_prob"": 0.1, ""epochs"": 20, ""eval_batch_size"": 2048, ""hidden_size"": 100, ""learning_rate"": 0.0001, ""loss_type"": ""CE"", ""model"": ""GRU4Rec"", ""num_layers"": 1, ""train_batch_size"": 2048, ""train_neg_sample_args"": null}",,,,,100.0,0.0001,0.1,1.0,CE,,,,,
GRU4Rec,yoochoose_recbole_sample,cuda,10,2048,2048,11.74,0.26,0.0,,,0.0129,0.0214,0.0082,0.011,0.0067,0.0078,"yoochoose_recbole_sample::GRU4Rec::{""dropout_prob"": 0.2, ""epochs"": 10, ""eval_batch_size"": 2048, ""hidden_size"": 100, ""learning_rate"": 0.0001, ""loss_type"": ""CE"", ""model"": ""GRU4Rec"", ""num_layers"": 1, ""train_batch_size"": 2048, ""train_neg_sample_args"": null}",success,,17.71,"{""dropout_prob"": 0.2, ""epochs"": 10, ""eval_batch_size"": 2048, ""hidden_size"": 100, ""learning_rate"": 0.0001, ""loss_type"": ""CE"", ""model"": ""GRU4Rec"", ""num_layers"": 1, ""train_batch_size"": 2048, ""train_neg_sample_args"": null}",,,,,100.0,0.0001,0.2,1.0,CE,,,,,
GRU4Rec,yoochoose_recbole_sample,cuda,20,2048,2048,23.36,0.25,0.0,,,0.0145,0.0244,0.0097,0.0129,0.0082,0.0094,"yoochoose_recbole_sample::GRU4Rec::{""dropout_prob"": 0.2, ""epochs"": 20, ""eval_batch_size"": 2048, ""hidden_size"": 100, ""learning_rate"": 0.0001, ""loss_type"": ""CE"", ""model"": ""GRU4Rec"", ""num_layers"": 1, ""train_batch_size"": 2048, ""train_neg_sample_args"": null}",success,,29.2,"{""dropout_prob"": 0.2, ""epochs"": 20, ""eval_batch_size"": 2048, ""hidden_size"": 100, ""learning_rate"": 0.0001, ""loss_type"": ""CE"", ""model"": ""GRU4Rec"", ""num_layers"": 1, ""train_batch_size"": 2048, ""train_neg_sample_args"": null}",,,,,100.0,0.0001,0.2,1.0,CE,,,,,
GRU4Rec,yoochoose_recbole_sample,cuda,10,2048,2048,11.74,0.26,0.0,,,0.2102,0.295,0.1419,0.1694,0.1195,0.1308,"yoochoose_recbole_sample::GRU4Rec::{""dropout_prob"": 0.1, ""epochs"": 10, ""eval_batch_size"": 2048, ""hidden_size"": 128, ""learning_rate"": 0.001, ""loss_type"": ""CE"", ""model"": ""GRU4Rec"", ""num_layers"": 1, ""train_batch_size"": 2048, ""train_neg_sample_args"": null}",success,,17.52,"{""dropout_prob"": 0.1, ""epochs"": 10, ""eval_batch_size"": 2048, ""hidden_size"": 128, ""learning_rate"": 0.001, ""loss_type"": ""CE"", ""model"": ""GRU4Rec"", ""num_layers"": 1, ""train_batch_size"": 2048, ""train_neg_sample_args"": null}",,,,,128.0,0.001,0.1,1.0,CE,,,,,
GRU4Rec,yoochoose_recbole_sample,cuda,20,2048,2048,23.33,0.27,0.0,,,0.3718,0.4728,0.2623,0.295,0.2261,0.2396,"yoochoose_recbole_sample::GRU4Rec::{""dropout_prob"": 0.1, ""epochs"": 20, ""eval_batch_size"": 2048, ""hidden_size"": 128, ""learning_rate"": 0.001, ""loss_type"": ""CE"", ""model"": ""GRU4Rec"", ""num_layers"": 1, ""train_batch_size"": 2048, ""train_neg_sample_args"": null}",success,,29.4,"{""dropout_prob"": 0.1, ""epochs"": 20, ""eval_batch_size"": 2048, ""hidden_size"": 128, ""learning_rate"": 0.001, ""loss_type"": ""CE"", ""model"": ""GRU4Rec"", ""num_layers"": 1, ""train_batch_size"": 2048, ""train_neg_sample_args"": null}",,,,,128.0,0.001,0.1,1.0,CE,,,,,
GRU4Rec,yoochoose_recbole_sample,cuda,20,2048,2048,23.34,0.27,0.0,,,0.3688,0.4732,0.2602,0.2941,0.2243,0.2384,"yoochoose_recbole_sample::GRU4Rec::{""dropout_prob"": 0.2, ""epochs"": 20, ""eval_batch_size"": 2048, ""hidden_size"": 128, ""learning_rate"": 0.001, ""loss_type"": ""CE"", ""model"": ""GRU4Rec"", ""num_layers"": 1, ""train_batch_size"": 2048, ""train_neg_sample_args"": null}",success,,29.23,"{""dropout_prob"": 0.2, ""epochs"": 20, ""eval_batch_size"": 2048, ""hidden_size"": 128, ""learning_rate"": 0.001, ""loss_type"": ""CE"", ""model"": ""GRU4Rec"", ""num_layers"": 1, ""train_batch_size"": 2048, ""train_neg_sample_args"": null}",,,,,128.0,0.001,0.2,1.0,CE,,,,,
GRU4Rec,yoochoose_recbole_sample,cuda,10,2048,2048,11.7,0.26,0.0,,,0.0745,0.1179,0.0497,0.0637,0.0416,0.0473,"yoochoose_recbole_sample::GRU4Rec::{""dropout_prob"": 0.1, ""epochs"": 10, ""eval_batch_size"": 2048, ""hidden_size"": 128, ""learning_rate"": 0.0005, ""loss_type"": ""CE"", ""model"": ""GRU4Rec"", ""num_layers"": 1, ""train_batch_size"": 2048, ""train_neg_sample_args"": null}",success,,17.62,"{""dropout_prob"": 0.1, ""epochs"": 10, ""eval_batch_size"": 2048, ""hidden_size"": 128, ""learning_rate"": 0.0005, ""loss_type"": ""CE"", ""model"": ""GRU4Rec"", ""num_layers"": 1, ""train_batch_size"": 2048, ""train_neg_sample_args"": null}",,,,,128.0,0.0005,0.1,1.0,CE,,,,,
GRU4Rec,yoochoose_recbole_sample,cuda,20,2048,2048,23.41,0.27,0.0,,,0.2228,0.3115,0.1492,0.1779,0.125,0.1369,"yoochoose_recbole_sample::GRU4Rec::{""dropout_prob"": 0.1, ""epochs"": 20, ""eval_batch_size"": 2048, ""hidden_size"": 128, ""learning_rate"": 0.0005, ""loss_type"": ""CE"", ""model"": ""GRU4Rec"", ""num_layers"": 1, ""train_batch_size"": 2048, ""train_neg_sample_args"": null}",success,,29.31,"{""dropout_prob"": 0.1, ""epochs"": 20, ""eval_batch_size"": 2048, ""hidden_size"": 128, ""learning_rate"": 0.0005, ""loss_type"": ""CE"", ""model"": ""GRU4Rec"", ""num_layers"": 1, ""train_batch_size"": 2048, ""train_neg_sample_args"": null}",,,,,128.0,0.0005,0.1,1.0,CE,,,,,
GRU4Rec,yoochoose_recbole_sample,cuda,20,2048,2048,23.65,0.27,0.0,,,0.2132,0.3017,0.1422,0.1708,0.1189,0.1307,"yoochoose_recbole_sample::GRU4Rec::{""dropout_prob"": 0.2, ""epochs"": 20, ""eval_batch_size"": 2048, ""hidden_size"": 128, ""learning_rate"": 0.0005, ""loss_type"": ""CE"", ""model"": ""GRU4Rec"", ""num_layers"": 1, ""train_batch_size"": 2048, ""train_neg_sample_args"": null}",success,,29.48,"{""dropout_prob"": 0.2, ""epochs"": 20, ""eval_batch_size"": 2048, ""hidden_size"": 128, ""learning_rate"": 0.0005, ""loss_type"": ""CE"", ""model"": ""GRU4Rec"", ""num_layers"": 1, ""train_batch_size"": 2048, ""train_neg_sample_args"": null}",,,,,128.0,0.0005,0.2,1.0,CE,,,,,
GRU4Rec,yoochoose_recbole_sample,cuda,10,2048,2048,11.81,0.26,0.0,,,0.0135,0.0216,0.0087,0.0113,0.0071,0.0082,"yoochoose_recbole_sample::GRU4Rec::{""dropout_prob"": 0.1, ""epochs"": 10, ""eval_batch_size"": 2048, ""hidden_size"": 128, ""learning_rate"": 0.0001, ""loss_type"": ""CE"", ""model"": ""GRU4Rec"", ""num_layers"": 1, ""train_batch_size"": 2048, ""train_neg_sample_args"": null}",success,,17.77,"{""dropout_prob"": 0.1, ""epochs"": 10, ""eval_batch_size"": 2048, ""hidden_size"": 128, ""learning_rate"": 0.0001, ""loss_type"": ""CE"", ""model"": ""GRU4Rec"", ""num_layers"": 1, ""train_batch_size"": 2048, ""train_neg_sample_args"": null}",,,,,128.0,0.0001,0.1,1.0,CE,,,,,
GRU4Rec,yoochoose_recbole_sample,cuda,20,2048,2048,23.74,0.26,0.0,,,0.0153,0.0255,0.0102,0.0134,0.0085,0.0098,"yoochoose_recbole_sample::GRU4Rec::{""dropout_prob"": 0.1, ""epochs"": 20, ""eval_batch_size"": 2048, ""hidden_size"": 128, ""learning_rate"": 0.0001, ""loss_type"": ""CE"", ""model"": ""GRU4Rec"", ""num_layers"": 1, ""train_batch_size"": 2048, ""train_neg_sample_args"": null}",success,,29.68,"{""dropout_prob"": 0.1, ""epochs"": 20, ""eval_batch_size"": 2048, ""hidden_size"": 128, ""learning_rate"": 0.0001, ""loss_type"": ""CE"", ""model"": ""GRU4Rec"", ""num_layers"": 1, ""train_batch_size"": 2048, ""train_neg_sample_args"": null}",,,,,128.0,0.0001,0.1,1.0,CE,,,,,
GRU4Rec,yoochoose_recbole_sample,cuda,10,2048,2048,11.97,0.27,0.0,,,0.0133,0.0216,0.0086,0.0112,0.007,0.0081,"yoochoose_recbole_sample::GRU4Rec::{""dropout_prob"": 0.2, ""epochs"": 10, ""eval_batch_size"": 2048, ""hidden_size"": 128, ""learning_rate"": 0.0001, ""loss_type"": ""CE"", ""model"": ""GRU4Rec"", ""num_layers"": 1, ""train_batch_size"": 2048, ""train_neg_sample_args"": null}",success,,17.94,"{""dropout_prob"": 0.2, ""epochs"": 10, ""eval_batch_size"": 2048, ""hidden_size"": 128, ""learning_rate"": 0.0001, ""loss_type"": ""CE"", ""model"": ""GRU4Rec"", ""num_layers"": 1, ""train_batch_size"": 2048, ""train_neg_sample_args"": null}",,,,,128.0,0.0001,0.2,1.0,CE,,,,,
GRU4Rec,yoochoose_recbole_sample,cuda,20,2048,2048,23.73,0.26,0.0,,,0.0149,0.0243,0.0098,0.0128,0.0082,0.0094,"yoochoose_recbole_sample::GRU4Rec::{""dropout_prob"": 0.2, ""epochs"": 20, ""eval_batch_size"": 2048, ""hidden_size"": 128, ""learning_rate"": 0.0001, ""loss_type"": ""CE"", ""model"": ""GRU4Rec"", ""num_layers"": 1, ""train_batch_size"": 2048, ""train_neg_sample_args"": null}",success,,29.69,"{""dropout_prob"": 0.2, ""epochs"": 20, ""eval_batch_size"": 2048, ""hidden_size"": 128, ""learning_rate"": 0.0001, ""loss_type"": ""CE"", ""model"": ""GRU4Rec"", ""num_layers"": 1, ""train_batch_size"": 2048, ""train_neg_sample_args"": null}",,,,,128.0,0.0001,0.2,1.0,CE,,,,,
GRU4Rec,yoochoose_recbole_sample,cuda,10,2048,2048,13.15,0.27,0.0,,,0.249,0.3399,0.1684,0.1978,0.142,0.1541,"yoochoose_recbole_sample::GRU4Rec::{""dropout_prob"": 0.1, ""epochs"": 10, ""eval_batch_size"": 2048, ""hidden_size"": 256, ""learning_rate"": 0.001, ""loss_type"": ""CE"", ""model"": ""GRU4Rec"", ""num_layers"": 1, ""train_batch_size"": 2048, ""train_neg_sample_args"": null}",success,,19.08,"{""dropout_prob"": 0.1, ""epochs"": 10, ""eval_batch_size"": 2048, ""hidden_size"": 256, ""learning_rate"": 0.001, ""loss_type"": ""CE"", ""model"": ""GRU4Rec"", ""num_layers"": 1, ""train_batch_size"": 2048, ""train_neg_sample_args"": null}",,,,,256.0,0.001,0.1,1.0,CE,,,,,
GRU4Rec,yoochoose_recbole_sample,cuda,20,2048,2048,26.14,0.28,0.0,,,0.379,0.4818,0.2693,0.3027,0.2331,0.2469,"yoochoose_recbole_sample::GRU4Rec::{""dropout_prob"": 0.1, ""epochs"": 20, ""eval_batch_size"": 2048, ""hidden_size"": 256, ""learning_rate"": 0.001, ""loss_type"": ""CE"", ""model"": ""GRU4Rec"", ""num_layers"": 1, ""train_batch_size"": 2048, ""train_neg_sample_args"": null}",success,,32.13,"{""dropout_prob"": 0.1, ""epochs"": 20, ""eval_batch_size"": 2048, ""hidden_size"": 256, ""learning_rate"": 0.001, ""loss_type"": ""CE"", ""model"": ""GRU4Rec"", ""num_layers"": 1, ""train_batch_size"": 2048, ""train_neg_sample_args"": null}",,,,,256.0,0.001,0.1,1.0,CE,,,,,
GRU4Rec,yoochoose_recbole_sample,cuda,20,2048,2048,26.21,0.27,0.0,,,0.3785,0.4824,0.2684,0.3021,0.232,0.246,"yoochoose_recbole_sample::GRU4Rec::{""dropout_prob"": 0.2, ""epochs"": 20, ""eval_batch_size"": 2048, ""hidden_size"": 256, ""learning_rate"": 0.001, ""loss_type"": ""CE"", ""model"": ""GRU4Rec"", ""num_layers"": 1, ""train_batch_size"": 2048, ""train_neg_sample_args"": null}",success,,32.09,"{""dropout_prob"": 0.2, ""epochs"": 20, ""eval_batch_size"": 2048, ""hidden_size"": 256, ""learning_rate"": 0.001, ""loss_type"": ""CE"", ""model"": ""GRU4Rec"", ""num_layers"": 1, ""train_batch_size"": 2048, ""train_neg_sample_args"": null}",,,,,256.0,0.001,0.2,1.0,CE,,,,,
GRU4Rec,yoochoose_recbole_sample,cuda,10,2048,2048,13.1,0.27,0.0,,,0.0439,0.078,0.0299,0.0408,0.0253,0.0298,"yoochoose_recbole_sample::GRU4Rec::{""dropout_prob"": 0.1, ""epochs"": 10, ""eval_batch_size"": 2048, ""hidden_size"": 256, ""learning_rate"": 0.0005, ""loss_type"": ""CE"", ""model"": ""GRU4Rec"", ""num_layers"": 1, ""train_batch_size"": 2048, ""train_neg_sample_args"": null}",success,,19.07,"{""dropout_prob"": 0.1, ""epochs"": 10, ""eval_batch_size"": 2048, ""hidden_size"": 256, ""learning_rate"": 0.0005, ""loss_type"": ""CE"", ""model"": ""GRU4Rec"", ""num_layers"": 1, ""train_batch_size"": 2048, ""train_neg_sample_args"": null}",,,,,256.0,0.0005,0.1,1.0,CE,,,,,
GRU4Rec,yoochoose_recbole_sample,cuda,20,2048,2048,26.21,0.27,0.0,,,0.2317,0.3242,0.1556,0.1856,0.1307,0.1431,"yoochoose_recbole_sample::GRU4Rec::{""dropout_prob"": 0.1, ""epochs"": 20, ""eval_batch_size"": 2048, ""hidden_size"": 256, ""learning_rate"": 0.0005, ""loss_type"": ""CE"", ""model"": ""GRU4Rec"", ""num_layers"": 1, ""train_batch_size"": 2048, ""train_neg_sample_args"": null}",success,,32.21,"{""dropout_prob"": 0.1, ""epochs"": 20, ""eval_batch_size"": 2048, ""hidden_size"": 256, ""learning_rate"": 0.0005, ""loss_type"": ""CE"", ""model"": ""GRU4Rec"", ""num_layers"": 1, ""train_batch_size"": 2048, ""train_neg_sample_args"": null}",,,,,256.0,0.0005,0.1,1.0,CE,,,,,
GRU4Rec,yoochoose_recbole_sample,cuda,20,2048,2048,26.13,0.27,0.0,,,0.2294,0.3216,0.1544,0.1842,0.1297,0.1421,"yoochoose_recbole_sample::GRU4Rec::{""dropout_prob"": 0.2, ""epochs"": 20, ""eval_batch_size"": 2048, ""hidden_size"": 256, ""learning_rate"": 0.0005, ""loss_type"": ""CE"", ""model"": ""GRU4Rec"", ""num_layers"": 1, ""train_batch_size"": 2048, ""train_neg_sample_args"": null}",success,,32.11,"{""dropout_prob"": 0.2, ""epochs"": 20, ""eval_batch_size"": 2048, ""hidden_size"": 256, ""learning_rate"": 0.0005, ""loss_type"": ""CE"", ""model"": ""GRU4Rec"", ""num_layers"": 1, ""train_batch_size"": 2048, ""train_neg_sample_args"": null}",,,,,256.0,0.0005,0.2,1.0,CE,,,,,
GRU4Rec,yoochoose_recbole_sample,cuda,10,2048,2048,13.15,0.27,0.0,,,0.0129,0.0216,0.0084,0.0112,0.0069,0.0081,"yoochoose_recbole_sample::GRU4Rec::{""dropout_prob"": 0.1, ""epochs"": 10, ""eval_batch_size"": 2048, ""hidden_size"": 256, ""learning_rate"": 0.0001, ""loss_type"": ""CE"", ""model"": ""GRU4Rec"", ""num_layers"": 1, ""train_batch_size"": 2048, ""train_neg_sample_args"": null}",success,,19.11,"{""dropout_prob"": 0.1, ""epochs"": 10, ""eval_batch_size"": 2048, ""hidden_size"": 256, ""learning_rate"": 0.0001, ""loss_type"": ""CE"", ""model"": ""GRU4Rec"", ""num_layers"": 1, ""train_batch_size"": 2048, ""train_neg_sample_args"": null}",,,,,256.0,0.0001,0.1,1.0,CE,,,,,
GRU4Rec,yoochoose_recbole_sample,cuda,20,2048,2048,26.1,0.27,0.0,,,0.0146,0.0239,0.0096,0.0126,0.008,0.0092,"yoochoose_recbole_sample::GRU4Rec::{""dropout_prob"": 0.1, ""epochs"": 20, ""eval_batch_size"": 2048, ""hidden_size"": 256, ""learning_rate"": 0.0001, ""loss_type"": ""CE"", ""model"": ""GRU4Rec"", ""num_layers"": 1, ""train_batch_size"": 2048, ""train_neg_sample_args"": null}",success,,32.14,"{""dropout_prob"": 0.1, ""epochs"": 20, ""eval_batch_size"": 2048, ""hidden_size"": 256, ""learning_rate"": 0.0001, ""loss_type"": ""CE"", ""model"": ""GRU4Rec"", ""num_layers"": 1, ""train_batch_size"": 2048, ""train_neg_sample_args"": null}",,,,,256.0,0.0001,0.1,1.0,CE,,,,,
GRU4Rec,yoochoose_recbole_sample,cuda,10,2048,2048,13.09,0.27,0.0,,,0.013,0.0221,0.0084,0.0113,0.0069,0.0081,"yoochoose_recbole_sample::GRU4Rec::{""dropout_prob"": 0.2, ""epochs"": 10, ""eval_batch_size"": 2048, ""hidden_size"": 256, ""learning_rate"": 0.0001, ""loss_type"": ""CE"", ""model"": ""GRU4Rec"", ""num_layers"": 1, ""train_batch_size"": 2048, ""train_neg_sample_args"": null}",success,,19.04,"{""dropout_prob"": 0.2, ""epochs"": 10, ""eval_batch_size"": 2048, ""hidden_size"": 256, ""learning_rate"": 0.0001, ""loss_type"": ""CE"", ""model"": ""GRU4Rec"", ""num_layers"": 1, ""train_batch_size"": 2048, ""train_neg_sample_args"": null}",,,,,256.0,0.0001,0.2,1.0,CE,,,,,
GRU4Rec,yoochoose_recbole_sample,cuda,20,2048,2048,26.11,0.28,0.0,,,0.0115,0.0221,0.0073,0.0107,0.0059,0.0073,"yoochoose_recbole_sample::GRU4Rec::{""dropout_prob"": 0.2, ""epochs"": 20, ""eval_batch_size"": 2048, ""hidden_size"": 256, ""learning_rate"": 0.0001, ""loss_type"": ""CE"", ""model"": ""GRU4Rec"", ""num_layers"": 1, ""train_batch_size"": 2048, ""train_neg_sample_args"": null}",success,,32.11,"{""dropout_prob"": 0.2, ""epochs"": 20, ""eval_batch_size"": 2048, ""hidden_size"": 256, ""learning_rate"": 0.0001, ""loss_type"": ""CE"", ""model"": ""GRU4Rec"", ""num_layers"": 1, ""train_batch_size"": 2048, ""train_neg_sample_args"": null}",,,,,256.0,0.0001,0.2,1.0,CE,,,,,
VS-KNN,globo_recbole_sample,cuda,1,2048,1024,48.85,101.52,0.0,100.0,250.0,0.183,0.3421,0.0838,0.1353,0.0521,0.0733,"globo_recbole_sample::VS-KNN::{""vsknn_k"": 100, ""vsknn_sample_size"": 250}",success,,157.34,"{""vsknn_k"": 100, ""vsknn_sample_size"": 250}",,,,,,,,,,,,,,
VS-KNN,globo_recbole_sample,cuda,1,2048,1024,54.04,112.66,0.0,100.0,500.0,0.1784,0.3373,0.0811,0.1326,0.05,0.0713,"globo_recbole_sample::VS-KNN::{""vsknn_k"": 100, ""vsknn_sample_size"": 500}",success,,173.47,"{""vsknn_k"": 100, ""vsknn_sample_size"": 500}",,,,,,,,,,,,,,
VS-KNN,globo_recbole_sample,cuda,1,2048,1024,61.81,129.1,0.0,200.0,100.0,0.1854,0.3421,0.0863,0.1369,0.0544,0.0753,"globo_recbole_sample::VS-KNN::{""vsknn_k"": 200, ""vsknn_sample_size"": 100}",success,,197.63,"{""vsknn_k"": 200, ""vsknn_sample_size"": 100}",,,,,,,,,,,,,,
VS-KNN,globo_recbole_sample,cuda,1,2048,1024,82.03,172.61,0.0,200.0,250.0,0.1878,0.353,0.0868,0.1404,0.0544,0.0766,"globo_recbole_sample::VS-KNN::{""vsknn_k"": 200, ""vsknn_sample_size"": 250}",success,,261.59,"{""vsknn_k"": 200, ""vsknn_sample_size"": 250}",,,,,,,,,,,,,,
VS-KNN,globo_recbole_sample,cuda,1,2048,1024,82.37,173.85,0.0,200.0,500.0,0.1852,0.3512,0.0847,0.1384,0.0525,0.0747,"globo_recbole_sample::VS-KNN::{""vsknn_k"": 200, ""vsknn_sample_size"": 500}",success,,263.28,"{""vsknn_k"": 200, ""vsknn_sample_size"": 500}",,,,,,,,,,,,,,
VS-KNN,globo_recbole_sample,cuda,1,2048,1024,61.43,129.21,0.0,500.0,100.0,0.1854,0.3421,0.0863,0.1369,0.0544,0.0753,"globo_recbole_sample::VS-KNN::{""vsknn_k"": 500, ""vsknn_sample_size"": 100}",success,,197.79,"{""vsknn_k"": 500, ""vsknn_sample_size"": 100}",,,,,,,,,,,,,,
VS-KNN,globo_recbole_sample,cuda,1,2048,1024,128.79,272.98,0.0,500.0,250.0,0.1916,0.3547,0.0889,0.1417,0.0559,0.0778,"globo_recbole_sample::VS-KNN::{""vsknn_k"": 500, ""vsknn_sample_size"": 250}",success,,408.75,"{""vsknn_k"": 500, ""vsknn_sample_size"": 250}",,,,,,,,,,,,,,
VS-KNN,globo_recbole_sample,cuda,1,2048,1024,234.19,496.87,0.0,500.0,500.0,0.1936,0.3597,0.0898,0.1436,0.0565,0.0787,"globo_recbole_sample::VS-KNN::{""vsknn_k"": 500, ""vsknn_sample_size"": 500}",success,,738.02,"{""vsknn_k"": 500, ""vsknn_sample_size"": 500}",,,,,,,,,,,,,,
VSTAN,globo_recbole_sample,cuda,1,2048,1024,64.94,136.15,0.0,,,0.181,0.3391,0.0823,0.1335,0.0507,0.0719,"globo_recbole_sample::VSTAN::{""vstan_idf_weighting"": true, ""vstan_k"": 100, ""vstan_position_decay"": 0.05, ""vstan_sample_size"": 100}",success,,207.9,"{""vstan_idf_weighting"": true, ""vstan_k"": 100, ""vstan_position_decay"": 0.05, ""vstan_sample_size"": 100}",100.0,100.0,0.05,True,,,,,,,,,,
VSTAN,globo_recbole_sample,cuda,1,2048,1024,64.2,135.55,0.0,,,0.1871,0.344,0.087,0.1378,0.0548,0.0758,"globo_recbole_sample::VSTAN::{""vstan_idf_weighting"": false, ""vstan_k"": 100, ""vstan_position_decay"": 0.05, ""vstan_sample_size"": 100}",success,,206.94,"{""vstan_idf_weighting"": false, ""vstan_k"": 100, ""vstan_position_decay"": 0.05, ""vstan_sample_size"": 100}",100.0,100.0,0.05,False,,,,,,,,,,
VSTAN,globo_recbole_sample,cuda,1,2048,1024,64.13,138.42,0.0,,,0.1881,0.346,0.0875,0.1386,0.0552,0.0762,"globo_recbole_sample::VSTAN::{""vstan_idf_weighting"": false, ""vstan_k"": 100, ""vstan_position_decay"": 0.1, ""vstan_sample_size"": 100}",success,,209.59,"{""vstan_idf_weighting"": false, ""vstan_k"": 100, ""vstan_position_decay"": 0.1, ""vstan_sample_size"": 100}",100.0,100.0,0.1,False,,,,,,,,,,
VSTAN,globo_recbole_sample,cuda,1,2048,1024,65.0,138.44,0.0,,,0.1864,0.3432,0.0848,0.1356,0.0523,0.0733,"globo_recbole_sample::VSTAN::{""vstan_idf_weighting"": true, ""vstan_k"": 100, ""vstan_position_decay"": 0.2, ""vstan_sample_size"": 100}",success,,210.41,"{""vstan_idf_weighting"": true, ""vstan_k"": 100, ""vstan_position_decay"": 0.2, ""vstan_sample_size"": 100}",100.0,100.0,0.2,True,,,,,,,,,,
VSTAN,globo_recbole_sample,cuda,1,2048,1024,64.49,138.5,0.0,,,0.1909,0.3482,0.0888,0.1397,0.056,0.077,"globo_recbole_sample::VSTAN::{""vstan_idf_weighting"": false, ""vstan_k"": 100, ""vstan_position_decay"": 0.2, ""vstan_sample_size"": 100}",success,,210.1,"{""vstan_idf_weighting"": false, ""vstan_k"": 100, ""vstan_position_decay"": 0.2, ""vstan_sample_size"": 100}",100.0,100.0,0.2,False,,,,,,,,,,
VSTAN,globo_recbole_sample,cuda,1,2048,1024,53.01,110.89,0.0,,,0.1799,0.3413,0.081,0.1333,0.0494,0.0711,"globo_recbole_sample::VSTAN::{""vstan_idf_weighting"": true, ""vstan_k"": 100, ""vstan_position_decay"": 0.05, ""vstan_sample_size"": 250}",success,,171.06,"{""vstan_idf_weighting"": true, ""vstan_k"": 100, ""vstan_position_decay"": 0.05, ""vstan_sample_size"": 250}",100.0,250.0,0.05,True,,,,,,,,,,
VSTAN,globo_recbole_sample,cuda,1,2048,1024,51.38,107.74,0.0,,,0.1947,0.3486,0.0917,0.1416,0.0585,0.0791,"globo_recbole_sample::VSTAN::{""vstan_idf_weighting"": false, ""vstan_k"": 100, ""vstan_position_decay"": 0.05, ""vstan_sample_size"": 250}",success,,166.07,"{""vstan_idf_weighting"": false, ""vstan_k"": 100, ""vstan_position_decay"": 0.05, ""vstan_sample_size"": 250}",100.0,250.0,0.05,False,,,,,,,,,,
VSTAN,globo_recbole_sample,cuda,1,2048,1024,53.49,111.54,0.0,,,0.1857,0.3454,0.0843,0.136,0.0518,0.0732,"globo_recbole_sample::VSTAN::{""vstan_idf_weighting"": true, ""vstan_k"": 100, ""vstan_position_decay"": 0.1, ""vstan_sample_size"": 250}",success,,172.22,"{""vstan_idf_weighting"": true, ""vstan_k"": 100, ""vstan_position_decay"": 0.1, ""vstan_sample_size"": 250}",100.0,250.0,0.1,True,,,,,,,,,,
VSTAN,globo_recbole_sample,cuda,1,2048,1024,51.57,108.28,0.0,,,0.1958,0.3503,0.0923,0.1424,0.059,0.0797,"globo_recbole_sample::VSTAN::{""vstan_idf_weighting"": false, ""vstan_k"": 100, ""vstan_position_decay"": 0.1, ""vstan_sample_size"": 250}",success,,166.84,"{""vstan_idf_weighting"": false, ""vstan_k"": 100, ""vstan_position_decay"": 0.1, ""vstan_sample_size"": 250}",100.0,250.0,0.1,False,,,,,,,,,,
VSTAN,globo_recbole_sample,,,,,,,,,,,,,,,,,,,,,,,,,,,,,,,,,,
MostPop,yoochoose_recbole_sample,cuda,1,2048,1024,0.99,0.24,0.0,,,0.0139,0.0215,0.0087,0.0112,0.007,0.008,yoochoose_recbole_sample::MostPop::{},success,,7.25,{},,,,,,,,,,,,,,
RecentPop,yoochoose_recbole_sample,cuda,1,2048,1024,1.13,0.24,0.0,,,0.0003,0.0006,0.0001,0.0002,0.0001,0.0001,"yoochoose_recbole_sample::RecentPop::{""window_days"": 1}",success,,6.76,"{""window_days"": 1}",,,,,,,,,,,1.0,,,
RecentPop,yoochoose_recbole_sample,cuda,1,2048,1024,0.88,0.24,0.0,,,0.001,0.0013,0.0007,0.0008,0.0005,0.0006,"yoochoose_recbole_sample::RecentPop::{""window_days"": 3}",success,,6.6,"{""window_days"": 3}",,,,,,,,,,,3.0,,,
RecentPop,yoochoose_recbole_sample,cuda,1,2048,1024,1.06,0.25,0.0,,,0.0031,0.0057,0.0017,0.0026,0.0013,0.0016,"yoochoose_recbole_sample::RecentPop::{""window_days"": 7}",success,,6.8,"{""window_days"": 7}",,,,,,,,,,,7.0,,,
RecentPop,yoochoose_recbole_sample,cuda,1,2048,1024,1.27,0.32,0.0,,,0.0034,0.0054,0.0022,0.0029,0.0018,0.0021,"yoochoose_recbole_sample::RecentPop::{""window_days"": 14}",success,,7.5,"{""window_days"": 14}",,,,,,,,,,,14.0,,,
RecentPop,yoochoose_recbole_sample,cuda,1,2048,1024,1.1,0.31,0.0,,,0.0058,0.0136,0.004,0.0065,0.0034,0.0045,"yoochoose_recbole_sample::RecentPop::{""window_days"": 30}",success,,7.16,"{""window_days"": 30}",,,,,,,,,,,30.0,,,
RecentPop,yoochoose_recbole_sample,cuda,1,2048,1024,1.22,0.3,0.0,,,0.011,0.0173,0.0075,0.0095,0.0063,0.0072,"yoochoose_recbole_sample::RecentPop::{""window_days"": 60}",success,,7.95,"{""window_days"": 60}",,,,,,,,,,,60.0,,,
RecentPop,yoochoose_recbole_sample,cuda,1,2048,1024,1.21,0.23,0.0,,,0.011,0.0173,0.0075,0.0095,0.0063,0.0072,"yoochoose_recbole_sample::RecentPop::{""window_days"": 90}",success,,7.08,"{""window_days"": 90}",,,,,,,,,,,90.0,,,
RecentPop,yoochoose_recbole_sample,cuda,1,2048,1024,1.02,0.23,0.0,,,0.0138,0.0212,0.0087,0.0111,0.007,0.008,"yoochoose_recbole_sample::RecentPop::{""window_days"": 180}",success,,7.26,"{""window_days"": 180}",,,,,,,,,,,180.0,,,
DecayPop,yoochoose_recbole_sample,cuda,1,2048,1024,1.21,0.31,0.0,,,0.0138,0.0215,0.0087,0.0112,0.007,0.008,"yoochoose_recbole_sample::DecayPop::{""decay_lambda"": 1e-09}",success,,9.45,"{""decay_lambda"": 1e-09}",,,,,,,,,,,,1e-09,,
DecayPop,yoochoose_recbole_sample,cuda,1,2048,1024,1.14,0.32,0.0,,,0.0138,0.0212,0.0087,0.0111,0.007,0.008,"yoochoose_recbole_sample::DecayPop::{""decay_lambda"": 5e-09}",success,,9.4,"{""decay_lambda"": 5e-09}",,,,,,,,,,,,5e-09,,
DecayPop,yoochoose_recbole_sample,cuda,1,2048,1024,1.26,0.24,0.0,,,0.0138,0.0212,0.0087,0.0111,0.007,0.008,"yoochoose_recbole_sample::DecayPop::{""decay_lambda"": 1e-08}",success,,9.5,"{""decay_lambda"": 1e-08}",,,,,,,,,,,,1e-08,,
DecayPop,yoochoose_recbole_sample,cuda,1,2048,1024,1.0,0.23,0.0,,,0.0139,0.0216,0.009,0.0115,0.0074,0.0084,"yoochoose_recbole_sample::DecayPop::{""decay_lambda"": 5e-08}",success,,8.91,"{""decay_lambda"": 5e-08}",,,,,,,,,,,,5e-08,,
DecayPop,yoochoose_recbole_sample,cuda,1,2048,1024,1.17,0.32,0.0,,,0.0139,0.0201,0.0087,0.0107,0.0071,0.0079,"yoochoose_recbole_sample::DecayPop::{""decay_lambda"": 1e-07}",success,,9.35,"{""decay_lambda"": 1e-07}",,,,,,,,,,,,1e-07,,
DecayPop,yoochoose_recbole_sample,cuda,1,2048,1024,1.34,0.23,0.0,,,0.0088,0.014,0.0064,0.0081,0.0056,0.0063,"yoochoose_recbole_sample::DecayPop::{""decay_lambda"": 5e-07}",success,,9.29,"{""decay_lambda"": 5e-07}",,,,,,,,,,,,5e-07,,
DecayPop,yoochoose_recbole_sample,cuda,1,2048,1024,1.08,0.24,0.0,,,0.0067,0.0104,0.0043,0.0055,0.0035,0.004,"yoochoose_recbole_sample::DecayPop::{""decay_lambda"": 1e-06}",success,,8.99,"{""decay_lambda"": 1e-06}",,,,,,,,,,,,1e-06,,
VS-KNN,yoochoose_recbole_sample,cuda,1,2048,1024,202.05,305.63,0.0,100,100,0.3074,0.3641,0.2369,0.2553,0.2135,0.2211,"yoochoose_recbole_sample::VS-KNN::{""vsknn_k"": 100, ""vsknn_popularity_weight"": 0.0, ""vsknn_sample_size"": 100}",success,,516.33,"{""vsknn_k"": 100, ""vsknn_popularity_weight"": 0.0, ""vsknn_sample_size"": 100}",,,,,,,,,,,,,0.0,
VS-KNN,yoochoose_recbole_sample,cuda,1,2048,1024,246.83,366.07,0.0,100,100,0.2535,0.3149,0.1941,0.214,0.1744,0.1826,"yoochoose_recbole_sample::VS-KNN::{""vsknn_k"": 100, ""vsknn_popularity_weight"": 0.5, ""vsknn_sample_size"": 100}",success,,621.27,"{""vsknn_k"": 100, ""vsknn_popularity_weight"": 0.5, ""vsknn_sample_size"": 100}",,,,,,,,,,,,,0.5,
VS-KNN,yoochoose_recbole_sample,cuda,1,2048,1024,240.45,365.35,0.0,100,100,0.1364,0.2105,0.0889,0.1127,0.0733,0.0831,"yoochoose_recbole_sample::VS-KNN::{""vsknn_k"": 100, ""vsknn_popularity_weight"": 1.0, ""vsknn_sample_size"": 100}",success,,613.54,"{""vsknn_k"": 100, ""vsknn_popularity_weight"": 1.0, ""vsknn_sample_size"": 100}",,,,,,,,,,,,,1.0,
VS-KNN,yoochoose_recbole_sample,cuda,1,2048,1024,108.22,161.61,0.0,100,250,0.3601,0.4348,0.2666,0.2909,0.2355,0.2456,"yoochoose_recbole_sample::VS-KNN::{""vsknn_k"": 100, ""vsknn_popularity_weight"": 0.0, ""vsknn_sample_size"": 250}",success,,277.37,"{""vsknn_k"": 100, ""vsknn_popularity_weight"": 0.0, ""vsknn_sample_size"": 250}",,,,,,,,,,,,,0.0,
VS-KNN,yoochoose_recbole_sample,cuda,1,2048,1024,128.84,193.0,0.0,100,250,0.3358,0.4095,0.2503,0.2742,0.2219,0.2318,"yoochoose_recbole_sample::VS-KNN::{""vsknn_k"": 100, ""vsknn_popularity_weight"": 0.5, ""vsknn_sample_size"": 250}",success,,329.66,"{""vsknn_k"": 100, ""vsknn_popularity_weight"": 0.5, ""vsknn_sample_size"": 250}",,,,,,,,,,,,,0.5,
VS-KNN,yoochoose_recbole_sample,cuda,1,2048,1024,128.96,192.87,0.0,100,250,0.2548,0.3499,0.1724,0.2031,0.1452,0.1579,"yoochoose_recbole_sample::VS-KNN::{""vsknn_k"": 100, ""vsknn_popularity_weight"": 1.0, ""vsknn_sample_size"": 250}",success,,329.5,"{""vsknn_k"": 100, ""vsknn_popularity_weight"": 1.0, ""vsknn_sample_size"": 250}",,,,,,,,,,,,,1.0,
VS-KNN,yoochoose_recbole_sample,cuda,1,2048,1024,103.09,152.57,0.0,100,500,0.3818,0.4639,0.2786,0.3053,0.2443,0.2554,"yoochoose_recbole_sample::VS-KNN::{""vsknn_k"": 100, ""vsknn_popularity_weight"": 0.0, ""vsknn_sample_size"": 500}",success,,263.49,"{""vsknn_k"": 100, ""vsknn_popularity_weight"": 0.0, ""vsknn_sample_size"": 500}",,,,,,,,,,,,,0.0,
VS-KNN,yoochoose_recbole_sample,cuda,1,2048,1024,121.08,179.91,0.0,100,500,0.3624,0.4433,0.2673,0.2935,0.2357,0.2466,"yoochoose_recbole_sample::VS-KNN::{""vsknn_k"": 100, ""vsknn_popularity_weight"": 0.5, ""vsknn_sample_size"": 500}",success,,308.98,"{""vsknn_k"": 100, ""vsknn_popularity_weight"": 0.5, ""vsknn_sample_size"": 500}",,,,,,,,,,,,,0.5,
VS-KNN,yoochoose_recbole_sample,cuda,1,2048,1024,121.41,180.68,0.0,100,500,0.2988,0.3961,0.2036,0.235,0.1722,0.1851,"yoochoose_recbole_sample::VS-KNN::{""vsknn_k"": 100, ""vsknn_popularity_weight"": 1.0, ""vsknn_sample_size"": 500}",success,,309.82,"{""vsknn_k"": 100, ""vsknn_popularity_weight"": 1.0, ""vsknn_sample_size"": 500}",,,,,,,,,,,,,1.0,
VS-KNN,yoochoose_recbole_sample,cuda,1,2048,1024,196.21,297.17,0.0,200,100,0.3074,0.3641,0.2369,0.2553,0.2135,0.2211,"yoochoose_recbole_sample::VS-KNN::{""vsknn_k"": 200, ""vsknn_popularity_weight"": 0.0, ""vsknn_sample_size"": 100}",success,,501.2,"{""vsknn_k"": 200, ""vsknn_popularity_weight"": 0.0, ""vsknn_sample_size"": 100}",,,,,,,,,,,,,0.0,
VS-KNN,yoochoose_recbole_sample,cuda,1,2048,1024,239.9,364.82,0.0,200,100,0.2535,0.3149,0.1941,0.214,0.1744,0.1826,"yoochoose_recbole_sample::VS-KNN::{""vsknn_k"": 200, ""vsknn_popularity_weight"": 0.5, ""vsknn_sample_size"": 100}",success,,612.69,"{""vsknn_k"": 200, ""vsknn_popularity_weight"": 0.5, ""vsknn_sample_size"": 100}",,,,,,,,,,,,,0.5,
VS-KNN,yoochoose_recbole_sample,cuda,1,2048,1024,240.52,365.19,0.0,200,100,0.1364,0.2105,0.0889,0.1127,0.0733,0.0831,"yoochoose_recbole_sample::VS-KNN::{""vsknn_k"": 200, ""vsknn_popularity_weight"": 1.0, ""vsknn_sample_size"": 100}",success,,613.48,"{""vsknn_k"": 200, ""vsknn_popularity_weight"": 1.0, ""vsknn_sample_size"": 100}",,,,,,,,,,,,,1.0,
VS-KNN,yoochoose_recbole_sample,cuda,1,2048,1024,264.46,399.0,0.0,200,250,0.3512,0.4244,0.2616,0.2853,0.2319,0.2417,"yoochoose_recbole_sample::VS-KNN::{""vsknn_k"": 200, ""vsknn_popularity_weight"": 0.0, ""vsknn_sample_size"": 250}",success,,671.28,"{""vsknn_k"": 200, ""vsknn_popularity_weight"": 0.0, ""vsknn_sample_size"": 250}",,,,,,,,,,,,,0.0,
VS-KNN,yoochoose_recbole_sample,cuda,1,2048,1024,326.17,493.71,0.0,200,250,0.3201,0.3902,0.2422,0.2648,0.2162,0.2256,"yoochoose_recbole_sample::VS-KNN::{""vsknn_k"": 200, ""vsknn_popularity_weight"": 0.5, ""vsknn_sample_size"": 250}",success,,827.81,"{""vsknn_k"": 200, ""vsknn_popularity_weight"": 0.5, ""vsknn_sample_size"": 250}",,,,,,,,,,,,,0.5,
VS-KNN,yoochoose_recbole_sample,cuda,1,2048,1024,325.36,492.04,0.0,200,250,0.199,0.2831,0.1302,0.1574,0.1076,0.1188,"yoochoose_recbole_sample::VS-KNN::{""vsknn_k"": 200, ""vsknn_popularity_weight"": 1.0, ""vsknn_sample_size"": 250}",success,,825.18,"{""vsknn_k"": 200, ""vsknn_popularity_weight"": 1.0, ""vsknn_sample_size"": 250}",,,,,,,,,,,,,1.0,
VS-KNN,yoochoose_recbole_sample,cuda,1,2048,1024,188.05,282.23,0.0,200,500,0.3805,0.467,0.2776,0.3057,0.2435,0.2552,"yoochoose_recbole_sample::VS-KNN::{""vsknn_k"": 200, ""vsknn_popularity_weight"": 0.0, ""vsknn_sample_size"": 500}",success,,478.1,"{""vsknn_k"": 200, ""vsknn_popularity_weight"": 0.0, ""vsknn_sample_size"": 500}",,,,,,,,,,,,,0.0,
VS-KNN,yoochoose_recbole_sample,cuda,1,2048,1024,228.2,343.93,0.0,200,500,0.3638,0.445,0.2685,0.2948,0.2368,0.2477,"yoochoose_recbole_sample::VS-KNN::{""vsknn_k"": 200, ""vsknn_popularity_weight"": 0.5, ""vsknn_sample_size"": 500}",success,,580.15,"{""vsknn_k"": 200, ""vsknn_popularity_weight"": 0.5, ""vsknn_sample_size"": 500}",,,,,,,,,,,,,0.5,
VS-KNN,yoochoose_recbole_sample,cuda,1,2048,1024,228.37,343.48,0.0,200,500,0.2719,0.3658,0.1838,0.2142,0.1547,0.1672,"yoochoose_recbole_sample::VS-KNN::{""vsknn_k"": 200, ""vsknn_popularity_weight"": 1.0, ""vsknn_sample_size"": 500}",success,,579.55,"{""vsknn_k"": 200, ""vsknn_popularity_weight"": 1.0, ""vsknn_sample_size"": 500}",,,,,,,,,,,,,1.0,
VS-KNN,yoochoose_recbole_sample,cuda,1,2048,1024,195.69,296.33,0.0,500,100,0.3074,0.3641,0.2369,0.2553,0.2135,0.2211,"yoochoose_recbole_sample::VS-KNN::{""vsknn_k"": 500, ""vsknn_popularity_weight"": 0.0, ""vsknn_sample_size"": 100}",success,,499.85,"{""vsknn_k"": 500, ""vsknn_popularity_weight"": 0.0, ""vsknn_sample_size"": 100}",,,,,,,,,,,,,0.0,
VS-KNN,yoochoose_recbole_sample,cuda,1,2048,1024,239.96,364.85,0.0,500,100,0.2535,0.3149,0.1941,0.214,0.1744,0.1826,"yoochoose_recbole_sample::VS-KNN::{""vsknn_k"": 500, ""vsknn_popularity_weight"": 0.5, ""vsknn_sample_size"": 100}",success,,612.79,"{""vsknn_k"": 500, ""vsknn_popularity_weight"": 0.5, ""vsknn_sample_size"": 100}",,,,,,,,,,,,,0.5,
VS-KNN,yoochoose_recbole_sample,cuda,1,2048,1024,240.03,364.32,0.0,500,100,0.1364,0.2105,0.0889,0.1127,0.0733,0.0831,"yoochoose_recbole_sample::VS-KNN::{""vsknn_k"": 500, ""vsknn_popularity_weight"": 1.0, ""vsknn_sample_size"": 100}",success,,612.13,"{""vsknn_k"": 500, ""vsknn_popularity_weight"": 1.0, ""vsknn_sample_size"": 100}",,,,,,,,,,,,,1.0,
VS-KNN,yoochoose_recbole_sample,cuda,1,2048,1024,404.09,613.16,0.0,500,250,0.349,0.4193,0.2604,0.2832,0.231,0.2404,"yoochoose_recbole_sample::VS-KNN::{""vsknn_k"": 500, ""vsknn_popularity_weight"": 0.0, ""vsknn_sample_size"": 250}",success,,1025.07,"{""vsknn_k"": 500, ""vsknn_popularity_weight"": 0.0, ""vsknn_sample_size"": 250}",,,,,,,,,,,,,0.0,
VS-KNN,yoochoose_recbole_sample,cuda,1,2048,1024,503.04,762.6,0.0,500,250,0.3098,0.3746,0.237,0.2579,0.2126,0.2213,"yoochoose_recbole_sample::VS-KNN::{""vsknn_k"": 500, ""vsknn_popularity_weight"": 0.5, ""vsknn_sample_size"": 250}",success,,1273.63,"{""vsknn_k"": 500, ""vsknn_popularity_weight"": 0.5, ""vsknn_sample_size"": 250}",,,,,,,,,,,,,0.5,
VS-KNN,yoochoose_recbole_sample,cuda,1,2048,1024,501.28,759.24,0.0,500,250,0.1644,0.2424,0.1058,0.1309,0.0866,0.0969,"yoochoose_recbole_sample::VS-KNN::{""vsknn_k"": 500, ""vsknn_popularity_weight"": 1.0, ""vsknn_sample_size"": 250}",success,,1268.33,"{""vsknn_k"": 500, ""vsknn_popularity_weight"": 1.0, ""vsknn_sample_size"": 250}",,,,,,,,,,,,,1.0,
VS-KNN,yoochoose_recbole_sample,cuda,1,2048,1024,675.68,1016.8,0.0,500,500,0.3729,0.4554,0.2734,0.3002,0.2404,0.2515,"yoochoose_recbole_sample::VS-KNN::{""vsknn_k"": 500, ""vsknn_popularity_weight"": 0.0, ""vsknn_sample_size"": 500}",success,,1700.35,"{""vsknn_k"": 500, ""vsknn_popularity_weight"": 0.0, ""vsknn_sample_size"": 500}",,,,,,,,,,,,,0.0,
VS-KNN,yoochoose_recbole_sample,cuda,1,2048,1024,841.96,1279.83,0.0,500,500,0.3516,0.424,0.263,0.2864,0.2334,0.2431,"yoochoose_recbole_sample::VS-KNN::{""vsknn_k"": 500, ""vsknn_popularity_weight"": 0.5, ""vsknn_sample_size"": 500}",success,,2129.84,"{""vsknn_k"": 500, ""vsknn_popularity_weight"": 0.5, ""vsknn_sample_size"": 500}",,,,,,,,,,,,,0.5,
VS-KNN,yoochoose_recbole_sample,cuda,1,2048,1024,857.93,1286.42,0.0,500,500,0.1892,0.272,0.1206,0.1474,0.0982,0.1092,"yoochoose_recbole_sample::VS-KNN::{""vsknn_k"": 500, ""vsknn_popularity_weight"": 1.0, ""vsknn_sample_size"": 500}",success,,2152.16,"{""vsknn_k"": 500, ""vsknn_popularity_weight"": 1.0, ""vsknn_sample_size"": 500}",,,,,,,,,,,,,1.0,
VSTAN,yoochoose_recbole_sample,cuda,1,2048,1024,207.62,314.82,0.0,,,0.3172,0.3752,0.2438,0.2626,0.2194,0.2272,"yoochoose_recbole_sample::VSTAN::{""vstan_idf_weighting"": true, ""vstan_k"": 100, ""vstan_popularity_weight"": 0.0, ""vstan_position_decay"": 0.05, ""vstan_sample_size"": 100}",success,,530.05,"{""vstan_idf_weighting"": true, ""vstan_k"": 100, ""vstan_popularity_weight"": 0.0, ""vstan_position_decay"": 0.05, ""vstan_sample_size"": 100}",100,100,0.05,True,,,,,,,,,,0.0
VSTAN,yoochoose_recbole_sample,cuda,1,2048,1024,252.64,387.75,0.0,,,0.2482,0.3106,0.1884,0.2084,0.1685,0.1768,"yoochoose_recbole_sample::VSTAN::{""vstan_idf_weighting"": true, ""vstan_k"": 100, ""vstan_popularity_weight"": 0.5, ""vstan_position_decay"": 0.05, ""vstan_sample_size"": 100}",success,,648.28,"{""vstan_idf_weighting"": true, ""vstan_k"": 100, ""vstan_popularity_weight"": 0.5, ""vstan_position_decay"": 0.05, ""vstan_sample_size"": 100}",100,100,0.05,True,,,,,,,,,,0.5
VSTAN,yoochoose_recbole_sample,cuda,1,2048,1024,252.22,382.91,0.0,,,0.1313,0.2022,0.0846,0.1073,0.0693,0.0785,"yoochoose_recbole_sample::VSTAN::{""vstan_idf_weighting"": true, ""vstan_k"": 100, ""vstan_popularity_weight"": 1.0, ""vstan_position_decay"": 0.05, ""vstan_sample_size"": 100}",success,,642.91,"{""vstan_idf_weighting"": true, ""vstan_k"": 100, ""vstan_popularity_weight"": 1.0, ""vstan_position_decay"": 0.05, ""vstan_sample_size"": 100}",100,100,0.05,True,,,,,,,,,,1.0
VSTAN,yoochoose_recbole_sample,cuda,1,2048,1024,205.77,311.65,0.0,,,0.317,0.3759,0.2436,0.2627,0.2192,0.2271,"yoochoose_recbole_sample::VSTAN::{""vstan_idf_weighting"": false, ""vstan_k"": 100, ""vstan_popularity_weight"": 0.0, ""vstan_position_decay"": 0.05, ""vstan_sample_size"": 100}",success,,525.28,"{""vstan_idf_weighting"": false, ""vstan_k"": 100, ""vstan_popularity_weight"": 0.0, ""vstan_position_decay"": 0.05, ""vstan_sample_size"": 100}",100,100,0.05,False,,,,,,,,,,0.0
VSTAN,yoochoose_recbole_sample,cuda,1,2048,1024,250.31,381.08,0.0,,,0.2667,0.3262,0.206,0.2252,0.1858,0.1937,"yoochoose_recbole_sample::VSTAN::{""vstan_idf_weighting"": false, ""vstan_k"": 100, ""vstan_popularity_weight"": 0.5, ""vstan_position_decay"": 0.05, ""vstan_sample_size"": 100}",success,,639.43,"{""vstan_idf_weighting"": false, ""vstan_k"": 100, ""vstan_popularity_weight"": 0.5, ""vstan_position_decay"": 0.05, ""vstan_sample_size"": 100}",100,100,0.05,False,,,,,,,,,,0.5
VSTAN,yoochoose_recbole_sample,cuda,1,2048,1024,250.37,380.8,0.0,,,0.1472,0.2216,0.0975,0.1214,0.0812,0.091,"yoochoose_recbole_sample::VSTAN::{""vstan_idf_weighting"": false, ""vstan_k"": 100, ""vstan_popularity_weight"": 1.0, ""vstan_position_decay"": 0.05, ""vstan_sample_size"": 100}",success,,639.02,"{""vstan_idf_weighting"": false, ""vstan_k"": 100, ""vstan_popularity_weight"": 1.0, ""vstan_position_decay"": 0.05, ""vstan_sample_size"": 100}",100,100,0.05,False,,,,,,,,,,1.0
VSTAN,yoochoose_recbole_sample,cuda,1,2048,1024,207.87,315.22,0.0,,,0.3249,0.3846,0.2488,0.2682,0.2234,0.2315,"yoochoose_recbole_sample::VSTAN::{""vstan_idf_weighting"": true, ""vstan_k"": 100, ""vstan_popularity_weight"": 0.0, ""vstan_position_decay"": 0.1, ""vstan_sample_size"": 100}",success,,530.73,"{""vstan_idf_weighting"": true, ""vstan_k"": 100, ""vstan_popularity_weight"": 0.0, ""vstan_position_decay"": 0.1, ""vstan_sample_size"": 100}",100,100,0.1,True,,,,,,,,,,0.0
VSTAN,yoochoose_recbole_sample,cuda,1,2048,1024,252.58,384.73,0.0,,,0.2569,0.3195,0.1959,0.2161,0.1757,0.184,"yoochoose_recbole_sample::VSTAN::{""vstan_idf_weighting"": true, ""vstan_k"": 100, ""vstan_popularity_weight"": 0.5, ""vstan_position_decay"": 0.1, ""vstan_sample_size"": 100}",success,,645.22,"{""vstan_idf_weighting"": true, ""vstan_k"": 100, ""vstan_popularity_weight"": 0.5, ""vstan_position_decay"": 0.1, ""vstan_sample_size"": 100}",100,100,0.1,True,,,,,,,,,,0.5
VSTAN,yoochoose_recbole_sample,cuda,1,2048,1024,252.43,384.04,0.0,,,0.1375,0.211,0.0898,0.1133,0.0742,0.0837,"yoochoose_recbole_sample::VSTAN::{""vstan_idf_weighting"": true, ""vstan_k"": 100, ""vstan_popularity_weight"": 1.0, ""vstan_position_decay"": 0.1, ""vstan_sample_size"": 100}",success,,644.31,"{""vstan_idf_weighting"": true, ""vstan_k"": 100, ""vstan_popularity_weight"": 1.0, ""vstan_position_decay"": 0.1, ""vstan_sample_size"": 100}",100,100,0.1,True,,,,,,,,,,1.0
VSTAN,yoochoose_recbole_sample,cuda,1,2048,1024,206.18,312.13,0.0,,,0.3246,0.3851,0.2486,0.2683,0.2233,0.2315,"yoochoose_recbole_sample::VSTAN::{""vstan_idf_weighting"": false, ""vstan_k"": 100, ""vstan_popularity_weight"": 0.0, ""vstan_position_decay"": 0.1, ""vstan_sample_size"": 100}",success,,526.2,"{""vstan_idf_weighting"": false, ""vstan_k"": 100, ""vstan_popularity_weight"": 0.0, ""vstan_position_decay"": 0.1, ""vstan_sample_size"": 100}",100,100,0.1,False,,,,,,,,,,0.0
VSTAN,yoochoose_recbole_sample,cuda,1,2048,1024,250.4,391.77,0.0,,,0.2767,0.3349,0.2137,0.2325,0.1928,0.2006,"yoochoose_recbole_sample::VSTAN::{""vstan_idf_weighting"": false, ""vstan_k"": 100, ""vstan_popularity_weight"": 0.5, ""vstan_position_decay"": 0.1, ""vstan_sample_size"": 100}",success,,650.24,"{""vstan_idf_weighting"": false, ""vstan_k"": 100, ""vstan_popularity_weight"": 0.5, ""vstan_position_decay"": 0.1, ""vstan_sample_size"": 100}",100,100,0.1,False,,,,,,,,,,0.5
VSTAN,yoochoose_recbole_sample,cuda,1,2048,1024,254.63,380.59,0.0,,,0.1548,0.2299,0.1036,0.1277,0.0868,0.0967,"yoochoose_recbole_sample::VSTAN::{""vstan_idf_weighting"": false, ""vstan_k"": 100, ""vstan_popularity_weight"": 1.0, ""vstan_position_decay"": 0.1, ""vstan_sample_size"": 100}",success,,644.02,"{""vstan_idf_weighting"": false, ""vstan_k"": 100, ""vstan_popularity_weight"": 1.0, ""vstan_position_decay"": 0.1, ""vstan_sample_size"": 100}",100,100,0.1,False,,,,,,,,,,1.0
VSTAN,yoochoose_recbole_sample,cuda,1,2048,1024,207.8,315.37,0.0,,,0.3351,0.3954,0.2556,0.2752,0.2291,0.2373,"yoochoose_recbole_sample::VSTAN::{""vstan_idf_weighting"": true, ""vstan_k"": 100, ""vstan_popularity_weight"": 0.0, ""vstan_position_decay"": 0.2, ""vstan_sample_size"": 100}",success,,530.77,"{""vstan_idf_weighting"": true, ""vstan_k"": 100, ""vstan_popularity_weight"": 0.0, ""vstan_position_decay"": 0.2, ""vstan_sample_size"": 100}",100,100,0.2,True,,,,,,,,,,0.0
VSTAN,yoochoose_recbole_sample,cuda,1,2048,1024,252.86,384.94,0.0,,,0.2693,0.3301,0.2059,0.2255,0.1848,0.1929,"yoochoose_recbole_sample::VSTAN::{""vstan_idf_weighting"": true, ""vstan_k"": 100, ""vstan_popularity_weight"": 0.5, ""vstan_position_decay"": 0.2, ""vstan_sample_size"": 100}",success,,645.76,"{""vstan_idf_weighting"": true, ""vstan_k"": 100, ""vstan_popularity_weight"": 0.5, ""vstan_position_decay"": 0.2, ""vstan_sample_size"": 100}",100,100,0.2,True,,,,,,,,,,0.5
VSTAN,yoochoose_recbole_sample,cuda,1,2048,1024,252.82,384.57,0.0,,,0.1476,0.2235,0.0972,0.1216,0.0807,0.0906,"yoochoose_recbole_sample::VSTAN::{""vstan_idf_weighting"": true, ""vstan_k"": 100, ""vstan_popularity_weight"": 1.0, ""vstan_position_decay"": 0.2, ""vstan_sample_size"": 100}",success,,645.17,"{""vstan_idf_weighting"": true, ""vstan_k"": 100, ""vstan_popularity_weight"": 1.0, ""vstan_position_decay"": 0.2, ""vstan_sample_size"": 100}",100,100,0.2,True,,,,,,,,,,1.0
VSTAN,yoochoose_recbole_sample,cuda,1,2048,1024,205.92,312.36,0.0,,,0.3354,0.3955,0.2555,0.2751,0.229,0.2371,"yoochoose_recbole_sample::VSTAN::{""vstan_idf_weighting"": false, ""vstan_k"": 100, ""vstan_popularity_weight"": 0.0, ""vstan_position_decay"": 0.2, ""vstan_sample_size"": 100}",success,,526.2,"{""vstan_idf_weighting"": false, ""vstan_k"": 100, ""vstan_popularity_weight"": 0.0, ""vstan_position_decay"": 0.2, ""vstan_sample_size"": 100}",100,100,0.2,False,,,,,,,,,,0.0
VSTAN,yoochoose_recbole_sample,cuda,1,2048,1024,251.46,381.6,0.0,,,0.2883,0.3459,0.2232,0.2419,0.2016,0.2093,"yoochoose_recbole_sample::VSTAN::{""vstan_idf_weighting"": false, ""vstan_k"": 100, ""vstan_popularity_weight"": 0.5, ""vstan_position_decay"": 0.2, ""vstan_sample_size"": 100}",success,,641.14,"{""vstan_idf_weighting"": false, ""vstan_k"": 100, ""vstan_popularity_weight"": 0.5, ""vstan_position_decay"": 0.2, ""vstan_sample_size"": 100}",100,100,0.2,False,,,,,,,,,,0.5
VSTAN,yoochoose_recbole_sample,cuda,1,2048,1024,251.05,381.1,0.0,,,0.1673,0.2431,0.1129,0.1373,0.0951,0.105,"yoochoose_recbole_sample::VSTAN::{""vstan_idf_weighting"": false, ""vstan_k"": 100, ""vstan_popularity_weight"": 1.0, ""vstan_position_decay"": 0.2, ""vstan_sample_size"": 100}",success,,640.18,"{""vstan_idf_weighting"": false, ""vstan_k"": 100, ""vstan_popularity_weight"": 1.0, ""vstan_position_decay"": 0.2, ""vstan_sample_size"": 100}",100,100,0.2,False,,,,,,,,,,1.0
VSTAN,yoochoose_recbole_sample,cuda,1,2048,1024,123.55,184.22,0.0,,,0.3626,0.4384,0.2689,0.2935,0.2378,0.248,"yoochoose_recbole_sample::VSTAN::{""vstan_idf_weighting"": true, ""vstan_k"": 100, ""vstan_popularity_weight"": 0.0, ""vstan_position_decay"": 0.05, ""vstan_sample_size"": 250}",success,,315.68,"{""vstan_idf_weighting"": true, ""vstan_k"": 100, ""vstan_popularity_weight"": 0.0, ""vstan_position_decay"": 0.05, ""vstan_sample_size"": 250}",100,250,0.05,True,,,,,,,,,,0.0
VSTAN,yoochoose_recbole_sample,cuda,1,2048,1024,146.15,218.66,0.0,,,0.3202,0.3966,0.2402,0.2649,0.2136,0.2238,"yoochoose_recbole_sample::VSTAN::{""vstan_idf_weighting"": true, ""vstan_k"": 100, ""vstan_popularity_weight"": 0.5, ""vstan_position_decay"": 0.05, ""vstan_sample_size"": 250}",success,,372.77,"{""vstan_idf_weighting"": true, ""vstan_k"": 100, ""vstan_popularity_weight"": 0.5, ""vstan_position_decay"": 0.05, ""vstan_sample_size"": 250}",100,250,0.05,True,,,,,,,,,,0.5
VSTAN,yoochoose_recbole_sample,cuda,1,2048,1024,146.12,217.73,0.0,,,0.2288,0.3264,0.1516,0.183,0.1262,0.1391,"yoochoose_recbole_sample::VSTAN::{""vstan_idf_weighting"": true, ""vstan_k"": 100, ""vstan_popularity_weight"": 1.0, ""vstan_position_decay"": 0.05, ""vstan_sample_size"": 250}",success,,371.73,"{""vstan_idf_weighting"": true, ""vstan_k"": 100, ""vstan_popularity_weight"": 1.0, ""vstan_position_decay"": 0.05, ""vstan_sample_size"": 250}",100,250,0.05,True,,,,,,,,,,1.0
VSTAN,yoochoose_recbole_sample,cuda,1,2048,1024,121.12,180.48,0.0,,,0.3605,0.4362,0.2678,0.2923,0.237,0.2472,"yoochoose_recbole_sample::VSTAN::{""vstan_idf_weighting"": false, ""vstan_k"": 100, ""vstan_popularity_weight"": 0.0, ""vstan_position_decay"": 0.05, ""vstan_sample_size"": 250}",success,,309.66,"{""vstan_idf_weighting"": false, ""vstan_k"": 100, ""vstan_popularity_weight"": 0.0, ""vstan_position_decay"": 0.05, ""vstan_sample_size"": 250}",100,250,0.05,False,,,,,,,,,,0.0
VSTAN,yoochoose_recbole_sample,cuda,1,2048,1024,144.02,214.49,0.0,,,0.3325,0.4066,0.2506,0.2746,0.2233,0.2332,"yoochoose_recbole_sample::VSTAN::{""vstan_idf_weighting"": false, ""vstan_k"": 100, ""vstan_popularity_weight"": 0.5, ""vstan_position_decay"": 0.05, ""vstan_sample_size"": 250}",success,,366.2,"{""vstan_idf_weighting"": false, ""vstan_k"": 100, ""vstan_popularity_weight"": 0.5, ""vstan_position_decay"": 0.05, ""vstan_sample_size"": 250}",100,250,0.05,False,,,,,,,,,,0.5
VSTAN,yoochoose_recbole_sample,cuda,1,2048,1024,143.49,214.23,0.0,,,0.2493,0.3418,0.1716,0.2015,0.146,0.1583,"yoochoose_recbole_sample::VSTAN::{""vstan_idf_weighting"": false, ""vstan_k"": 100, ""vstan_popularity_weight"": 1.0, ""vstan_position_decay"": 0.05, ""vstan_sample_size"": 250}",success,,365.39,"{""vstan_idf_weighting"": false, ""vstan_k"": 100, ""vstan_popularity_weight"": 1.0, ""vstan_position_decay"": 0.05, ""vstan_sample_size"": 250}",100,250,0.05,False,,,,,,,,,,1.0
VSTAN,yoochoose_recbole_sample,cuda,1,2048,1024,125.82,187.02,0.0,,,0.37,0.4469,0.2734,0.2984,0.2413,0.2517,"yoochoose_recbole_sample::VSTAN::{""vstan_idf_weighting"": true, ""vstan_k"": 100, ""vstan_popularity_weight"": 0.0, ""vstan_position_decay"": 0.1, ""vstan_sample_size"": 250}",success,,320.68,"{""vstan_idf_weighting"": true, ""vstan_k"": 100, ""vstan_popularity_weight"": 0.0, ""vstan_position_decay"": 0.1, ""vstan_sample_size"": 250}",100,250,0.1,True,,,,,,,,,,0.0
VSTAN,yoochoose_recbole_sample,cuda,1,2048,1024,149.21,221.71,0.0,,,0.3264,0.4034,0.2447,0.2696,0.2176,0.2278,"yoochoose_recbole_sample::VSTAN::{""vstan_idf_weighting"": true, ""vstan_k"": 100, ""vstan_popularity_weight"": 0.5, ""vstan_position_decay"": 0.1, ""vstan_sample_size"": 250}",success,,378.93,"{""vstan_idf_weighting"": true, ""vstan_k"": 100, ""vstan_popularity_weight"": 0.5, ""vstan_position_decay"": 0.1, ""vstan_sample_size"": 250}",100,250,0.1,True,,,,,,,,,,0.5
VSTAN,yoochoose_recbole_sample,cuda,1,2048,1024,148.9,221.16,0.0,,,0.2333,0.3323,0.1553,0.1871,0.1296,0.1427,"yoochoose_recbole_sample::VSTAN::{""vstan_idf_weighting"": true, ""vstan_k"": 100, ""vstan_popularity_weight"": 1.0, ""vstan_position_decay"": 0.1, ""vstan_sample_size"": 250}",success,,377.92,"{""vstan_idf_weighting"": true, ""vstan_k"": 100, ""vstan_popularity_weight"": 1.0, ""vstan_position_decay"": 0.1, ""vstan_sample_size"": 250}",100,250,0.1,True,,,,,,,,,,1.0
VSTAN,yoochoose_recbole_sample,cuda,1,2048,1024,123.46,181.96,0.0,,,0.3668,0.4441,0.2717,0.2969,0.2402,0.2506,"yoochoose_recbole_sample::VSTAN::{""vstan_idf_weighting"": false, ""vstan_k"": 100, ""vstan_popularity_weight"": 0.0, ""vstan_position_decay"": 0.1, ""vstan_sample_size"": 250}",success,,313.52,"{""vstan_idf_weighting"": false, ""vstan_k"": 100, ""vstan_popularity_weight"": 0.0, ""vstan_position_decay"": 0.1, ""vstan_sample_size"": 250}",100,250,0.1,False,,,,,,,,,,0.0
VSTAN,yoochoose_recbole_sample,cuda,1,2048,1024,146.03,216.76,0.0,,,0.3394,0.4135,0.2554,0.2794,0.2275,0.2374,"yoochoose_recbole_sample::VSTAN::{""vstan_idf_weighting"": false, ""vstan_k"": 100, ""vstan_popularity_weight"": 0.5, ""vstan_position_decay"": 0.1, ""vstan_sample_size"": 250}",success,,370.85,"{""vstan_idf_weighting"": false, ""vstan_k"": 100, ""vstan_popularity_weight"": 0.5, ""vstan_position_decay"": 0.1, ""vstan_sample_size"": 250}",100,250,0.1,False,,,,,,,,,,0.5
VSTAN,yoochoose_recbole_sample,cuda,1,2048,1024,145.33,216.63,0.0,,,0.2541,0.347,0.1759,0.2059,0.1501,0.1625,"yoochoose_recbole_sample::VSTAN::{""vstan_idf_weighting"": false, ""vstan_k"": 100, ""vstan_popularity_weight"": 1.0, ""vstan_position_decay"": 0.1, ""vstan_sample_size"": 250}",success,,369.93,"{""vstan_idf_weighting"": false, ""vstan_k"": 100, ""vstan_popularity_weight"": 1.0, ""vstan_position_decay"": 0.1, ""vstan_sample_size"": 250}",100,250,0.1,False,,,,,,,,,,1.0
VSTAN,yoochoose_recbole_sample,cuda,1,2048,1024,130.28,192.51,0.0,,,0.3791,0.4553,0.279,0.3038,0.2457,0.256,"yoochoose_recbole_sample::VSTAN::{""vstan_idf_weighting"": true, ""vstan_k"": 100, ""vstan_popularity_weight"": 0.0, ""vstan_position_decay"": 0.2, ""vstan_sample_size"": 250}",success,,330.62,"{""vstan_idf_weighting"": true, ""vstan_k"": 100, ""vstan_popularity_weight"": 0.0, ""vstan_position_decay"": 0.2, ""vstan_sample_size"": 250}",100,250,0.2,True,,,,,,,,,,0.0
VSTAN,yoochoose_recbole_sample,cuda,1,2048,1024,154.59,228.14,0.0,,,0.3342,0.4094,0.2506,0.275,0.2228,0.2329,"yoochoose_recbole_sample::VSTAN::{""vstan_idf_weighting"": true, ""vstan_k"": 100, ""vstan_popularity_weight"": 0.5, ""vstan_position_decay"": 0.2, ""vstan_sample_size"": 250}",success,,390.79,"{""vstan_idf_weighting"": true, ""vstan_k"": 100, ""vstan_popularity_weight"": 0.5, ""vstan_position_decay"": 0.2, ""vstan_sample_size"": 250}",100,250,0.2,True,,,,,,,,,,0.5
VSTAN,yoochoose_recbole_sample,cuda,1,2048,1024,154.47,229.12,0.0,,,0.2384,0.3377,0.16,0.192,0.1342,0.1473,"yoochoose_recbole_sample::VSTAN::{""vstan_idf_weighting"": true, ""vstan_k"": 100, ""vstan_popularity_weight"": 1.0, ""vstan_position_decay"": 0.2, ""vstan_sample_size"": 250}",success,,391.57,"{""vstan_idf_weighting"": true, ""vstan_k"": 100, ""vstan_popularity_weight"": 1.0, ""vstan_position_decay"": 0.2, ""vstan_sample_size"": 250}",100,250,0.2,True,,,,,,,,,,1.0
VSTAN,yoochoose_recbole_sample,cuda,1,2048,1024,127.34,188.43,0.0,,,0.3761,0.4531,0.2777,0.3027,0.245,0.2554,"yoochoose_recbole_sample::VSTAN::{""vstan_idf_weighting"": false, ""vstan_k"": 100, ""vstan_popularity_weight"": 0.0, ""vstan_position_decay"": 0.2, ""vstan_sample_size"": 250}",success,,323.81,"{""vstan_idf_weighting"": false, ""vstan_k"": 100, ""vstan_popularity_weight"": 0.0, ""vstan_position_decay"": 0.2, ""vstan_sample_size"": 250}",100,250,0.2,False,,,,,,,,,,0.0
VSTAN,yoochoose_recbole_sample,cuda,1,2048,1024,151.8,223.81,0.0,,,0.3481,0.4214,0.2616,0.2853,0.2327,0.2425,"yoochoose_recbole_sample::VSTAN::{""vstan_idf_weighting"": false, ""vstan_k"": 100, ""vstan_popularity_weight"": 0.5, ""vstan_position_decay"": 0.2, ""vstan_sample_size"": 250}",success,,383.55,"{""vstan_idf_weighting"": false, ""vstan_k"": 100, ""vstan_popularity_weight"": 0.5, ""vstan_position_decay"": 0.2, ""vstan_sample_size"": 250}",100,250,0.2,False,,,,,,,,,,0.5
VSTAN,yoochoose_recbole_sample,cuda,1,2048,1024,152.49,224.08,0.0,,,0.2597,0.3542,0.1812,0.2117,0.1553,0.1679,"yoochoose_recbole_sample::VSTAN::{""vstan_idf_weighting"": false, ""vstan_k"": 100, ""vstan_popularity_weight"": 1.0, ""vstan_position_decay"": 0.2, ""vstan_sample_size"": 250}",success,,384.58,"{""vstan_idf_weighting"": false, ""vstan_k"": 100, ""vstan_popularity_weight"": 1.0, ""vstan_position_decay"": 0.2, ""vstan_sample_size"": 250}",100,250,0.2,False,,,,,,,,,,1.0
VSTAN,yoochoose_recbole_sample,cuda,1,2048,1024,118.92,177.74,0.0,,,0.383,0.4678,0.2797,0.3073,0.2455,0.2569,"yoochoose_recbole_sample::VSTAN::{""vstan_idf_weighting"": true, ""vstan_k"": 100, ""vstan_popularity_weight"": 0.0, ""vstan_position_decay"": 0.05, ""vstan_sample_size"": 500}",success,,304.79,"{""vstan_idf_weighting"": true, ""vstan_k"": 100, ""vstan_popularity_weight"": 0.0, ""vstan_position_decay"": 0.05, ""vstan_sample_size"": 500}",100,500,0.05,True,,,,,,,,,,0.0
VSTAN,yoochoose_recbole_sample,cuda,1,2048,1024,139.04,206.96,0.0,,,0.3469,0.4323,0.2575,0.2851,0.2278,0.2392,"yoochoose_recbole_sample::VSTAN::{""vstan_idf_weighting"": true, ""vstan_k"": 100, ""vstan_popularity_weight"": 0.5, ""vstan_position_decay"": 0.05, ""vstan_sample_size"": 500}",success,,354.18,"{""vstan_idf_weighting"": true, ""vstan_k"": 100, ""vstan_popularity_weight"": 0.5, ""vstan_position_decay"": 0.05, ""vstan_sample_size"": 500}",100,500,0.05,True,,,,,,,,,,0.5
VSTAN,yoochoose_recbole_sample,cuda,1,2048,1024,139.15,207.56,0.0,,,0.2722,0.3753,0.1827,0.216,0.1533,0.1669,"yoochoose_recbole_sample::VSTAN::{""vstan_idf_weighting"": true, ""vstan_k"": 100, ""vstan_popularity_weight"": 1.0, ""vstan_position_decay"": 0.05, ""vstan_sample_size"": 500}",success,,354.91,"{""vstan_idf_weighting"": true, ""vstan_k"": 100, ""vstan_popularity_weight"": 1.0, ""vstan_position_decay"": 0.05, ""vstan_sample_size"": 500}",100,500,0.05,True,,,,,,,,,,1.0
VSTAN,yoochoose_recbole_sample,cuda,1,2048,1024,116.12,172.3,0.0,,,0.3823,0.4675,0.279,0.3066,0.2447,0.2562,"yoochoose_recbole_sample::VSTAN::{""vstan_idf_weighting"": false, ""vstan_k"": 100, ""vstan_popularity_weight"": 0.0, ""vstan_position_decay"": 0.05, ""vstan_sample_size"": 500}",success,,296.28,"{""vstan_idf_weighting"": false, ""vstan_k"": 100, ""vstan_popularity_weight"": 0.0, ""vstan_position_decay"": 0.05, ""vstan_sample_size"": 500}",100,500,0.05,False,,,,,,,,,,0.0
VSTAN,yoochoose_recbole_sample,cuda,1,2048,1024,135.49,201.48,0.0,,,0.3596,0.4421,0.2667,0.2934,0.2358,0.2468,"yoochoose_recbole_sample::VSTAN::{""vstan_idf_weighting"": false, ""vstan_k"": 100, ""vstan_popularity_weight"": 0.5, ""vstan_position_decay"": 0.05, ""vstan_sample_size"": 500}",success,,344.66,"{""vstan_idf_weighting"": false, ""vstan_k"": 100, ""vstan_popularity_weight"": 0.5, ""vstan_position_decay"": 0.05, ""vstan_sample_size"": 500}",100,500,0.05,False,,,,,,,,,,0.5
VSTAN,yoochoose_recbole_sample,cuda,1,2048,1024,135.02,200.91,0.0,,,0.2914,0.39,0.2029,0.2347,0.1737,0.1868,"yoochoose_recbole_sample::VSTAN::{""vstan_idf_weighting"": false, ""vstan_k"": 100, ""vstan_popularity_weight"": 1.0, ""vstan_position_decay"": 0.05, ""vstan_sample_size"": 500}",success,,343.56,"{""vstan_idf_weighting"": false, ""vstan_k"": 100, ""vstan_popularity_weight"": 1.0, ""vstan_position_decay"": 0.05, ""vstan_sample_size"": 500}",100,500,0.05,False,,,,,,,,,,1.0
VSTAN,yoochoose_recbole_sample,cuda,1,2048,1024,120.54,178.22,0.0,,,0.3919,0.4774,0.2845,0.3124,0.249,0.2605,"yoochoose_recbole_sample::VSTAN::{""vstan_idf_weighting"": true, ""vstan_k"": 100, ""vstan_popularity_weight"": 0.0, ""vstan_position_decay"": 0.1, ""vstan_sample_size"": 500}",success,,306.73,"{""vstan_idf_weighting"": true, ""vstan_k"": 100, ""vstan_popularity_weight"": 0.0, ""vstan_position_decay"": 0.1, ""vstan_sample_size"": 500}",100,500,0.1,True,,,,,,,,,,0.0
VSTAN,yoochoose_recbole_sample,cuda,1,2048,1024,140.41,209.22,0.0,,,0.3544,0.4408,0.2624,0.2903,0.2317,0.2433,"yoochoose_recbole_sample::VSTAN::{""vstan_idf_weighting"": true, ""vstan_k"": 100, ""vstan_popularity_weight"": 0.5, ""vstan_position_decay"": 0.1, ""vstan_sample_size"": 500}",success,,357.8,"{""vstan_idf_weighting"": true, ""vstan_k"": 100, ""vstan_popularity_weight"": 0.5, ""vstan_position_decay"": 0.1, ""vstan_sample_size"": 500}",100,500,0.1,True,,,,,,,,,,0.5
VSTAN,yoochoose_recbole_sample,cuda,1,2048,1024,140.95,209.3,0.0,,,0.2776,0.3824,0.187,0.2208,0.1572,0.1711,"yoochoose_recbole_sample::VSTAN::{""vstan_idf_weighting"": true, ""vstan_k"": 100, ""vstan_popularity_weight"": 1.0, ""vstan_position_decay"": 0.1, ""vstan_sample_size"": 500}",success,,358.14,"{""vstan_idf_weighting"": true, ""vstan_k"": 100, ""vstan_popularity_weight"": 1.0, ""vstan_position_decay"": 0.1, ""vstan_sample_size"": 500}",100,500,0.1,True,,,,,,,,,,1.0
VSTAN,yoochoose_recbole_sample,cuda,1,2048,1024,116.59,173.67,0.0,,,0.39,0.476,0.2837,0.3116,0.2484,0.26,"yoochoose_recbole_sample::VSTAN::{""vstan_idf_weighting"": false, ""vstan_k"": 100, ""vstan_popularity_weight"": 0.0, ""vstan_position_decay"": 0.1, ""vstan_sample_size"": 500}",success,,298.32,"{""vstan_idf_weighting"": false, ""vstan_k"": 100, ""vstan_popularity_weight"": 0.0, ""vstan_position_decay"": 0.1, ""vstan_sample_size"": 500}",100,500,0.1,False,,,,,,,,,,0.0
VSTAN,yoochoose_recbole_sample,cuda,1,2048,1024,136.46,202.29,0.0,,,0.3678,0.4497,0.2717,0.2982,0.2398,0.2507,"yoochoose_recbole_sample::VSTAN::{""vstan_idf_weighting"": false, ""vstan_k"": 100, ""vstan_popularity_weight"": 0.5, ""vstan_position_decay"": 0.1, ""vstan_sample_size"": 500}",success,,346.67,"{""vstan_idf_weighting"": false, ""vstan_k"": 100, ""vstan_popularity_weight"": 0.5, ""vstan_position_decay"": 0.1, ""vstan_sample_size"": 500}",100,500,0.1,False,,,,,,,,,,0.5
VSTAN,yoochoose_recbole_sample,cuda,1,2048,1024,136.72,202.66,0.0,,,0.2964,0.3967,0.2077,0.2401,0.1784,0.1917,"yoochoose_recbole_sample::VSTAN::{""vstan_idf_weighting"": false, ""vstan_k"": 100, ""vstan_popularity_weight"": 1.0, ""vstan_position_decay"": 0.1, ""vstan_sample_size"": 500}",success,,347.47,"{""vstan_idf_weighting"": false, ""vstan_k"": 100, ""vstan_popularity_weight"": 1.0, ""vstan_position_decay"": 0.1, ""vstan_sample_size"": 500}",100,500,0.1,False,,,,,,,,,,1.0
VSTAN,yoochoose_recbole_sample,cuda,1,2048,1024,123.8,183.35,0.0,,,0.4038,0.4897,0.2918,0.3198,0.2546,0.2663,"yoochoose_recbole_sample::VSTAN::{""vstan_idf_weighting"": true, ""vstan_k"": 100, ""vstan_popularity_weight"": 0.0, ""vstan_position_decay"": 0.2, ""vstan_sample_size"": 500}",success,,314.82,"{""vstan_idf_weighting"": true, ""vstan_k"": 100, ""vstan_popularity_weight"": 0.0, ""vstan_position_decay"": 0.2, ""vstan_sample_size"": 500}",100,500,0.2,True,,,,,,,,,,0.0
VSTAN,yoochoose_recbole_sample,cuda,1,2048,1024,145.31,214.66,0.0,,,0.3647,0.4502,0.2691,0.2968,0.2372,0.2487,"yoochoose_recbole_sample::VSTAN::{""vstan_idf_weighting"": true, ""vstan_k"": 100, ""vstan_popularity_weight"": 0.5, ""vstan_position_decay"": 0.2, ""vstan_sample_size"": 500}",success,,367.71,"{""vstan_idf_weighting"": true, ""vstan_k"": 100, ""vstan_popularity_weight"": 0.5, ""vstan_position_decay"": 0.2, ""vstan_sample_size"": 500}",100,500,0.2,True,,,,,,,,,,0.5
VSTAN,yoochoose_recbole_sample,cuda,1,2048,1024,144.21,214.14,0.0,,,0.2838,0.39,0.1927,0.227,0.1627,0.1768,"yoochoose_recbole_sample::VSTAN::{""vstan_idf_weighting"": true, ""vstan_k"": 100, ""vstan_popularity_weight"": 1.0, ""vstan_position_decay"": 0.2, ""vstan_sample_size"": 500}",success,,366.03,"{""vstan_idf_weighting"": true, ""vstan_k"": 100, ""vstan_popularity_weight"": 1.0, ""vstan_position_decay"": 0.2, ""vstan_sample_size"": 500}",100,500,0.2,True,,,,,,,,,,1.0
VSTAN,yoochoose_recbole_sample,cuda,1,2048,1024,119.48,176.94,0.0,,,0.3992,0.4852,0.2898,0.3178,0.2535,0.2651,"yoochoose_recbole_sample::VSTAN::{""vstan_idf_weighting"": false, ""vstan_k"": 100, ""vstan_popularity_weight"": 0.0, ""vstan_position_decay"": 0.2, ""vstan_sample_size"": 500}",success,,304.17,"{""vstan_idf_weighting"": false, ""vstan_k"": 100, ""vstan_popularity_weight"": 0.0, ""vstan_position_decay"": 0.2, ""vstan_sample_size"": 500}",100,500,0.2,False,,,,,,,,,,0.0
VSTAN,yoochoose_recbole_sample,cuda,1,2048,1024,139.9,206.63,0.0,,,0.3764,0.4591,0.2777,0.3045,0.2448,0.2559,"yoochoose_recbole_sample::VSTAN::{""vstan_idf_weighting"": false, ""vstan_k"": 100, ""vstan_popularity_weight"": 0.5, ""vstan_position_decay"": 0.2, ""vstan_sample_size"": 500}",success,,354.57,"{""vstan_idf_weighting"": false, ""vstan_k"": 100, ""vstan_popularity_weight"": 0.5, ""vstan_position_decay"": 0.2, ""vstan_sample_size"": 500}",100,500,0.2,False,,,,,,,,,,0.5
VSTAN,yoochoose_recbole_sample,cuda,1,2048,1024,139.54,206.86,0.0,,,0.3037,0.403,0.214,0.2461,0.1844,0.1976,"yoochoose_recbole_sample::VSTAN::{""vstan_idf_weighting"": false, ""vstan_k"": 100, ""vstan_popularity_weight"": 1.0, ""vstan_position_decay"": 0.2, ""vstan_sample_size"": 500}",success,,354.59,"{""vstan_idf_weighting"": false, ""vstan_k"": 100, ""vstan_popularity_weight"": 1.0, ""vstan_position_decay"": 0.2, ""vstan_sample_size"": 500}",100,500,0.2,False,,,,,,,,,,1.0
VSTAN,yoochoose_recbole_sample,cuda,1,2048,1024,208.12,316.36,0.0,,,0.3172,0.3752,0.2438,0.2626,0.2194,0.2272,"yoochoose_recbole_sample::VSTAN::{""vstan_idf_weighting"": true, ""vstan_k"": 200, ""vstan_popularity_weight"": 0.0, ""vstan_position_decay"": 0.05, ""vstan_sample_size"": 100}",success,,532.58,"{""vstan_idf_weighting"": true, ""vstan_k"": 200, ""vstan_popularity_weight"": 0.0, ""vstan_position_decay"": 0.05, ""vstan_sample_size"": 100}",200,100,0.05,True,,,,,,,,,,0.0
VSTAN,yoochoose_recbole_sample,cuda,1,2048,1024,253.77,385.38,0.0,,,0.2482,0.3106,0.1884,0.2084,0.1685,0.1768,"yoochoose_recbole_sample::VSTAN::{""vstan_idf_weighting"": true, ""vstan_k"": 200, ""vstan_popularity_weight"": 0.5, ""vstan_position_decay"": 0.05, ""vstan_sample_size"": 100}",success,,647.38,"{""vstan_idf_weighting"": true, ""vstan_k"": 200, ""vstan_popularity_weight"": 0.5, ""vstan_position_decay"": 0.05, ""vstan_sample_size"": 100}",200,100,0.05,True,,,,,,,,,,0.5
VSTAN,yoochoose_recbole_sample,cuda,1,2048,1024,253.14,384.39,0.0,,,0.1313,0.2022,0.0846,0.1073,0.0693,0.0785,"yoochoose_recbole_sample::VSTAN::{""vstan_idf_weighting"": true, ""vstan_k"": 200, ""vstan_popularity_weight"": 1.0, ""vstan_position_decay"": 0.05, ""vstan_sample_size"": 100}",success,,645.38,"{""vstan_idf_weighting"": true, ""vstan_k"": 200, ""vstan_popularity_weight"": 1.0, ""vstan_position_decay"": 0.05, ""vstan_sample_size"": 100}",200,100,0.05,True,,,,,,,,,,1.0
VSTAN,yoochoose_recbole_sample,cuda,1,2048,1024,206.55,313.04,0.0,,,0.317,0.3759,0.2436,0.2627,0.2192,0.2271,"yoochoose_recbole_sample::VSTAN::{""vstan_idf_weighting"": false, ""vstan_k"": 200, ""vstan_popularity_weight"": 0.0, ""vstan_position_decay"": 0.05, ""vstan_sample_size"": 100}",success,,527.37,"{""vstan_idf_weighting"": false, ""vstan_k"": 200, ""vstan_popularity_weight"": 0.0, ""vstan_position_decay"": 0.05, ""vstan_sample_size"": 100}",200,100,0.05,False,,,,,,,,,,0.0
VSTAN,yoochoose_recbole_sample,cuda,1,2048,1024,251.63,382.55,0.0,,,0.2667,0.3262,0.206,0.2252,0.1858,0.1937,"yoochoose_recbole_sample::VSTAN::{""vstan_idf_weighting"": false, ""vstan_k"": 200, ""vstan_popularity_weight"": 0.5, ""vstan_position_decay"": 0.05, ""vstan_sample_size"": 100}",success,,641.89,"{""vstan_idf_weighting"": false, ""vstan_k"": 200, ""vstan_popularity_weight"": 0.5, ""vstan_position_decay"": 0.05, ""vstan_sample_size"": 100}",200,100,0.05,False,,,,,,,,,,0.5
VSTAN,yoochoose_recbole_sample,cuda,1,2048,1024,250.86,381.72,0.0,,,0.1472,0.2216,0.0975,0.1214,0.0812,0.091,"yoochoose_recbole_sample::VSTAN::{""vstan_idf_weighting"": false, ""vstan_k"": 200, ""vstan_popularity_weight"": 1.0, ""vstan_position_decay"": 0.05, ""vstan_sample_size"": 100}",success,,640.39,"{""vstan_idf_weighting"": false, ""vstan_k"": 200, ""vstan_popularity_weight"": 1.0, ""vstan_position_decay"": 0.05, ""vstan_sample_size"": 100}",200,100,0.05,False,,,,,,,,,,1.0
VSTAN,yoochoose_recbole_sample,cuda,1,2048,1024,208.72,316.22,0.0,,,0.3249,0.3846,0.2488,0.2682,0.2234,0.2315,"yoochoose_recbole_sample::VSTAN::{""vstan_idf_weighting"": true, ""vstan_k"": 200, ""vstan_popularity_weight"": 0.0, ""vstan_position_decay"": 0.1, ""vstan_sample_size"": 100}",success,,532.93,"{""vstan_idf_weighting"": true, ""vstan_k"": 200, ""vstan_popularity_weight"": 0.0, ""vstan_position_decay"": 0.1, ""vstan_sample_size"": 100}",200,100,0.1,True,,,,,,,,,,0.0
VSTAN,yoochoose_recbole_sample,cuda,1,2048,1024,253.52,384.61,0.0,,,0.2569,0.3195,0.1959,0.2161,0.1757,0.184,"yoochoose_recbole_sample::VSTAN::{""vstan_idf_weighting"": true, ""vstan_k"": 200, ""vstan_popularity_weight"": 0.5, ""vstan_position_decay"": 0.1, ""vstan_sample_size"": 100}",success,,646.26,"{""vstan_idf_weighting"": true, ""vstan_k"": 200, ""vstan_popularity_weight"": 0.5, ""vstan_position_decay"": 0.1, ""vstan_sample_size"": 100}",200,100,0.1,True,,,,,,,,,,0.5
VSTAN,yoochoose_recbole_sample,cuda,1,2048,1024,253.04,384.61,0.0,,,0.1375,0.211,0.0898,0.1133,0.0742,0.0837,"yoochoose_recbole_sample::VSTAN::{""vstan_idf_weighting"": true, ""vstan_k"": 200, ""vstan_popularity_weight"": 1.0, ""vstan_position_decay"": 0.1, ""vstan_sample_size"": 100}",success,,645.65,"{""vstan_idf_weighting"": true, ""vstan_k"": 200, ""vstan_popularity_weight"": 1.0, ""vstan_position_decay"": 0.1, ""vstan_sample_size"": 100}",200,100,0.1,True,,,,,,,,,,1.0
VSTAN,yoochoose_recbole_sample,cuda,1,2048,1024,206.44,319.49,0.0,,,0.3246,0.3851,0.2486,0.2683,0.2233,0.2315,"yoochoose_recbole_sample::VSTAN::{""vstan_idf_weighting"": false, ""vstan_k"": 200, ""vstan_popularity_weight"": 0.0, ""vstan_position_decay"": 0.1, ""vstan_sample_size"": 100}",success,,534.02,"{""vstan_idf_weighting"": false, ""vstan_k"": 200, ""vstan_popularity_weight"": 0.0, ""vstan_position_decay"": 0.1, ""vstan_sample_size"": 100}",200,100,0.1,False,,,,,,,,,,0.0
VSTAN,yoochoose_recbole_sample,cuda,1,2048,1024,258.37,390.81,0.0,,,0.2767,0.3349,0.2137,0.2325,0.1928,0.2006,"yoochoose_recbole_sample::VSTAN::{""vstan_idf_weighting"": false, ""vstan_k"": 200, ""vstan_popularity_weight"": 0.5, ""vstan_position_decay"": 0.1, ""vstan_sample_size"": 100}",success,,657.22,"{""vstan_idf_weighting"": false, ""vstan_k"": 200, ""vstan_popularity_weight"": 0.5, ""vstan_position_decay"": 0.1, ""vstan_sample_size"": 100}",200,100,0.1,False,,,,,,,,,,0.5
VSTAN,yoochoose_recbole_sample,cuda,1,2048,1024,257.25,390.42,0.0,,,0.1548,0.2299,0.1036,0.1277,0.0868,0.0967,"yoochoose_recbole_sample::VSTAN::{""vstan_idf_weighting"": false, ""vstan_k"": 200, ""vstan_popularity_weight"": 1.0, ""vstan_position_decay"": 0.1, ""vstan_sample_size"": 100}",success,,656.29,"{""vstan_idf_weighting"": false, ""vstan_k"": 200, ""vstan_popularity_weight"": 1.0, ""vstan_position_decay"": 0.1, ""vstan_sample_size"": 100}",200,100,0.1,False,,,,,,,,,,1.0
VSTAN,yoochoose_recbole_sample,cuda,1,2048,1024,214.29,324.5,0.0,,,0.3351,0.3954,0.2556,0.2752,0.2291,0.2373,"yoochoose_recbole_sample::VSTAN::{""vstan_idf_weighting"": true, ""vstan_k"": 200, ""vstan_popularity_weight"": 0.0, ""vstan_position_decay"": 0.2, ""vstan_sample_size"": 100}",success,,547.05,"{""vstan_idf_weighting"": true, ""vstan_k"": 200, ""vstan_popularity_weight"": 0.0, ""vstan_position_decay"": 0.2, ""vstan_sample_size"": 100}",200,100,0.2,True,,,,,,,,,,0.0
VSTAN,yoochoose_recbole_sample,cuda,1,2048,1024,260.11,398.78,0.0,,,0.2693,0.3301,0.2059,0.2255,0.1848,0.1929,"yoochoose_recbole_sample::VSTAN::{""vstan_idf_weighting"": true, ""vstan_k"": 200, ""vstan_popularity_weight"": 0.5, ""vstan_position_decay"": 0.2, ""vstan_sample_size"": 100}",success,,667.51,"{""vstan_idf_weighting"": true, ""vstan_k"": 200, ""vstan_popularity_weight"": 0.5, ""vstan_position_decay"": 0.2, ""vstan_sample_size"": 100}",200,100,0.2,True,,,,,,,,,,0.5
VSTAN,yoochoose_recbole_sample,cuda,1,2048,1024,259.56,392.97,0.0,,,0.1476,0.2235,0.0972,0.1216,0.0807,0.0906,"yoochoose_recbole_sample::VSTAN::{""vstan_idf_weighting"": true, ""vstan_k"": 200, ""vstan_popularity_weight"": 1.0, ""vstan_position_decay"": 0.2, ""vstan_sample_size"": 100}",success,,660.93,"{""vstan_idf_weighting"": true, ""vstan_k"": 200, ""vstan_popularity_weight"": 1.0, ""vstan_position_decay"": 0.2, ""vstan_sample_size"": 100}",200,100,0.2,True,,,,,,,,,,1.0
VSTAN,yoochoose_recbole_sample,cuda,1,2048,1024,211.48,320.89,0.0,,,0.3354,0.3955,0.2555,0.2751,0.229,0.2371,"yoochoose_recbole_sample::VSTAN::{""vstan_idf_weighting"": false, ""vstan_k"": 200, ""vstan_popularity_weight"": 0.0, ""vstan_position_decay"": 0.2, ""vstan_sample_size"": 100}",success,,541.03,"{""vstan_idf_weighting"": false, ""vstan_k"": 200, ""vstan_popularity_weight"": 0.0, ""vstan_position_decay"": 0.2, ""vstan_sample_size"": 100}",200,100,0.2,False,,,,,,,,,,0.0
VSTAN,yoochoose_recbole_sample,cuda,1,2048,1024,257.34,391.36,0.0,,,0.2883,0.3459,0.2232,0.2419,0.2016,0.2093,"yoochoose_recbole_sample::VSTAN::{""vstan_idf_weighting"": false, ""vstan_k"": 200, ""vstan_popularity_weight"": 0.5, ""vstan_position_decay"": 0.2, ""vstan_sample_size"": 100}",success,,656.97,"{""vstan_idf_weighting"": false, ""vstan_k"": 200, ""vstan_popularity_weight"": 0.5, ""vstan_position_decay"": 0.2, ""vstan_sample_size"": 100}",200,100,0.2,False,,,,,,,,,,0.5
VSTAN,yoochoose_recbole_sample,cuda,1,2048,1024,257.13,389.89,0.0,,,0.1673,0.2431,0.1129,0.1373,0.0951,0.105,"yoochoose_recbole_sample::VSTAN::{""vstan_idf_weighting"": false, ""vstan_k"": 200, ""vstan_popularity_weight"": 1.0, ""vstan_position_decay"": 0.2, ""vstan_sample_size"": 100}",success,,655.14,"{""vstan_idf_weighting"": false, ""vstan_k"": 200, ""vstan_popularity_weight"": 1.0, ""vstan_position_decay"": 0.2, ""vstan_sample_size"": 100}",200,100,0.2,False,,,,,,,,,,1.0
VSTAN,yoochoose_recbole_sample,cuda,1,2048,1024,296.13,446.45,0.0,,,0.361,0.4361,0.2687,0.2931,0.238,0.2481,"yoochoose_recbole_sample::VSTAN::{""vstan_idf_weighting"": true, ""vstan_k"": 200, ""vstan_popularity_weight"": 0.0, ""vstan_position_decay"": 0.05, ""vstan_sample_size"": 250}",success,,751.0,"{""vstan_idf_weighting"": true, ""vstan_k"": 200, ""vstan_popularity_weight"": 0.0, ""vstan_position_decay"": 0.05, ""vstan_sample_size"": 250}",200,250,0.05,True,,,,,,,,,,0.0
VSTAN,yoochoose_recbole_sample,cuda,1,2048,1024,361.9,545.12,0.0,,,0.3111,0.3806,0.2357,0.2582,0.2106,0.2199,"yoochoose_recbole_sample::VSTAN::{""vstan_idf_weighting"": true, ""vstan_k"": 200, ""vstan_popularity_weight"": 0.5, ""vstan_position_decay"": 0.05, ""vstan_sample_size"": 250}",success,,915.34,"{""vstan_idf_weighting"": true, ""vstan_k"": 200, ""vstan_popularity_weight"": 0.5, ""vstan_position_decay"": 0.05, ""vstan_sample_size"": 250}",200,250,0.05,True,,,,,,,,,,0.5
VSTAN,yoochoose_recbole_sample,cuda,1,2048,1024,361.34,543.41,0.0,,,0.1767,0.2604,0.1142,0.1412,0.0937,0.1048,"yoochoose_recbole_sample::VSTAN::{""vstan_idf_weighting"": true, ""vstan_k"": 200, ""vstan_popularity_weight"": 1.0, ""vstan_position_decay"": 0.05, ""vstan_sample_size"": 250}",success,,913.18,"{""vstan_idf_weighting"": true, ""vstan_k"": 200, ""vstan_popularity_weight"": 1.0, ""vstan_position_decay"": 0.05, ""vstan_sample_size"": 250}",200,250,0.05,True,,,,,,,,,,1.0
VSTAN,yoochoose_recbole_sample,cuda,1,2048,1024,292.34,440.44,0.0,,,0.3573,0.432,0.2664,0.2906,0.2362,0.2463,"yoochoose_recbole_sample::VSTAN::{""vstan_idf_weighting"": false, ""vstan_k"": 200, ""vstan_popularity_weight"": 0.0, ""vstan_position_decay"": 0.05, ""vstan_sample_size"": 250}",success,,741.43,"{""vstan_idf_weighting"": false, ""vstan_k"": 200, ""vstan_popularity_weight"": 0.0, ""vstan_position_decay"": 0.05, ""vstan_sample_size"": 250}",200,250,0.05,False,,,,,,,,,,0.0
VSTAN,yoochoose_recbole_sample,cuda,1,2048,1024,357.28,552.32,0.0,,,0.3264,0.3953,0.2478,0.2701,0.2216,0.2309,"yoochoose_recbole_sample::VSTAN::{""vstan_idf_weighting"": false, ""vstan_k"": 200, ""vstan_popularity_weight"": 0.5, ""vstan_position_decay"": 0.05, ""vstan_sample_size"": 250}",success,,918.11,"{""vstan_idf_weighting"": false, ""vstan_k"": 200, ""vstan_popularity_weight"": 0.5, ""vstan_position_decay"": 0.05, ""vstan_sample_size"": 250}",200,250,0.05,False,,,,,,,,,,0.5
VSTAN,yoochoose_recbole_sample,cuda,1,2048,1024,355.66,534.11,0.0,,,0.2039,0.2855,0.1364,0.1627,0.1142,0.125,"yoochoose_recbole_sample::VSTAN::{""vstan_idf_weighting"": false, ""vstan_k"": 200, ""vstan_popularity_weight"": 1.0, ""vstan_position_decay"": 0.05, ""vstan_sample_size"": 250}",success,,897.98,"{""vstan_idf_weighting"": false, ""vstan_k"": 200, ""vstan_popularity_weight"": 1.0, ""vstan_position_decay"": 0.05, ""vstan_sample_size"": 250}",200,250,0.05,False,,,,,,,,,,1.0
VSTAN,yoochoose_recbole_sample,cuda,1,2048,1024,294.07,445.66,0.0,,,0.3683,0.4445,0.273,0.2977,0.2413,0.2516,"yoochoose_recbole_sample::VSTAN::{""vstan_idf_weighting"": true, ""vstan_k"": 200, ""vstan_popularity_weight"": 0.0, ""vstan_position_decay"": 0.1, ""vstan_sample_size"": 250}",success,,747.74,"{""vstan_idf_weighting"": true, ""vstan_k"": 200, ""vstan_popularity_weight"": 0.0, ""vstan_position_decay"": 0.1, ""vstan_sample_size"": 250}",200,250,0.1,True,,,,,,,,,,0.0
VSTAN,yoochoose_recbole_sample,cuda,1,2048,1024,358.59,540.79,0.0,,,0.3194,0.3877,0.2421,0.2642,0.2163,0.2255,"yoochoose_recbole_sample::VSTAN::{""vstan_idf_weighting"": true, ""vstan_k"": 200, ""vstan_popularity_weight"": 0.5, ""vstan_position_decay"": 0.1, ""vstan_sample_size"": 250}",success,,907.23,"{""vstan_idf_weighting"": true, ""vstan_k"": 200, ""vstan_popularity_weight"": 0.5, ""vstan_position_decay"": 0.1, ""vstan_sample_size"": 250}",200,250,0.1,True,,,,,,,,,,0.5
VSTAN,yoochoose_recbole_sample,cuda,1,2048,1024,360.15,551.34,0.0,,,0.1835,0.2675,0.12,0.1471,0.0992,0.1103,"yoochoose_recbole_sample::VSTAN::{""vstan_idf_weighting"": true, ""vstan_k"": 200, ""vstan_popularity_weight"": 1.0, ""vstan_position_decay"": 0.1, ""vstan_sample_size"": 250}",success,,919.58,"{""vstan_idf_weighting"": true, ""vstan_k"": 200, ""vstan_popularity_weight"": 1.0, ""vstan_position_decay"": 0.1, ""vstan_sample_size"": 250}",200,250,0.1,True,,,,,,,,,,1.0
VSTAN,yoochoose_recbole_sample,cuda,1,2048,1024,289.66,438.47,0.0,,,0.3646,0.4405,0.2709,0.2956,0.2398,0.2501,"yoochoose_recbole_sample::VSTAN::{""vstan_idf_weighting"": false, ""vstan_k"": 200, ""vstan_popularity_weight"": 0.0, ""vstan_position_decay"": 0.1, ""vstan_sample_size"": 250}",success,,736.39,"{""vstan_idf_weighting"": false, ""vstan_k"": 200, ""vstan_popularity_weight"": 0.0, ""vstan_position_decay"": 0.1, ""vstan_sample_size"": 250}",200,250,0.1,False,,,,,,,,,,0.0
VSTAN,yoochoose_recbole_sample,cuda,1,2048,1024,360.95,541.37,0.0,,,0.3354,0.404,0.2542,0.2764,0.2272,0.2364,"yoochoose_recbole_sample::VSTAN::{""vstan_idf_weighting"": false, ""vstan_k"": 200, ""vstan_popularity_weight"": 0.5, ""vstan_position_decay"": 0.1, ""vstan_sample_size"": 250}",success,,910.36,"{""vstan_idf_weighting"": false, ""vstan_k"": 200, ""vstan_popularity_weight"": 0.5, ""vstan_position_decay"": 0.1, ""vstan_sample_size"": 250}",200,250,0.1,False,,,,,,,,,,0.5
VSTAN,yoochoose_recbole_sample,cuda,1,2048,1024,362.56,538.85,0.0,,,0.2107,0.2929,0.143,0.1695,0.1207,0.1316,"yoochoose_recbole_sample::VSTAN::{""vstan_idf_weighting"": false, ""vstan_k"": 200, ""vstan_popularity_weight"": 1.0, ""vstan_position_decay"": 0.1, ""vstan_sample_size"": 250}",success,,909.16,"{""vstan_idf_weighting"": false, ""vstan_k"": 200, ""vstan_popularity_weight"": 1.0, ""vstan_position_decay"": 0.1, ""vstan_sample_size"": 250}",200,250,0.1,False,,,,,,,,,,1.0
VSTAN,yoochoose_recbole_sample,cuda,1,2048,1024,297.39,447.42,0.0,,,0.3786,0.4548,0.2793,0.304,0.2463,0.2566,"yoochoose_recbole_sample::VSTAN::{""vstan_idf_weighting"": true, ""vstan_k"": 200, ""vstan_popularity_weight"": 0.0, ""vstan_position_decay"": 0.2, ""vstan_sample_size"": 250}",success,,753.01,"{""vstan_idf_weighting"": true, ""vstan_k"": 200, ""vstan_popularity_weight"": 0.0, ""vstan_position_decay"": 0.2, ""vstan_sample_size"": 250}",200,250,0.2,True,,,,,,,,,,0.0
VSTAN,yoochoose_recbole_sample,cuda,1,2048,1024,365.69,548.07,0.0,,,0.3298,0.3977,0.2499,0.2718,0.2232,0.2323,"yoochoose_recbole_sample::VSTAN::{""vstan_idf_weighting"": true, ""vstan_k"": 200, ""vstan_popularity_weight"": 0.5, ""vstan_position_decay"": 0.2, ""vstan_sample_size"": 250}",success,,921.65,"{""vstan_idf_weighting"": true, ""vstan_k"": 200, ""vstan_popularity_weight"": 0.5, ""vstan_position_decay"": 0.2, ""vstan_sample_size"": 250}",200,250,0.2,True,,,,,,,,,,0.5
VSTAN,yoochoose_recbole_sample,cuda,1,2048,1024,368.3,551.34,0.0,,,0.1938,0.2778,0.1286,0.1556,0.1072,0.1182,"yoochoose_recbole_sample::VSTAN::{""vstan_idf_weighting"": true, ""vstan_k"": 200, ""vstan_popularity_weight"": 1.0, ""vstan_position_decay"": 0.2, ""vstan_sample_size"": 250}",success,,927.64,"{""vstan_idf_weighting"": true, ""vstan_k"": 200, ""vstan_popularity_weight"": 1.0, ""vstan_position_decay"": 0.2, ""vstan_sample_size"": 250}",200,250,0.2,True,,,,,,,,,,1.0
VSTAN,yoochoose_recbole_sample,cuda,1,2048,1024,302.68,449.2,0.0,,,0.3749,0.4513,0.2772,0.302,0.2447,0.255,"yoochoose_recbole_sample::VSTAN::{""vstan_idf_weighting"": false, ""vstan_k"": 200, ""vstan_popularity_weight"": 0.0, ""vstan_position_decay"": 0.2, ""vstan_sample_size"": 250}",success,,760.28,"{""vstan_idf_weighting"": false, ""vstan_k"": 200, ""vstan_popularity_weight"": 0.0, ""vstan_position_decay"": 0.2, ""vstan_sample_size"": 250}",200,250,0.2,False,,,,,,,,,,0.0
VSTAN,yoochoose_recbole_sample,cuda,1,2048,1024,361.66,543.98,0.0,,,0.3467,0.4135,0.262,0.2836,0.2337,0.2427,"yoochoose_recbole_sample::VSTAN::{""vstan_idf_weighting"": false, ""vstan_k"": 200, ""vstan_popularity_weight"": 0.5, ""vstan_position_decay"": 0.2, ""vstan_sample_size"": 250}",success,,913.75,"{""vstan_idf_weighting"": false, ""vstan_k"": 200, ""vstan_popularity_weight"": 0.5, ""vstan_position_decay"": 0.2, ""vstan_sample_size"": 250}",200,250,0.2,False,,,,,,,,,,0.5
VSTAN,yoochoose_recbole_sample,cuda,1,2048,1024,360.53,541.51,0.0,,,0.2215,0.3022,0.1525,0.1785,0.1297,0.1404,"yoochoose_recbole_sample::VSTAN::{""vstan_idf_weighting"": false, ""vstan_k"": 200, ""vstan_popularity_weight"": 1.0, ""vstan_position_decay"": 0.2, ""vstan_sample_size"": 250}",success,,909.83,"{""vstan_idf_weighting"": false, ""vstan_k"": 200, ""vstan_popularity_weight"": 1.0, ""vstan_position_decay"": 0.2, ""vstan_sample_size"": 250}",200,250,0.2,False,,,,,,,,,,1.0
VSTAN,yoochoose_recbole_sample,cuda,1,2048,1024,218.33,326.72,0.0,,,0.3871,0.4758,0.2821,0.3109,0.2473,0.2592,"yoochoose_recbole_sample::VSTAN::{""vstan_idf_weighting"": true, ""vstan_k"": 200, ""vstan_popularity_weight"": 0.0, ""vstan_position_decay"": 0.05, ""vstan_sample_size"": 500}",success,,553.09,"{""vstan_idf_weighting"": true, ""vstan_k"": 200, ""vstan_popularity_weight"": 0.0, ""vstan_position_decay"": 0.05, ""vstan_sample_size"": 500}",200,500,0.05,True,,,,,,,,,,0.0
VSTAN,yoochoose_recbole_sample,cuda,1,2048,1024,263.87,393.86,0.0,,,0.3522,0.432,0.2613,0.2872,0.2311,0.2418,"yoochoose_recbole_sample::VSTAN::{""vstan_idf_weighting"": true, ""vstan_k"": 200, ""vstan_popularity_weight"": 0.5, ""vstan_position_decay"": 0.05, ""vstan_sample_size"": 500}",success,,665.59,"{""vstan_idf_weighting"": true, ""vstan_k"": 200, ""vstan_popularity_weight"": 0.5, ""vstan_position_decay"": 0.05, ""vstan_sample_size"": 500}",200,500,0.05,True,,,,,,,,,,0.5
VSTAN,yoochoose_recbole_sample,cuda,1,2048,1024,263.28,393.36,0.0,,,0.2397,0.3378,0.1581,0.1897,0.1312,0.1442,"yoochoose_recbole_sample::VSTAN::{""vstan_idf_weighting"": true, ""vstan_k"": 200, ""vstan_popularity_weight"": 1.0, ""vstan_position_decay"": 0.05, ""vstan_sample_size"": 500}",success,,664.79,"{""vstan_idf_weighting"": true, ""vstan_k"": 200, ""vstan_popularity_weight"": 1.0, ""vstan_position_decay"": 0.05, ""vstan_sample_size"": 500}",200,500,0.05,True,,,,,,,,,,1.0
VSTAN,yoochoose_recbole_sample,cuda,1,2048,1024,216.29,320.26,0.0,,,0.3825,0.4703,0.2793,0.3078,0.245,0.2569,"yoochoose_recbole_sample::VSTAN::{""vstan_idf_weighting"": false, ""vstan_k"": 200, ""vstan_popularity_weight"": 0.0, ""vstan_position_decay"": 0.05, ""vstan_sample_size"": 500}",success,,544.92,"{""vstan_idf_weighting"": false, ""vstan_k"": 200, ""vstan_popularity_weight"": 0.0, ""vstan_position_decay"": 0.05, ""vstan_sample_size"": 500}",200,500,0.05,False,,,,,,,,,,0.0
VSTAN,yoochoose_recbole_sample,cuda,1,2048,1024,257.56,386.74,0.0,,,0.3641,0.4448,0.2697,0.2959,0.2384,0.2492,"yoochoose_recbole_sample::VSTAN::{""vstan_idf_weighting"": false, ""vstan_k"": 200, ""vstan_popularity_weight"": 0.5, ""vstan_position_decay"": 0.05, ""vstan_sample_size"": 500}",success,,652.35,"{""vstan_idf_weighting"": false, ""vstan_k"": 200, ""vstan_popularity_weight"": 0.5, ""vstan_position_decay"": 0.05, ""vstan_sample_size"": 500}",200,500,0.05,False,,,,,,,,,,0.5
VSTAN,yoochoose_recbole_sample,cuda,1,2048,1024,257.44,385.03,0.0,,,0.2661,0.3583,0.1842,0.2138,0.1571,0.1693,"yoochoose_recbole_sample::VSTAN::{""vstan_idf_weighting"": false, ""vstan_k"": 200, ""vstan_popularity_weight"": 1.0, ""vstan_position_decay"": 0.05, ""vstan_sample_size"": 500}",success,,650.41,"{""vstan_idf_weighting"": false, ""vstan_k"": 200, ""vstan_popularity_weight"": 1.0, ""vstan_position_decay"": 0.05, ""vstan_sample_size"": 500}",200,500,0.05,False,,,,,,,,,,1.0
VSTAN,yoochoose_recbole_sample,cuda,1,2048,1024,222.23,331.68,0.0,,,0.3951,0.4851,0.2866,0.3158,0.2506,0.2628,"yoochoose_recbole_sample::VSTAN::{""vstan_idf_weighting"": true, ""vstan_k"": 200, ""vstan_popularity_weight"": 0.0, ""vstan_position_decay"": 0.1, ""vstan_sample_size"": 500}",success,,561.65,"{""vstan_idf_weighting"": true, ""vstan_k"": 200, ""vstan_popularity_weight"": 0.0, ""vstan_position_decay"": 0.1, ""vstan_sample_size"": 500}",200,500,0.1,True,,,,,,,,,,0.0
VSTAN,yoochoose_recbole_sample,cuda,1,2048,1024,267.66,399.96,0.0,,,0.3605,0.4409,0.267,0.2931,0.2359,0.2467,"yoochoose_recbole_sample::VSTAN::{""vstan_idf_weighting"": true, ""vstan_k"": 200, ""vstan_popularity_weight"": 0.5, ""vstan_position_decay"": 0.1, ""vstan_sample_size"": 500}",success,,676.06,"{""vstan_idf_weighting"": true, ""vstan_k"": 200, ""vstan_popularity_weight"": 0.5, ""vstan_position_decay"": 0.1, ""vstan_sample_size"": 500}",200,500,0.1,True,,,,,,,,,,0.5
VSTAN,yoochoose_recbole_sample,cuda,1,2048,1024,267.13,398.88,0.0,,,0.2457,0.3439,0.1634,0.1951,0.1363,0.1494,"yoochoose_recbole_sample::VSTAN::{""vstan_idf_weighting"": true, ""vstan_k"": 200, ""vstan_popularity_weight"": 1.0, ""vstan_position_decay"": 0.1, ""vstan_sample_size"": 500}",success,,674.18,"{""vstan_idf_weighting"": true, ""vstan_k"": 200, ""vstan_popularity_weight"": 1.0, ""vstan_position_decay"": 0.1, ""vstan_sample_size"": 500}",200,500,0.1,True,,,,,,,,,,1.0
VSTAN,yoochoose_recbole_sample,cuda,1,2048,1024,216.52,324.18,0.0,,,0.3902,0.4794,0.2841,0.313,0.2489,0.2609,"yoochoose_recbole_sample::VSTAN::{""vstan_idf_weighting"": false, ""vstan_k"": 200, ""vstan_popularity_weight"": 0.0, ""vstan_position_decay"": 0.1, ""vstan_sample_size"": 500}",success,,548.74,"{""vstan_idf_weighting"": false, ""vstan_k"": 200, ""vstan_popularity_weight"": 0.0, ""vstan_position_decay"": 0.1, ""vstan_sample_size"": 500}",200,500,0.1,False,,,,,,,,,,0.0
VSTAN,yoochoose_recbole_sample,cuda,1,2048,1024,261.65,390.38,0.0,,,0.3725,0.4536,0.2751,0.3014,0.2428,0.2537,"yoochoose_recbole_sample::VSTAN::{""vstan_idf_weighting"": false, ""vstan_k"": 200, ""vstan_popularity_weight"": 0.5, ""vstan_position_decay"": 0.1, ""vstan_sample_size"": 500}",success,,659.96,"{""vstan_idf_weighting"": false, ""vstan_k"": 200, ""vstan_popularity_weight"": 0.5, ""vstan_position_decay"": 0.1, ""vstan_sample_size"": 500}",200,500,0.1,False,,,,,,,,,,0.5
VSTAN,yoochoose_recbole_sample,cuda,1,2048,1024,261.43,390.7,0.0,,,0.2721,0.3651,0.1904,0.2204,0.1635,0.1758,"yoochoose_recbole_sample::VSTAN::{""vstan_idf_weighting"": false, ""vstan_k"": 200, ""vstan_popularity_weight"": 1.0, ""vstan_position_decay"": 0.1, ""vstan_sample_size"": 500}",success,,659.88,"{""vstan_idf_weighting"": false, ""vstan_k"": 200, ""vstan_popularity_weight"": 1.0, ""vstan_position_decay"": 0.1, ""vstan_sample_size"": 500}",200,500,0.1,False,,,,,,,,,,1.0
VSTAN,yoochoose_recbole_sample,cuda,1,2048,1024,230.4,342.83,0.0,,,0.4055,0.4956,0.2928,0.3221,0.2554,0.2676,"yoochoose_recbole_sample::VSTAN::{""vstan_idf_weighting"": true, ""vstan_k"": 200, ""vstan_popularity_weight"": 0.0, ""vstan_position_decay"": 0.2, ""vstan_sample_size"": 500}",success,,581.31,"{""vstan_idf_weighting"": true, ""vstan_k"": 200, ""vstan_popularity_weight"": 0.0, ""vstan_position_decay"": 0.2, ""vstan_sample_size"": 500}",200,500,0.2,True,,,,,,,,,,0.0
VSTAN,yoochoose_recbole_sample,cuda,1,2048,1024,278.67,414.09,0.0,,,0.3708,0.4499,0.2739,0.2995,0.2416,0.2522,"yoochoose_recbole_sample::VSTAN::{""vstan_idf_weighting"": true, ""vstan_k"": 200, ""vstan_popularity_weight"": 0.5, ""vstan_position_decay"": 0.2, ""vstan_sample_size"": 500}",success,,700.64,"{""vstan_idf_weighting"": true, ""vstan_k"": 200, ""vstan_popularity_weight"": 0.5, ""vstan_position_decay"": 0.2, ""vstan_sample_size"": 500}",200,500,0.2,True,,,,,,,,,,0.5
VSTAN,yoochoose_recbole_sample,cuda,1,2048,1024,278.21,413.57,0.0,,,0.2539,0.3514,0.1709,0.2023,0.1435,0.1564,"yoochoose_recbole_sample::VSTAN::{""vstan_idf_weighting"": true, ""vstan_k"": 200, ""vstan_popularity_weight"": 1.0, ""vstan_position_decay"": 0.2, ""vstan_sample_size"": 500}",success,,699.93,"{""vstan_idf_weighting"": true, ""vstan_k"": 200, ""vstan_popularity_weight"": 1.0, ""vstan_position_decay"": 0.2, ""vstan_sample_size"": 500}",200,500,0.2,True,,,,,,,,,,1.0
VSTAN,yoochoose_recbole_sample,cuda,1,2048,1024,224.79,333.64,0.0,,,0.3996,0.4898,0.2899,0.3193,0.2535,0.2657,"yoochoose_recbole_sample::VSTAN::{""vstan_idf_weighting"": false, ""vstan_k"": 200, ""vstan_popularity_weight"": 0.0, ""vstan_position_decay"": 0.2, ""vstan_sample_size"": 500}",success,,566.69,"{""vstan_idf_weighting"": false, ""vstan_k"": 200, ""vstan_popularity_weight"": 0.0, ""vstan_position_decay"": 0.2, ""vstan_sample_size"": 500}",200,500,0.2,False,,,,,,,,,,0.0
VSTAN,yoochoose_recbole_sample,cuda,1,2048,1024,272.11,404.48,0.0,,,0.3835,0.4637,0.2821,0.3081,0.2484,0.2591,"yoochoose_recbole_sample::VSTAN::{""vstan_idf_weighting"": false, ""vstan_k"": 200, ""vstan_popularity_weight"": 0.5, ""vstan_position_decay"": 0.2, ""vstan_sample_size"": 500}",success,,684.62,"{""vstan_idf_weighting"": false, ""vstan_k"": 200, ""vstan_popularity_weight"": 0.5, ""vstan_position_decay"": 0.2, ""vstan_sample_size"": 500}",200,500,0.2,False,,,,,,,,,,0.5
VSTAN,yoochoose_recbole_sample,cuda,1,2048,1024,271.57,403.51,0.0,,,0.2812,0.373,0.199,0.2285,0.1717,0.1839,"yoochoose_recbole_sample::VSTAN::{""vstan_idf_weighting"": false, ""vstan_k"": 200, ""vstan_popularity_weight"": 1.0, ""vstan_position_decay"": 0.2, ""vstan_sample_size"": 500}",success,,682.9,"{""vstan_idf_weighting"": false, ""vstan_k"": 200, ""vstan_popularity_weight"": 1.0, ""vstan_position_decay"": 0.2, ""vstan_sample_size"": 500}",200,500,0.2,False,,,,,,,,,,1.0
VSTAN,yoochoose_recbole_sample,cuda,1,2048,1024,209.36,318.49,0.0,,,0.3172,0.3752,0.2438,0.2626,0.2194,0.2272,"yoochoose_recbole_sample::VSTAN::{""vstan_idf_weighting"": true, ""vstan_k"": 500, ""vstan_popularity_weight"": 0.0, ""vstan_position_decay"": 0.05, ""vstan_sample_size"": 100}",success,,535.78,"{""vstan_idf_weighting"": true, ""vstan_k"": 500, ""vstan_popularity_weight"": 0.0, ""vstan_position_decay"": 0.05, ""vstan_sample_size"": 100}",500,100,0.05,True,,,,,,,,,,0.0
VSTAN,yoochoose_recbole_sample,cuda,1,2048,1024,254.54,387.06,0.0,,,0.2482,0.3106,0.1884,0.2084,0.1685,0.1768,"yoochoose_recbole_sample::VSTAN::{""vstan_idf_weighting"": true, ""vstan_k"": 500, ""vstan_popularity_weight"": 0.5, ""vstan_position_decay"": 0.05, ""vstan_sample_size"": 100}",success,,649.92,"{""vstan_idf_weighting"": true, ""vstan_k"": 500, ""vstan_popularity_weight"": 0.5, ""vstan_position_decay"": 0.05, ""vstan_sample_size"": 100}",500,100,0.05,True,,,,,,,,,,0.5
VSTAN,yoochoose_recbole_sample,cuda,1,2048,1024,254.79,386.7,0.0,,,0.1313,0.2022,0.0846,0.1073,0.0693,0.0785,"yoochoose_recbole_sample::VSTAN::{""vstan_idf_weighting"": true, ""vstan_k"": 500, ""vstan_popularity_weight"": 1.0, ""vstan_position_decay"": 0.05, ""vstan_sample_size"": 100}",success,,649.36,"{""vstan_idf_weighting"": true, ""vstan_k"": 500, ""vstan_popularity_weight"": 1.0, ""vstan_position_decay"": 0.05, ""vstan_sample_size"": 100}",500,100,0.05,True,,,,,,,,,,1.0
VSTAN,yoochoose_recbole_sample,cuda,1,2048,1024,207.93,313.91,0.0,,,0.317,0.3759,0.2436,0.2627,0.2192,0.2271,"yoochoose_recbole_sample::VSTAN::{""vstan_idf_weighting"": false, ""vstan_k"": 500, ""vstan_popularity_weight"": 0.0, ""vstan_position_decay"": 0.05, ""vstan_sample_size"": 100}",success,,529.85,"{""vstan_idf_weighting"": false, ""vstan_k"": 500, ""vstan_popularity_weight"": 0.0, ""vstan_position_decay"": 0.05, ""vstan_sample_size"": 100}",500,100,0.05,False,,,,,,,,,,0.0
VSTAN,yoochoose_recbole_sample,cuda,1,2048,1024,253.08,383.56,0.0,,,0.2667,0.3262,0.206,0.2252,0.1858,0.1937,"yoochoose_recbole_sample::VSTAN::{""vstan_idf_weighting"": false, ""vstan_k"": 500, ""vstan_popularity_weight"": 0.5, ""vstan_position_decay"": 0.05, ""vstan_sample_size"": 100}",success,,644.85,"{""vstan_idf_weighting"": false, ""vstan_k"": 500, ""vstan_popularity_weight"": 0.5, ""vstan_position_decay"": 0.05, ""vstan_sample_size"": 100}",500,100,0.05,False,,,,,,,,,,0.5
VSTAN,yoochoose_recbole_sample,cuda,1,2048,1024,259.46,383.12,0.0,,,0.1472,0.2216,0.0975,0.1214,0.0812,0.091,"yoochoose_recbole_sample::VSTAN::{""vstan_idf_weighting"": false, ""vstan_k"": 500, ""vstan_popularity_weight"": 1.0, ""vstan_position_decay"": 0.05, ""vstan_sample_size"": 100}",success,,650.61,"{""vstan_idf_weighting"": false, ""vstan_k"": 500, ""vstan_popularity_weight"": 1.0, ""vstan_position_decay"": 0.05, ""vstan_sample_size"": 100}",500,100,0.05,False,,,,,,,,,,1.0
VSTAN,yoochoose_recbole_sample,cuda,1,2048,1024,209.34,317.61,0.0,,,0.3249,0.3846,0.2488,0.2682,0.2234,0.2315,"yoochoose_recbole_sample::VSTAN::{""vstan_idf_weighting"": true, ""vstan_k"": 500, ""vstan_popularity_weight"": 0.0, ""vstan_position_decay"": 0.1, ""vstan_sample_size"": 100}",success,,534.75,"{""vstan_idf_weighting"": true, ""vstan_k"": 500, ""vstan_popularity_weight"": 0.0, ""vstan_position_decay"": 0.1, ""vstan_sample_size"": 100}",500,100,0.1,True,,,,,,,,,,0.0
VSTAN,yoochoose_recbole_sample,cuda,1,2048,1024,255.02,388.57,0.0,,,0.2569,0.3195,0.1959,0.2161,0.1757,0.184,"yoochoose_recbole_sample::VSTAN::{""vstan_idf_weighting"": true, ""vstan_k"": 500, ""vstan_popularity_weight"": 0.5, ""vstan_position_decay"": 0.1, ""vstan_sample_size"": 100}",success,,651.36,"{""vstan_idf_weighting"": true, ""vstan_k"": 500, ""vstan_popularity_weight"": 0.5, ""vstan_position_decay"": 0.1, ""vstan_sample_size"": 100}",500,100,0.1,True,,,,,,,,,,0.5
VSTAN,yoochoose_recbole_sample,cuda,1,2048,1024,254.16,386.43,0.0,,,0.1375,0.211,0.0898,0.1133,0.0742,0.0837,"yoochoose_recbole_sample::VSTAN::{""vstan_idf_weighting"": true, ""vstan_k"": 500, ""vstan_popularity_weight"": 1.0, ""vstan_position_decay"": 0.1, ""vstan_sample_size"": 100}",success,,648.87,"{""vstan_idf_weighting"": true, ""vstan_k"": 500, ""vstan_popularity_weight"": 1.0, ""vstan_position_decay"": 0.1, ""vstan_sample_size"": 100}",500,100,0.1,True,,,,,,,,,,1.0
VSTAN,yoochoose_recbole_sample,cuda,1,2048,1024,207.38,314.38,0.0,,,0.3246,0.3851,0.2486,0.2683,0.2233,0.2315,"yoochoose_recbole_sample::VSTAN::{""vstan_idf_weighting"": false, ""vstan_k"": 500, ""vstan_popularity_weight"": 0.0, ""vstan_position_decay"": 0.1, ""vstan_sample_size"": 100}",success,,529.63,"{""vstan_idf_weighting"": false, ""vstan_k"": 500, ""vstan_popularity_weight"": 0.0, ""vstan_position_decay"": 0.1, ""vstan_sample_size"": 100}",500,100,0.1,False,,,,,,,,,,0.0
VSTAN,yoochoose_recbole_sample,cuda,1,2048,1024,253.3,383.31,0.0,,,0.2767,0.3349,0.2137,0.2325,0.1928,0.2006,"yoochoose_recbole_sample::VSTAN::{""vstan_idf_weighting"": false, ""vstan_k"": 500, ""vstan_popularity_weight"": 0.5, ""vstan_position_decay"": 0.1, ""vstan_sample_size"": 100}",success,,644.7,"{""vstan_idf_weighting"": false, ""vstan_k"": 500, ""vstan_popularity_weight"": 0.5, ""vstan_position_decay"": 0.1, ""vstan_sample_size"": 100}",500,100,0.1,False,,,,,,,,,,0.5
VSTAN,yoochoose_recbole_sample,cuda,1,2048,1024,252.47,383.2,0.0,,,0.1548,0.2299,0.1036,0.1277,0.0868,0.0967,"yoochoose_recbole_sample::VSTAN::{""vstan_idf_weighting"": false, ""vstan_k"": 500, ""vstan_popularity_weight"": 1.0, ""vstan_position_decay"": 0.1, ""vstan_sample_size"": 100}",success,,643.85,"{""vstan_idf_weighting"": false, ""vstan_k"": 500, ""vstan_popularity_weight"": 1.0, ""vstan_position_decay"": 0.1, ""vstan_sample_size"": 100}",500,100,0.1,False,,,,,,,,,,1.0
VSTAN,yoochoose_recbole_sample,cuda,1,2048,1024,208.81,317.76,0.0,,,0.3351,0.3954,0.2556,0.2752,0.2291,0.2373,"yoochoose_recbole_sample::VSTAN::{""vstan_idf_weighting"": true, ""vstan_k"": 500, ""vstan_popularity_weight"": 0.0, ""vstan_position_decay"": 0.2, ""vstan_sample_size"": 100}",success,,534.67,"{""vstan_idf_weighting"": true, ""vstan_k"": 500, ""vstan_popularity_weight"": 0.0, ""vstan_position_decay"": 0.2, ""vstan_sample_size"": 100}",500,100,0.2,True,,,,,,,,,,0.0
VSTAN,yoochoose_recbole_sample,cuda,1,2048,1024,254.81,389.86,0.0,,,0.2693,0.3301,0.2059,0.2255,0.1848,0.1929,"yoochoose_recbole_sample::VSTAN::{""vstan_idf_weighting"": true, ""vstan_k"": 500, ""vstan_popularity_weight"": 0.5, ""vstan_position_decay"": 0.2, ""vstan_sample_size"": 100}",success,,652.7,"{""vstan_idf_weighting"": true, ""vstan_k"": 500, ""vstan_popularity_weight"": 0.5, ""vstan_position_decay"": 0.2, ""vstan_sample_size"": 100}",500,100,0.2,True,,,,,,,,,,0.5
VSTAN,yoochoose_recbole_sample,cuda,1,2048,1024,260.16,395.8,0.0,,,0.1476,0.2235,0.0972,0.1216,0.0807,0.0906,"yoochoose_recbole_sample::VSTAN::{""vstan_idf_weighting"": true, ""vstan_k"": 500, ""vstan_popularity_weight"": 1.0, ""vstan_position_decay"": 0.2, ""vstan_sample_size"": 100}",success,,664.24,"{""vstan_idf_weighting"": true, ""vstan_k"": 500, ""vstan_popularity_weight"": 1.0, ""vstan_position_decay"": 0.2, ""vstan_sample_size"": 100}",500,100,0.2,True,,,,,,,,,,1.0
VSTAN,yoochoose_recbole_sample,cuda,1,2048,1024,213.07,307.61,0.0,,,0.3354,0.3955,0.2555,0.2751,0.229,0.2371,"yoochoose_recbole_sample::VSTAN::{""vstan_idf_weighting"": false, ""vstan_k"": 500, ""vstan_popularity_weight"": 0.0, ""vstan_position_decay"": 0.2, ""vstan_sample_size"": 100}",success,,530.13,"{""vstan_idf_weighting"": false, ""vstan_k"": 500, ""vstan_popularity_weight"": 0.0, ""vstan_position_decay"": 0.2, ""vstan_sample_size"": 100}",500,100,0.2,False,,,,,,,,,,0.0
VSTAN,yoochoose_recbole_sample,cuda,1,2048,1024,248.02,374.97,0.0,,,0.2883,0.3459,0.2232,0.2419,0.2016,0.2093,"yoochoose_recbole_sample::VSTAN::{""vstan_idf_weighting"": false, ""vstan_k"": 500, ""vstan_popularity_weight"": 0.5, ""vstan_position_decay"": 0.2, ""vstan_sample_size"": 100}",success,,630.98,"{""vstan_idf_weighting"": false, ""vstan_k"": 500, ""vstan_popularity_weight"": 0.5, ""vstan_position_decay"": 0.2, ""vstan_sample_size"": 100}",500,100,0.2,False,,,,,,,,,,0.5
VSTAN,yoochoose_recbole_sample,cuda,1,2048,1024,246.44,374.2,0.0,,,0.1673,0.2431,0.1129,0.1373,0.0951,0.105,"yoochoose_recbole_sample::VSTAN::{""vstan_idf_weighting"": false, ""vstan_k"": 500, ""vstan_popularity_weight"": 1.0, ""vstan_position_decay"": 0.2, ""vstan_sample_size"": 100}",success,,628.28,"{""vstan_idf_weighting"": false, ""vstan_k"": 500, ""vstan_popularity_weight"": 1.0, ""vstan_position_decay"": 0.2, ""vstan_sample_size"": 100}",500,100,0.2,False,,,,,,,,,,1.0
VSTAN,yoochoose_recbole_sample,cuda,1,2048,1024,425.1,643.36,0.0,,,0.3603,0.4349,0.2683,0.2926,0.2378,0.2478,"yoochoose_recbole_sample::VSTAN::{""vstan_idf_weighting"": true, ""vstan_k"": 500, ""vstan_popularity_weight"": 0.0, ""vstan_position_decay"": 0.05, ""vstan_sample_size"": 250}",success,,1076.21,"{""vstan_idf_weighting"": true, ""vstan_k"": 500, ""vstan_popularity_weight"": 0.0, ""vstan_position_decay"": 0.05, ""vstan_sample_size"": 250}",500,250,0.05,True,,,,,,,,,,0.0
VSTAN,yoochoose_recbole_sample,cuda,1,2048,1024,526.88,797.31,0.0,,,0.3046,0.369,0.2325,0.2534,0.2085,0.2171,"yoochoose_recbole_sample::VSTAN::{""vstan_idf_weighting"": true, ""vstan_k"": 500, ""vstan_popularity_weight"": 0.5, ""vstan_position_decay"": 0.05, ""vstan_sample_size"": 250}",success,,1332.12,"{""vstan_idf_weighting"": true, ""vstan_k"": 500, ""vstan_popularity_weight"": 0.5, ""vstan_position_decay"": 0.05, ""vstan_sample_size"": 250}",500,250,0.05,True,,,,,,,,,,0.5
VSTAN,yoochoose_recbole_sample,cuda,1,2048,1024,525.02,794.97,0.0,,,0.1512,0.2247,0.0986,0.1222,0.0814,0.091,"yoochoose_recbole_sample::VSTAN::{""vstan_idf_weighting"": true, ""vstan_k"": 500, ""vstan_popularity_weight"": 1.0, ""vstan_position_decay"": 0.05, ""vstan_sample_size"": 250}",success,,1327.65,"{""vstan_idf_weighting"": true, ""vstan_k"": 500, ""vstan_popularity_weight"": 1.0, ""vstan_position_decay"": 0.05, ""vstan_sample_size"": 250}",500,250,0.05,True,,,,,,,,,,1.0
VSTAN,yoochoose_recbole_sample,cuda,1,2048,1024,419.26,633.68,0.0,,,0.3565,0.431,0.266,0.2901,0.2359,0.2459,"yoochoose_recbole_sample::VSTAN::{""vstan_idf_weighting"": false, ""vstan_k"": 500, ""vstan_popularity_weight"": 0.0, ""vstan_position_decay"": 0.05, ""vstan_sample_size"": 250}",success,,1060.69,"{""vstan_idf_weighting"": false, ""vstan_k"": 500, ""vstan_popularity_weight"": 0.0, ""vstan_position_decay"": 0.05, ""vstan_sample_size"": 250}",500,250,0.05,False,,,,,,,,,,0.0
VSTAN,yoochoose_recbole_sample,cuda,1,2048,1024,517.52,782.94,0.0,,,0.3215,0.3865,0.246,0.267,0.2208,0.2295,"yoochoose_recbole_sample::VSTAN::{""vstan_idf_weighting"": false, ""vstan_k"": 500, ""vstan_popularity_weight"": 0.5, ""vstan_position_decay"": 0.05, ""vstan_sample_size"": 250}",success,,1308.36,"{""vstan_idf_weighting"": false, ""vstan_k"": 500, ""vstan_popularity_weight"": 0.5, ""vstan_position_decay"": 0.05, ""vstan_sample_size"": 250}",500,250,0.05,False,,,,,,,,,,0.5
VSTAN,yoochoose_recbole_sample,cuda,1,2048,1024,516.72,782.58,0.0,,,0.1789,0.2558,0.1189,0.1436,0.0991,0.1093,"yoochoose_recbole_sample::VSTAN::{""vstan_idf_weighting"": false, ""vstan_k"": 500, ""vstan_popularity_weight"": 1.0, ""vstan_position_decay"": 0.05, ""vstan_sample_size"": 250}",success,,1307.3,"{""vstan_idf_weighting"": false, ""vstan_k"": 500, ""vstan_popularity_weight"": 1.0, ""vstan_position_decay"": 0.05, ""vstan_sample_size"": 250}",500,250,0.05,False,,,,,,,,,,1.0
VSTAN,yoochoose_recbole_sample,cuda,1,2048,1024,425.77,645.04,0.0,,,0.3677,0.4437,0.273,0.2977,0.2415,0.2518,"yoochoose_recbole_sample::VSTAN::{""vstan_idf_weighting"": true, ""vstan_k"": 500, ""vstan_popularity_weight"": 0.0, ""vstan_position_decay"": 0.1, ""vstan_sample_size"": 250}",success,,1078.48,"{""vstan_idf_weighting"": true, ""vstan_k"": 500, ""vstan_popularity_weight"": 0.0, ""vstan_position_decay"": 0.1, ""vstan_sample_size"": 250}",500,250,0.1,True,,,,,,,,,,0.0
VSTAN,yoochoose_recbole_sample,cuda,1,2048,1024,525.77,795.8,0.0,,,0.3141,0.3788,0.2397,0.2606,0.2148,0.2235,"yoochoose_recbole_sample::VSTAN::{""vstan_idf_weighting"": true, ""vstan_k"": 500, ""vstan_popularity_weight"": 0.5, ""vstan_position_decay"": 0.1, ""vstan_sample_size"": 250}",success,,1329.38,"{""vstan_idf_weighting"": true, ""vstan_k"": 500, ""vstan_popularity_weight"": 0.5, ""vstan_position_decay"": 0.1, ""vstan_sample_size"": 250}",500,250,0.1,True,,,,,,,,,,0.5
VSTAN,yoochoose_recbole_sample,cuda,1,2048,1024,525.01,794.63,0.0,,,0.1605,0.2349,0.1061,0.13,0.0883,0.098,"yoochoose_recbole_sample::VSTAN::{""vstan_idf_weighting"": true, ""vstan_k"": 500, ""vstan_popularity_weight"": 1.0, ""vstan_position_decay"": 0.1, ""vstan_sample_size"": 250}",success,,1327.62,"{""vstan_idf_weighting"": true, ""vstan_k"": 500, ""vstan_popularity_weight"": 1.0, ""vstan_position_decay"": 0.1, ""vstan_sample_size"": 250}",500,250,0.1,True,,,,,,,,,,1.0
VSTAN,yoochoose_recbole_sample,cuda,1,2048,1024,419.23,634.55,0.0,,,0.3637,0.4399,0.2706,0.2954,0.2397,0.25,"yoochoose_recbole_sample::VSTAN::{""vstan_idf_weighting"": false, ""vstan_k"": 500, ""vstan_popularity_weight"": 0.0, ""vstan_position_decay"": 0.1, ""vstan_sample_size"": 250}",success,,1061.8,"{""vstan_idf_weighting"": false, ""vstan_k"": 500, ""vstan_popularity_weight"": 0.0, ""vstan_position_decay"": 0.1, ""vstan_sample_size"": 250}",500,250,0.1,False,,,,,,,,,,0.0
VSTAN,yoochoose_recbole_sample,cuda,1,2048,1024,518.52,784.22,0.0,,,0.3321,0.3967,0.253,0.274,0.2266,0.2353,"yoochoose_recbole_sample::VSTAN::{""vstan_idf_weighting"": false, ""vstan_k"": 500, ""vstan_popularity_weight"": 0.5, ""vstan_position_decay"": 0.1, ""vstan_sample_size"": 250}",success,,1310.39,"{""vstan_idf_weighting"": false, ""vstan_k"": 500, ""vstan_popularity_weight"": 0.5, ""vstan_position_decay"": 0.1, ""vstan_sample_size"": 250}",500,250,0.1,False,,,,,,,,,,0.5
VSTAN,yoochoose_recbole_sample,cuda,1,2048,1024,517.15,782.41,0.0,,,0.1899,0.2657,0.1283,0.1527,0.108,0.118,"yoochoose_recbole_sample::VSTAN::{""vstan_idf_weighting"": false, ""vstan_k"": 500, ""vstan_popularity_weight"": 1.0, ""vstan_position_decay"": 0.1, ""vstan_sample_size"": 250}",success,,1307.35,"{""vstan_idf_weighting"": false, ""vstan_k"": 500, ""vstan_popularity_weight"": 1.0, ""vstan_position_decay"": 0.1, ""vstan_sample_size"": 250}",500,250,0.1,False,,,,,,,,,,1.0
VSTAN,yoochoose_recbole_sample,cuda,1,2048,1024,425.88,644.69,0.0,,,0.3773,0.4543,0.2789,0.304,0.2462,0.2567,"yoochoose_recbole_sample::VSTAN::{""vstan_idf_weighting"": true, ""vstan_k"": 500, ""vstan_popularity_weight"": 0.0, ""vstan_position_decay"": 0.2, ""vstan_sample_size"": 250}",success,,1078.57,"{""vstan_idf_weighting"": true, ""vstan_k"": 500, ""vstan_popularity_weight"": 0.0, ""vstan_position_decay"": 0.2, ""vstan_sample_size"": 250}",500,250,0.2,True,,,,,,,,,,0.0
VSTAN,yoochoose_recbole_sample,cuda,1,2048,1024,525.74,796.23,0.0,,,0.3272,0.3903,0.2489,0.2694,0.2228,0.2313,"yoochoose_recbole_sample::VSTAN::{""vstan_idf_weighting"": true, ""vstan_k"": 500, ""vstan_popularity_weight"": 0.5, ""vstan_position_decay"": 0.2, ""vstan_sample_size"": 250}",success,,1329.66,"{""vstan_idf_weighting"": true, ""vstan_k"": 500, ""vstan_popularity_weight"": 0.5, ""vstan_position_decay"": 0.2, ""vstan_sample_size"": 250}",500,250,0.2,True,,,,,,,,,,0.5
VSTAN,yoochoose_recbole_sample,cuda,1,2048,1024,524.97,794.47,0.0,,,0.1737,0.2495,0.1168,0.1411,0.0981,0.1081,"yoochoose_recbole_sample::VSTAN::{""vstan_idf_weighting"": true, ""vstan_k"": 500, ""vstan_popularity_weight"": 1.0, ""vstan_position_decay"": 0.2, ""vstan_sample_size"": 250}",success,,1327.23,"{""vstan_idf_weighting"": true, ""vstan_k"": 500, ""vstan_popularity_weight"": 1.0, ""vstan_position_decay"": 0.2, ""vstan_sample_size"": 250}",500,250,0.2,True,,,,,,,,,,1.0
VSTAN,yoochoose_recbole_sample,cuda,1,2048,1024,418.96,634.44,0.0,,,0.3744,0.4514,0.2771,0.3021,0.2448,0.2552,"yoochoose_recbole_sample::VSTAN::{""vstan_idf_weighting"": false, ""vstan_k"": 500, ""vstan_popularity_weight"": 0.0, ""vstan_position_decay"": 0.2, ""vstan_sample_size"": 250}",success,,1061.32,"{""vstan_idf_weighting"": false, ""vstan_k"": 500, ""vstan_popularity_weight"": 0.0, ""vstan_position_decay"": 0.2, ""vstan_sample_size"": 250}",500,250,0.2,False,,,,,,,,,,0.0
VSTAN,yoochoose_recbole_sample,cuda,1,2048,1024,517.58,783.62,0.0,,,0.3449,0.4094,0.2616,0.2825,0.2338,0.2424,"yoochoose_recbole_sample::VSTAN::{""vstan_idf_weighting"": false, ""vstan_k"": 500, ""vstan_popularity_weight"": 0.5, ""vstan_position_decay"": 0.2, ""vstan_sample_size"": 250}",success,,1308.87,"{""vstan_idf_weighting"": false, ""vstan_k"": 500, ""vstan_popularity_weight"": 0.5, ""vstan_position_decay"": 0.2, ""vstan_sample_size"": 250}",500,250,0.2,False,,,,,,,,,,0.5
VSTAN,yoochoose_recbole_sample,cuda,1,2048,1024,517.32,781.82,0.0,,,0.2045,0.2803,0.141,0.1653,0.12,0.13,"yoochoose_recbole_sample::VSTAN::{""vstan_idf_weighting"": false, ""vstan_k"": 500, ""vstan_popularity_weight"": 1.0, ""vstan_position_decay"": 0.2, ""vstan_sample_size"": 250}",success,,1306.92,"{""vstan_idf_weighting"": false, ""vstan_k"": 500, ""vstan_popularity_weight"": 1.0, ""vstan_position_decay"": 0.2, ""vstan_sample_size"": 250}",500,250,0.2,False,,,,,,,,,,1.0
VSTAN,yoochoose_recbole_sample,cuda,1,2048,1024,714.43,1075.01,0.0,,,0.3878,0.4711,0.2828,0.3099,0.2481,0.2593,"yoochoose_recbole_sample::VSTAN::{""vstan_idf_weighting"": true, ""vstan_k"": 500, ""vstan_popularity_weight"": 0.0, ""vstan_position_decay"": 0.05, ""vstan_sample_size"": 500}",success,,1797.44,"{""vstan_idf_weighting"": true, ""vstan_k"": 500, ""vstan_popularity_weight"": 0.0, ""vstan_position_decay"": 0.05, ""vstan_sample_size"": 500}",500,500,0.05,True,,,,,,,,,,0.0
VSTAN,yoochoose_recbole_sample,cuda,1,2048,1024,886.14,1334.55,0.0,,,0.3492,0.42,0.2618,0.2847,0.2326,0.2421,"yoochoose_recbole_sample::VSTAN::{""vstan_idf_weighting"": true, ""vstan_k"": 500, ""vstan_popularity_weight"": 0.5, ""vstan_position_decay"": 0.05, ""vstan_sample_size"": 500}",success,,2228.42,"{""vstan_idf_weighting"": true, ""vstan_k"": 500, ""vstan_popularity_weight"": 0.5, ""vstan_position_decay"": 0.05, ""vstan_sample_size"": 500}",500,500,0.05,True,,,,,,,,,,0.5
VSTAN,yoochoose_recbole_sample,cuda,1,2048,1024,885.79,1332.19,0.0,,,0.1722,0.2515,0.1109,0.1365,0.0908,0.1013,"yoochoose_recbole_sample::VSTAN::{""vstan_idf_weighting"": true, ""vstan_k"": 500, ""vstan_popularity_weight"": 1.0, ""vstan_position_decay"": 0.05, ""vstan_sample_size"": 500}",success,,2225.75,"{""vstan_idf_weighting"": true, ""vstan_k"": 500, ""vstan_popularity_weight"": 1.0, ""vstan_position_decay"": 0.05, ""vstan_sample_size"": 500}",500,500,0.05,True,,,,,,,,,,1.0
VSTAN,yoochoose_recbole_sample,cuda,1,2048,1024,703.22,1057.89,0.0,,,0.3818,0.4662,0.2794,0.3068,0.2455,0.2568,"yoochoose_recbole_sample::VSTAN::{""vstan_idf_weighting"": false, ""vstan_k"": 500, ""vstan_popularity_weight"": 0.0, ""vstan_position_decay"": 0.05, ""vstan_sample_size"": 500}",success,,1769.02,"{""vstan_idf_weighting"": false, ""vstan_k"": 500, ""vstan_popularity_weight"": 0.0, ""vstan_position_decay"": 0.05, ""vstan_sample_size"": 500}",500,500,0.05,False,,,,,,,,,,0.0
VSTAN,yoochoose_recbole_sample,cuda,1,2048,1024,872.46,1320.97,0.0,,,0.363,0.4367,0.2705,0.2944,0.2397,0.2496,"yoochoose_recbole_sample::VSTAN::{""vstan_idf_weighting"": false, ""vstan_k"": 500, ""vstan_popularity_weight"": 0.5, ""vstan_position_decay"": 0.05, ""vstan_sample_size"": 500}",success,,2201.11,"{""vstan_idf_weighting"": false, ""vstan_k"": 500, ""vstan_popularity_weight"": 0.5, ""vstan_position_decay"": 0.05, ""vstan_sample_size"": 500}",500,500,0.05,False,,,,,,,,,,0.5
VSTAN,yoochoose_recbole_sample,cuda,1,2048,1024,871.58,1310.88,0.0,,,0.2078,0.2845,0.1381,0.1629,0.1152,0.1254,"yoochoose_recbole_sample::VSTAN::{""vstan_idf_weighting"": false, ""vstan_k"": 500, ""vstan_popularity_weight"": 1.0, ""vstan_position_decay"": 0.05, ""vstan_sample_size"": 500}",success,,2190.27,"{""vstan_idf_weighting"": false, ""vstan_k"": 500, ""vstan_popularity_weight"": 1.0, ""vstan_position_decay"": 0.05, ""vstan_sample_size"": 500}",500,500,0.05,False,,,,,,,,,,1.0
VSTAN,yoochoose_recbole_sample,cuda,1,2048,1024,714.47,1075.05,0.0,,,0.3938,0.4799,0.2866,0.3146,0.2511,0.2627,"yoochoose_recbole_sample::VSTAN::{""vstan_idf_weighting"": true, ""vstan_k"": 500, ""vstan_popularity_weight"": 0.0, ""vstan_position_decay"": 0.1, ""vstan_sample_size"": 500}",success,,1797.42,"{""vstan_idf_weighting"": true, ""vstan_k"": 500, ""vstan_popularity_weight"": 0.0, ""vstan_position_decay"": 0.1, ""vstan_sample_size"": 500}",500,500,0.1,True,,,,,,,,,,0.0
VSTAN,yoochoose_recbole_sample,cuda,1,2048,1024,886.78,1332.92,0.0,,,0.3591,0.4302,0.2683,0.2913,0.238,0.2476,"yoochoose_recbole_sample::VSTAN::{""vstan_idf_weighting"": true, ""vstan_k"": 500, ""vstan_popularity_weight"": 0.5, ""vstan_position_decay"": 0.1, ""vstan_sample_size"": 500}",success,,2227.39,"{""vstan_idf_weighting"": true, ""vstan_k"": 500, ""vstan_popularity_weight"": 0.5, ""vstan_position_decay"": 0.1, ""vstan_sample_size"": 500}",500,500,0.1,True,,,,,,,,,,0.5
VSTAN,yoochoose_recbole_sample,cuda,1,2048,1024,886.37,1333.87,0.0,,,0.1843,0.2626,0.1205,0.1458,0.0995,0.11,"yoochoose_recbole_sample::VSTAN::{""vstan_idf_weighting"": true, ""vstan_k"": 500, ""vstan_popularity_weight"": 1.0, ""vstan_position_decay"": 0.1, ""vstan_sample_size"": 500}",success,,2228.03,"{""vstan_idf_weighting"": true, ""vstan_k"": 500, ""vstan_popularity_weight"": 1.0, ""vstan_position_decay"": 0.1, ""vstan_sample_size"": 500}",500,500,0.1,True,,,,,,,,,,1.0
VSTAN,yoochoose_recbole_sample,cuda,1,2048,1024,703.58,1058.38,0.0,,,0.3882,0.4748,0.2834,0.3114,0.2486,0.2602,"yoochoose_recbole_sample::VSTAN::{""vstan_idf_weighting"": false, ""vstan_k"": 500, ""vstan_popularity_weight"": 0.0, ""vstan_position_decay"": 0.1, ""vstan_sample_size"": 500}",success,,1769.89,"{""vstan_idf_weighting"": false, ""vstan_k"": 500, ""vstan_popularity_weight"": 0.0, ""vstan_position_decay"": 0.1, ""vstan_sample_size"": 500}",500,500,0.1,False,,,,,,,,,,0.0
VSTAN,yoochoose_recbole_sample,cuda,1,2048,1024,874.44,1316.09,0.0,,,0.3736,0.4469,0.2768,0.3006,0.2446,0.2545,"yoochoose_recbole_sample::VSTAN::{""vstan_idf_weighting"": false, ""vstan_k"": 500, ""vstan_popularity_weight"": 0.5, ""vstan_position_decay"": 0.1, ""vstan_sample_size"": 500}",success,,2198.24,"{""vstan_idf_weighting"": false, ""vstan_k"": 500, ""vstan_popularity_weight"": 0.5, ""vstan_position_decay"": 0.1, ""vstan_sample_size"": 500}",500,500,0.1,False,,,,,,,,,,0.5
VSTAN,yoochoose_recbole_sample,cuda,1,2048,1024,871.9,1310.17,0.0,,,0.2212,0.2964,0.1507,0.1751,0.1275,0.1375,"yoochoose_recbole_sample::VSTAN::{""vstan_idf_weighting"": false, ""vstan_k"": 500, ""vstan_popularity_weight"": 1.0, ""vstan_position_decay"": 0.1, ""vstan_sample_size"": 500}",success,,2189.86,"{""vstan_idf_weighting"": false, ""vstan_k"": 500, ""vstan_popularity_weight"": 1.0, ""vstan_position_decay"": 0.1, ""vstan_sample_size"": 500}",500,500,0.1,False,,,,,,,,,,1.0
VSTAN,yoochoose_recbole_sample,cuda,1,2048,1024,715.27,1076.26,0.0,,,0.4032,0.4915,0.2925,0.3211,0.2557,0.2676,"yoochoose_recbole_sample::VSTAN::{""vstan_idf_weighting"": true, ""vstan_k"": 500, ""vstan_popularity_weight"": 0.0, ""vstan_position_decay"": 0.2, ""vstan_sample_size"": 500}",success,,1799.55,"{""vstan_idf_weighting"": true, ""vstan_k"": 500, ""vstan_popularity_weight"": 0.0, ""vstan_position_decay"": 0.2, ""vstan_sample_size"": 500}",500,500,0.2,True,,,,,,,,,,0.0
VSTAN,yoochoose_recbole_sample,cuda,1,2048,1024,890.6,1335.86,0.0,,,0.3717,0.4423,0.2761,0.299,0.2442,0.2537,"yoochoose_recbole_sample::VSTAN::{""vstan_idf_weighting"": true, ""vstan_k"": 500, ""vstan_popularity_weight"": 0.5, ""vstan_position_decay"": 0.2, ""vstan_sample_size"": 500}",success,,2234.19,"{""vstan_idf_weighting"": true, ""vstan_k"": 500, ""vstan_popularity_weight"": 0.5, ""vstan_position_decay"": 0.2, ""vstan_sample_size"": 500}",500,500,0.2,True,,,,,,,,,,0.5
VSTAN,yoochoose_recbole_sample,cuda,1,2048,1024,886.86,1333.49,0.0,,,0.2012,0.279,0.1344,0.1595,0.1124,0.1228,"yoochoose_recbole_sample::VSTAN::{""vstan_idf_weighting"": true, ""vstan_k"": 500, ""vstan_popularity_weight"": 1.0, ""vstan_position_decay"": 0.2, ""vstan_sample_size"": 500}",success,,2228.16,"{""vstan_idf_weighting"": true, ""vstan_k"": 500, ""vstan_popularity_weight"": 1.0, ""vstan_position_decay"": 0.2, ""vstan_sample_size"": 500}",500,500,0.2,True,,,,,,,,,,1.0
VSTAN,yoochoose_recbole_sample,cuda,1,2048,1024,703.37,1058.93,0.0,,,0.3975,0.4859,0.2892,0.3179,0.2532,0.2652,"yoochoose_recbole_sample::VSTAN::{""vstan_idf_weighting"": false, ""vstan_k"": 500, ""vstan_popularity_weight"": 0.0, ""vstan_position_decay"": 0.2, ""vstan_sample_size"": 500}",success,,1770.26,"{""vstan_idf_weighting"": false, ""vstan_k"": 500, ""vstan_popularity_weight"": 0.0, ""vstan_position_decay"": 0.2, ""vstan_sample_size"": 500}",500,500,0.2,False,,,,,,,,,,0.0
VSTAN,yoochoose_recbole_sample,cuda,1,2048,1024,875.17,1315.52,0.0,,,0.3861,0.4596,0.2841,0.308,0.2502,0.2601,"yoochoose_recbole_sample::VSTAN::{""vstan_idf_weighting"": false, ""vstan_k"": 500, ""vstan_popularity_weight"": 0.5, ""vstan_position_decay"": 0.2, ""vstan_sample_size"": 500}",success,,2198.43,"{""vstan_idf_weighting"": false, ""vstan_k"": 500, ""vstan_popularity_weight"": 0.5, ""vstan_position_decay"": 0.2, ""vstan_sample_size"": 500}",500,500,0.2,False,,,,,,,,,,0.5
VSTAN,yoochoose_recbole_sample,cuda,1,2048,1024,881.41,1332.46,0.0,,,0.2398,0.3142,0.1684,0.1924,0.1447,0.1546,"yoochoose_recbole_sample::VSTAN::{""vstan_idf_weighting"": false, ""vstan_k"": 500, ""vstan_popularity_weight"": 1.0, ""vstan_position_decay"": 0.2, ""vstan_sample_size"": 500}",success,,2221.69,"{""vstan_idf_weighting"": false, ""vstan_k"": 500, ""vstan_popularity_weight"": 1.0, ""vstan_position_decay"": 0.2, ""vstan_sample_size"": 500}",500,500,0.2,False,,,,,,,,,,1.0
MostPop,globo_recbole_sample,cuda,1,2048,1024,1.0,0.22,0.0,,,0.0346,0.0626,0.0226,0.0316,0.0188,0.0224,globo_recbole_sample::MostPop::{},success,,6.93,{},,,,,,,,,,,,,,
RecentPop,globo_recbole_sample,cuda,1,2048,1024,0.82,0.22,0.0,,,0.0008,0.0016,0.0003,0.0006,0.0002,0.0003,"globo_recbole_sample::RecentPop::{""window_days"": 1}",success,,6.7,"{""window_days"": 1}",,,,,,,,,,,1.0,,,
RecentPop,globo_recbole_sample,cuda,1,2048,1024,1.04,0.22,0.0,,,0.0008,0.0016,0.0003,0.0006,0.0002,0.0003,"globo_recbole_sample::RecentPop::{""window_days"": 3}",success,,7.02,"{""window_days"": 3}",,,,,,,,,,,3.0,,,
RecentPop,globo_recbole_sample,cuda,1,2048,1024,0.97,0.22,0.0,,,0.0,0.0,0.0,0.0,0.0,0.0,"globo_recbole_sample::RecentPop::{""window_days"": 7}",success,,6.97,"{""window_days"": 7}",,,,,,,,,,,7.0,,,
RecentPop,globo_recbole_sample,cuda,1,2048,1024,0.92,0.57,0.0,,,0.0083,0.018,0.0054,0.0086,0.0045,0.0058,"globo_recbole_sample::RecentPop::{""window_days"": 14}",success,,7.13,"{""window_days"": 14}",,,,,,,,,,,14.0,,,
RecentPop,globo_recbole_sample,cuda,1,2048,1024,0.75,0.24,0.0,,,0.0346,0.0626,0.0226,0.0316,0.0188,0.0224,"globo_recbole_sample::RecentPop::{""window_days"": 30}",success,,6.86,"{""window_days"": 30}",,,,,,,,,,,30.0,,,
RecentPop,globo_recbole_sample,cuda,1,2048,1024,0.91,0.31,0.0,,,0.0346,0.0626,0.0226,0.0316,0.0188,0.0224,"globo_recbole_sample::RecentPop::{""window_days"": 60}",success,,6.83,"{""window_days"": 60}",,,,,,,,,,,60.0,,,
RecentPop,globo_recbole_sample,cuda,1,2048,1024,0.8,0.25,0.0,,,0.0346,0.0626,0.0226,0.0316,0.0188,0.0224,"globo_recbole_sample::RecentPop::{""window_days"": 90}",success,,7.13,"{""window_days"": 90}",,,,,,,,,,,90.0,,,
RecentPop,globo_recbole_sample,cuda,1,2048,1024,0.9,0.3,0.0,,,0.0346,0.0626,0.0226,0.0316,0.0188,0.0224,"globo_recbole_sample::RecentPop::{""window_days"": 180}",success,,6.81,"{""window_days"": 180}",,,,,,,,,,,180.0,,,
DecayPop,globo_recbole_sample,cuda,1,2048,1024,0.91,0.22,0.0,,,0.0346,0.0626,0.0226,0.0316,0.0188,0.0224,"globo_recbole_sample::DecayPop::{""decay_lambda"": 1e-09}",success,,8.85,"{""decay_lambda"": 1e-09}",,,,,,,,,,,,1e-09,,
DecayPop,globo_recbole_sample,cuda,1,2048,1024,1.07,0.46,0.0,,,0.0346,0.0626,0.0226,0.0316,0.0188,0.0224,"globo_recbole_sample::DecayPop::{""decay_lambda"": 5e-09}",success,,8.77,"{""decay_lambda"": 5e-09}",,,,,,,,,,,,5e-09,,
DecayPop,globo_recbole_sample,cuda,1,2048,1024,0.92,0.22,0.0,,,0.0346,0.0626,0.0226,0.0316,0.0188,0.0224,"globo_recbole_sample::DecayPop::{""decay_lambda"": 1e-08}",success,,8.57,"{""decay_lambda"": 1e-08}",,,,,,,,,,,,1e-08,,
DecayPop,globo_recbole_sample,cuda,1,2048,1024,0.91,0.23,0.0,,,0.0346,0.0626,0.0226,0.0316,0.0188,0.0224,"globo_recbole_sample::DecayPop::{""decay_lambda"": 5e-08}",success,,8.58,"{""decay_lambda"": 5e-08}",,,,,,,,,,,,5e-08,,
DecayPop,globo_recbole_sample,cuda,1,2048,1024,0.91,0.22,0.0,,,0.0346,0.0606,0.0227,0.0311,0.0188,0.0223,"globo_recbole_sample::DecayPop::{""decay_lambda"": 1e-07}",success,,8.62,"{""decay_lambda"": 1e-07}",,,,,,,,,,,,1e-07,,
DecayPop,globo_recbole_sample,cuda,1,2048,1024,0.95,0.22,0.0,,,0.0345,0.0619,0.0209,0.0297,0.0164,0.02,"globo_recbole_sample::DecayPop::{""decay_lambda"": 5e-07}",success,,8.57,"{""decay_lambda"": 5e-07}",,,,,,,,,,,,5e-07,,
DecayPop,globo_recbole_sample,cuda,1,2048,1024,0.97,0.31,0.0,,,0.0296,0.0596,0.0164,0.026,0.0121,0.0161,"globo_recbole_sample::DecayPop::{""decay_lambda"": 1e-06}",success,,8.62,"{""decay_lambda"": 1e-06}",,,,,,,,,,,,1e-06,,
VS-KNN,globo_recbole_sample,cuda,1,2048,1024,108.68,224.71,0.0,100,100,0.079,0.1448,0.0384,0.0597,0.0252,0.034,"globo_recbole_sample::VS-KNN::{""vsknn_k"": 100, ""vsknn_popularity_weight"": 0.0, ""vsknn_sample_size"": 100}",success,,341.33,"{""vsknn_k"": 100, ""vsknn_popularity_weight"": 0.0, ""vsknn_sample_size"": 100}",,,,,,,,,,,,,0.0,
VS-KNN,globo_recbole_sample,cuda,1,2048,1024,127.66,267.77,0.0,100,100,0.0079,0.0248,0.0036,0.009,0.0023,0.0044,"globo_recbole_sample::VS-KNN::{""vsknn_k"": 100, ""vsknn_popularity_weight"": 0.5, ""vsknn_sample_size"": 100}",success,,402.6,"{""vsknn_k"": 100, ""vsknn_popularity_weight"": 0.5, ""vsknn_sample_size"": 100}",,,,,,,,,,,,,0.5,
VS-KNN,globo_recbole_sample,cuda,1,2048,1024,127.67,268.35,0.0,100,100,0.003,0.0084,0.0016,0.0033,0.0011,0.0018,"globo_recbole_sample::VS-KNN::{""vsknn_k"": 100, ""vsknn_popularity_weight"": 1.0, ""vsknn_sample_size"": 100}",success,,403.18,"{""vsknn_k"": 100, ""vsknn_popularity_weight"": 1.0, ""vsknn_sample_size"": 100}",,,,,,,,,,,,,1.0,
VS-KNN,globo_recbole_sample,cuda,1,2048,1024,61.3,134.02,0.0,100,250,0.0974,0.1824,0.0468,0.074,0.0304,0.0415,"globo_recbole_sample::VS-KNN::{""vsknn_k"": 100, ""vsknn_popularity_weight"": 0.0, ""vsknn_sample_size"": 250}",success,,202.6,"{""vsknn_k"": 100, ""vsknn_popularity_weight"": 0.0, ""vsknn_sample_size"": 250}",,,,,,,,,,,,,0.0,
VS-KNN,globo_recbole_sample,cuda,1,2048,1024,69.92,146.36,0.0,100,250,0.0273,0.0751,0.0124,0.0276,0.0077,0.0138,"globo_recbole_sample::VS-KNN::{""vsknn_k"": 100, ""vsknn_popularity_weight"": 0.5, ""vsknn_sample_size"": 250}",success,,223.68,"{""vsknn_k"": 100, ""vsknn_popularity_weight"": 0.5, ""vsknn_sample_size"": 250}",,,,,,,,,,,,,0.5,
VS-KNN,globo_recbole_sample,cuda,1,2048,1024,69.4,145.53,0.0,100,250,0.0062,0.0221,0.003,0.008,0.002,0.0039,"globo_recbole_sample::VS-KNN::{""vsknn_k"": 100, ""vsknn_popularity_weight"": 1.0, ""vsknn_sample_size"": 250}",success,,222.28,"{""vsknn_k"": 100, ""vsknn_popularity_weight"": 1.0, ""vsknn_sample_size"": 250}",,,,,,,,,,,,,1.0,
VS-KNN,globo_recbole_sample,cuda,1,2048,1024,65.49,136.33,0.0,100,500,0.1199,0.2206,0.0569,0.0893,0.0365,0.0498,"globo_recbole_sample::VS-KNN::{""vsknn_k"": 100, ""vsknn_popularity_weight"": 0.0, ""vsknn_sample_size"": 500}",success,,209.18,"{""vsknn_k"": 100, ""vsknn_popularity_weight"": 0.0, ""vsknn_sample_size"": 500}",,,,,,,,,,,,,0.0,
VS-KNN,globo_recbole_sample,cuda,1,2048,1024,74.65,155.27,0.0,100,500,0.0379,0.1032,0.0171,0.038,0.0104,0.0189,"globo_recbole_sample::VS-KNN::{""vsknn_k"": 100, ""vsknn_popularity_weight"": 0.5, ""vsknn_sample_size"": 500}",success,,237.19,"{""vsknn_k"": 100, ""vsknn_popularity_weight"": 0.5, ""vsknn_sample_size"": 500}",,,,,,,,,,,,,0.5,
VS-KNN,globo_recbole_sample,cuda,1,2048,1024,73.76,154.52,0.0,100,500,0.0067,0.0297,0.0032,0.0105,0.0021,0.005,"globo_recbole_sample::VS-KNN::{""vsknn_k"": 100, ""vsknn_popularity_weight"": 1.0, ""vsknn_sample_size"": 500}",success,,235.69,"{""vsknn_k"": 100, ""vsknn_popularity_weight"": 1.0, ""vsknn_sample_size"": 500}",,,,,,,,,,,,,1.0,
VS-KNN,globo_recbole_sample,cuda,1,2048,1024,107.18,224.69,0.0,200,100,0.079,0.1448,0.0384,0.0597,0.0252,0.034,"globo_recbole_sample::VS-KNN::{""vsknn_k"": 200, ""vsknn_popularity_weight"": 0.0, ""vsknn_sample_size"": 100}",success,,339.25,"{""vsknn_k"": 200, ""vsknn_popularity_weight"": 0.0, ""vsknn_sample_size"": 100}",,,,,,,,,,,,,0.0,
VS-KNN,globo_recbole_sample,cuda,1,2048,1024,127.15,268.11,0.0,200,100,0.0079,0.0248,0.0036,0.009,0.0023,0.0044,"globo_recbole_sample::VS-KNN::{""vsknn_k"": 200, ""vsknn_popularity_weight"": 0.5, ""vsknn_sample_size"": 100}",success,,402.51,"{""vsknn_k"": 200, ""vsknn_popularity_weight"": 0.5, ""vsknn_sample_size"": 100}",,,,,,,,,,,,,0.5,
VS-KNN,globo_recbole_sample,cuda,1,2048,1024,127.15,267.41,0.0,200,100,0.003,0.0084,0.0016,0.0033,0.0011,0.0018,"globo_recbole_sample::VS-KNN::{""vsknn_k"": 200, ""vsknn_popularity_weight"": 1.0, ""vsknn_sample_size"": 100}",success,,401.91,"{""vsknn_k"": 200, ""vsknn_popularity_weight"": 1.0, ""vsknn_sample_size"": 100}",,,,,,,,,,,,,1.0,
VS-KNN,globo_recbole_sample,cuda,1,2048,1024,117.92,248.39,0.0,200,250,0.106,0.1928,0.0511,0.079,0.0333,0.0448,"globo_recbole_sample::VS-KNN::{""vsknn_k"": 200, ""vsknn_popularity_weight"": 0.0, ""vsknn_sample_size"": 250}",success,,373.55,"{""vsknn_k"": 200, ""vsknn_popularity_weight"": 0.0, ""vsknn_sample_size"": 250}",,,,,,,,,,,,,0.0,
VS-KNN,globo_recbole_sample,cuda,1,2048,1024,141.41,299.48,0.0,200,250,0.0309,0.0717,0.0142,0.0272,0.0088,0.0141,"globo_recbole_sample::VS-KNN::{""vsknn_k"": 200, ""vsknn_popularity_weight"": 0.5, ""vsknn_sample_size"": 250}",success,,448.34,"{""vsknn_k"": 200, ""vsknn_popularity_weight"": 0.5, ""vsknn_sample_size"": 250}",,,,,,,,,,,,,0.5,
VS-KNN,globo_recbole_sample,cuda,1,2048,1024,141.18,298.25,0.0,200,250,0.004,0.0125,0.002,0.0047,0.0014,0.0025,"globo_recbole_sample::VS-KNN::{""vsknn_k"": 200, ""vsknn_popularity_weight"": 1.0, ""vsknn_sample_size"": 250}",success,,446.81,"{""vsknn_k"": 200, ""vsknn_popularity_weight"": 1.0, ""vsknn_sample_size"": 250}",,,,,,,,,,,,,1.0,
VS-KNN,globo_recbole_sample,cuda,1,2048,1024,94.84,199.67,0.0,200,500,0.1234,0.2261,0.0591,0.0922,0.0383,0.0519,"globo_recbole_sample::VS-KNN::{""vsknn_k"": 200, ""vsknn_popularity_weight"": 0.0, ""vsknn_sample_size"": 500}",success,,301.87,"{""vsknn_k"": 200, ""vsknn_popularity_weight"": 0.0, ""vsknn_sample_size"": 500}",,,,,,,,,,,,,0.0,
VS-KNN,globo_recbole_sample,cuda,1,2048,1024,111.28,234.09,0.0,200,500,0.0555,0.114,0.0259,0.0448,0.0164,0.0241,"globo_recbole_sample::VS-KNN::{""vsknn_k"": 200, ""vsknn_popularity_weight"": 0.5, ""vsknn_sample_size"": 500}",success,,352.73,"{""vsknn_k"": 200, ""vsknn_popularity_weight"": 0.5, ""vsknn_sample_size"": 500}",,,,,,,,,,,,,0.5,
VS-KNN,globo_recbole_sample,cuda,1,2048,1024,110.71,234.84,0.0,200,500,0.005,0.0199,0.0024,0.0071,0.0016,0.0035,"globo_recbole_sample::VS-KNN::{""vsknn_k"": 200, ""vsknn_popularity_weight"": 1.0, ""vsknn_sample_size"": 500}",success,,352.84,"{""vsknn_k"": 200, ""vsknn_popularity_weight"": 1.0, ""vsknn_sample_size"": 500}",,,,,,,,,,,,,1.0,
VS-KNN,globo_recbole_sample,cuda,1,2048,1024,106.58,224.25,0.0,500,100,0.079,0.1448,0.0384,0.0597,0.0252,0.034,"globo_recbole_sample::VS-KNN::{""vsknn_k"": 500, ""vsknn_popularity_weight"": 0.0, ""vsknn_sample_size"": 100}",success,,338.31,"{""vsknn_k"": 500, ""vsknn_popularity_weight"": 0.0, ""vsknn_sample_size"": 100}",,,,,,,,,,,,,0.0,
VS-KNN,globo_recbole_sample,cuda,1,2048,1024,127.03,267.96,0.0,500,100,0.0079,0.0248,0.0036,0.009,0.0023,0.0044,"globo_recbole_sample::VS-KNN::{""vsknn_k"": 500, ""vsknn_popularity_weight"": 0.5, ""vsknn_sample_size"": 100}",success,,402.37,"{""vsknn_k"": 500, ""vsknn_popularity_weight"": 0.5, ""vsknn_sample_size"": 100}",,,,,,,,,,,,,0.5,
VS-KNN,globo_recbole_sample,cuda,1,2048,1024,126.83,267.23,0.0,500,100,0.003,0.0084,0.0016,0.0033,0.0011,0.0018,"globo_recbole_sample::VS-KNN::{""vsknn_k"": 500, ""vsknn_popularity_weight"": 1.0, ""vsknn_sample_size"": 100}",success,,401.38,"{""vsknn_k"": 500, ""vsknn_popularity_weight"": 1.0, ""vsknn_sample_size"": 100}",,,,,,,,,,,,,1.0,
VS-KNN,globo_recbole_sample,cuda,1,2048,1024,193.05,413.1,0.0,500,250,0.1074,0.1958,0.0519,0.0803,0.034,0.0456,"globo_recbole_sample::VS-KNN::{""vsknn_k"": 500, ""vsknn_popularity_weight"": 0.0, ""vsknn_sample_size"": 250}",success,,613.49,"{""vsknn_k"": 500, ""vsknn_popularity_weight"": 0.0, ""vsknn_sample_size"": 250}",,,,,,,,,,,,,0.0,
VS-KNN,globo_recbole_sample,cuda,1,2048,1024,240.86,500.1,0.0,500,250,0.0179,0.0486,0.0081,0.0179,0.005,0.009,"globo_recbole_sample::VS-KNN::{""vsknn_k"": 500, ""vsknn_popularity_weight"": 0.5, ""vsknn_sample_size"": 250}",success,,748.23,"{""vsknn_k"": 500, ""vsknn_popularity_weight"": 0.5, ""vsknn_sample_size"": 250}",,,,,,,,,,,,,0.5,
VS-KNN,globo_recbole_sample,cuda,1,2048,1024,242.29,501.82,0.0,500,250,0.0028,0.0081,0.0015,0.0031,0.001,0.0017,"globo_recbole_sample::VS-KNN::{""vsknn_k"": 500, ""vsknn_popularity_weight"": 1.0, ""vsknn_sample_size"": 250}",success,,751.57,"{""vsknn_k"": 500, ""vsknn_popularity_weight"": 1.0, ""vsknn_sample_size"": 250}",,,,,,,,,,,,,1.0,
VS-KNN,globo_recbole_sample,cuda,1,2048,1024,313.45,669.35,0.0,500,500,0.1299,0.2375,0.0631,0.0977,0.0414,0.0555,"globo_recbole_sample::VS-KNN::{""vsknn_k"": 500, ""vsknn_popularity_weight"": 0.0, ""vsknn_sample_size"": 500}",success,,990.2,"{""vsknn_k"": 500, ""vsknn_popularity_weight"": 0.0, ""vsknn_sample_size"": 500}",,,,,,,,,,,,,0.0,
VS-KNN,globo_recbole_sample,cuda,1,2048,1024,382.93,820.99,0.0,500,500,0.0434,0.0961,0.0199,0.0368,0.0123,0.0193,"globo_recbole_sample::VS-KNN::{""vsknn_k"": 500, ""vsknn_popularity_weight"": 0.5, ""vsknn_sample_size"": 500}",success,,1211.28,"{""vsknn_k"": 500, ""vsknn_popularity_weight"": 0.5, ""vsknn_sample_size"": 500}",,,,,,,,,,,,,0.5,
VS-KNN,globo_recbole_sample,cuda,1,2048,1024,392.1,816.07,0.0,500,500,0.0027,0.008,0.0014,0.0031,0.001,0.0017,"globo_recbole_sample::VS-KNN::{""vsknn_k"": 500, ""vsknn_popularity_weight"": 1.0, ""vsknn_sample_size"": 500}",success,,1215.56,"{""vsknn_k"": 500, ""vsknn_popularity_weight"": 1.0, ""vsknn_sample_size"": 500}",,,,,,,,,,,,,1.0,
VSTAN,globo_recbole_sample,cuda,1,2048,1024,114.01,236.75,0.0,,,0.0648,0.1214,0.031,0.0492,0.0201,0.0276,"globo_recbole_sample::VSTAN::{""vstan_idf_weighting"": true, ""vstan_k"": 100, ""vstan_popularity_weight"": 0.0, ""vstan_position_decay"": 0.05, ""vstan_sample_size"": 100}",success,,358.0,"{""vstan_idf_weighting"": true, ""vstan_k"": 100, ""vstan_popularity_weight"": 0.0, ""vstan_position_decay"": 0.05, ""vstan_sample_size"": 100}",100,100,0.05,True,,,,,,,,,,0.0
VSTAN,globo_recbole_sample,cuda,1,2048,1024,134.02,281.94,0.0,,,0.0065,0.0178,0.0031,0.0066,0.002,0.0034,"globo_recbole_sample::VSTAN::{""vstan_idf_weighting"": true, ""vstan_k"": 100, ""vstan_popularity_weight"": 0.5, ""vstan_position_decay"": 0.05, ""vstan_sample_size"": 100}",success,,423.18,"{""vstan_idf_weighting"": true, ""vstan_k"": 100, ""vstan_popularity_weight"": 0.5, ""vstan_position_decay"": 0.05, ""vstan_sample_size"": 100}",100,100,0.05,True,,,,,,,,,,0.5
VSTAN,globo_recbole_sample,cuda,1,2048,1024,133.84,281.15,0.0,,,0.0032,0.0084,0.0017,0.0034,0.0012,0.0019,"globo_recbole_sample::VSTAN::{""vstan_idf_weighting"": true, ""vstan_k"": 100, ""vstan_popularity_weight"": 1.0, ""vstan_position_decay"": 0.05, ""vstan_sample_size"": 100}",success,,422.12,"{""vstan_idf_weighting"": true, ""vstan_k"": 100, ""vstan_popularity_weight"": 1.0, ""vstan_position_decay"": 0.05, ""vstan_sample_size"": 100}",100,100,0.05,True,,,,,,,,,,1.0
VSTAN,globo_recbole_sample,cuda,1,2048,1024,111.75,235.44,0.0,,,0.0782,0.1457,0.0379,0.0597,0.0248,0.0338,"globo_recbole_sample::VSTAN::{""vstan_idf_weighting"": false, ""vstan_k"": 100, ""vstan_popularity_weight"": 0.0, ""vstan_position_decay"": 0.05, ""vstan_sample_size"": 100}",success,,354.35,"{""vstan_idf_weighting"": false, ""vstan_k"": 100, ""vstan_popularity_weight"": 0.0, ""vstan_position_decay"": 0.05, ""vstan_sample_size"": 100}",100,100,0.05,False,,,,,,,,,,0.0
VSTAN,globo_recbole_sample,cuda,1,2048,1024,132.06,277.39,0.0,,,0.0086,0.0253,0.004,0.0093,0.0025,0.0046,"globo_recbole_sample::VSTAN::{""vstan_idf_weighting"": false, ""vstan_k"": 100, ""vstan_popularity_weight"": 0.5, ""vstan_position_decay"": 0.05, ""vstan_sample_size"": 100}",success,,416.75,"{""vstan_idf_weighting"": false, ""vstan_k"": 100, ""vstan_popularity_weight"": 0.5, ""vstan_position_decay"": 0.05, ""vstan_sample_size"": 100}",100,100,0.05,False,,,,,,,,,,0.5
VSTAN,globo_recbole_sample,cuda,1,2048,1024,131.77,277.7,0.0,,,0.0032,0.0084,0.0016,0.0033,0.0011,0.0018,"globo_recbole_sample::VSTAN::{""vstan_idf_weighting"": false, ""vstan_k"": 100, ""vstan_popularity_weight"": 1.0, ""vstan_position_decay"": 0.05, ""vstan_sample_size"": 100}",success,,416.67,"{""vstan_idf_weighting"": false, ""vstan_k"": 100, ""vstan_popularity_weight"": 1.0, ""vstan_position_decay"": 0.05, ""vstan_sample_size"": 100}",100,100,0.05,False,,,,,,,,,,1.0
VSTAN,globo_recbole_sample,cuda,1,2048,1024,112.5,236.1,0.0,,,0.0647,0.1223,0.0309,0.0494,0.02,0.0276,"globo_recbole_sample::VSTAN::{""vstan_idf_weighting"": true, ""vstan_k"": 100, ""vstan_popularity_weight"": 0.0, ""vstan_position_decay"": 0.1, ""vstan_sample_size"": 100}",success,,355.81,"{""vstan_idf_weighting"": true, ""vstan_k"": 100, ""vstan_popularity_weight"": 0.0, ""vstan_position_decay"": 0.1, ""vstan_sample_size"": 100}",100,100,0.1,True,,,,,,,,,,0.0
VSTAN,globo_recbole_sample,cuda,1,2048,1024,133.73,281.09,0.0,,,0.0068,0.0184,0.0032,0.0069,0.0021,0.0035,"globo_recbole_sample::VSTAN::{""vstan_idf_weighting"": true, ""vstan_k"": 100, ""vstan_popularity_weight"": 0.5, ""vstan_position_decay"": 0.1, ""vstan_sample_size"": 100}",success,,422.04,"{""vstan_idf_weighting"": true, ""vstan_k"": 100, ""vstan_popularity_weight"": 0.5, ""vstan_position_decay"": 0.1, ""vstan_sample_size"": 100}",100,100,0.1,True,,,,,,,,,,0.5
VSTAN,globo_recbole_sample,cuda,1,2048,1024,133.58,281.41,0.0,,,0.0034,0.0088,0.0018,0.0035,0.0012,0.002,"globo_recbole_sample::VSTAN::{""vstan_idf_weighting"": true, ""vstan_k"": 100, ""vstan_popularity_weight"": 1.0, ""vstan_position_decay"": 0.1, ""vstan_sample_size"": 100}",success,,422.16,"{""vstan_idf_weighting"": true, ""vstan_k"": 100, ""vstan_popularity_weight"": 1.0, ""vstan_position_decay"": 0.1, ""vstan_sample_size"": 100}",100,100,0.1,True,,,,,,,,,,1.0
VSTAN,globo_recbole_sample,cuda,1,2048,1024,111.12,233.18,0.0,,,0.0757,0.1444,0.0367,0.0588,0.024,0.0331,"globo_recbole_sample::VSTAN::{""vstan_idf_weighting"": false, ""vstan_k"": 100, ""vstan_popularity_weight"": 0.0, ""vstan_position_decay"": 0.1, ""vstan_sample_size"": 100}",success,,351.53,"{""vstan_idf_weighting"": false, ""vstan_k"": 100, ""vstan_popularity_weight"": 0.0, ""vstan_position_decay"": 0.1, ""vstan_sample_size"": 100}",100,100,0.1,False,,,,,,,,,,0.0
VSTAN,globo_recbole_sample,cuda,1,2048,1024,131.77,277.53,0.0,,,0.0091,0.0267,0.0042,0.0098,0.0026,0.0049,"globo_recbole_sample::VSTAN::{""vstan_idf_weighting"": false, ""vstan_k"": 100, ""vstan_popularity_weight"": 0.5, ""vstan_position_decay"": 0.1, ""vstan_sample_size"": 100}",success,,416.51,"{""vstan_idf_weighting"": false, ""vstan_k"": 100, ""vstan_popularity_weight"": 0.5, ""vstan_position_decay"": 0.1, ""vstan_sample_size"": 100}",100,100,0.1,False,,,,,,,,,,0.5
VSTAN,globo_recbole_sample,cuda,1,2048,1024,134.69,278.7,0.0,,,0.0033,0.0087,0.0017,0.0034,0.0012,0.0019,"globo_recbole_sample::VSTAN::{""vstan_idf_weighting"": false, ""vstan_k"": 100, ""vstan_popularity_weight"": 1.0, ""vstan_position_decay"": 0.1, ""vstan_sample_size"": 100}",success,,420.6,"{""vstan_idf_weighting"": false, ""vstan_k"": 100, ""vstan_popularity_weight"": 1.0, ""vstan_position_decay"": 0.1, ""vstan_sample_size"": 100}",100,100,0.1,False,,,,,,,,,,1.0
VSTAN,globo_recbole_sample,cuda,1,2048,1024,113.42,235.91,0.0,,,0.0654,0.1205,0.0312,0.0489,0.0202,0.0274,"globo_recbole_sample::VSTAN::{""vstan_idf_weighting"": true, ""vstan_k"": 100, ""vstan_popularity_weight"": 0.0, ""vstan_position_decay"": 0.2, ""vstan_sample_size"": 100}",success,,356.52,"{""vstan_idf_weighting"": true, ""vstan_k"": 100, ""vstan_popularity_weight"": 0.0, ""vstan_position_decay"": 0.2, ""vstan_sample_size"": 100}",100,100,0.2,True,,,,,,,,,,0.0
VSTAN,globo_recbole_sample,cuda,1,2048,1024,133.33,280.36,0.0,,,0.0077,0.0199,0.0037,0.0075,0.0024,0.0039,"globo_recbole_sample::VSTAN::{""vstan_idf_weighting"": true, ""vstan_k"": 100, ""vstan_popularity_weight"": 0.5, ""vstan_position_decay"": 0.2, ""vstan_sample_size"": 100}",success,,420.97,"{""vstan_idf_weighting"": true, ""vstan_k"": 100, ""vstan_popularity_weight"": 0.5, ""vstan_position_decay"": 0.2, ""vstan_sample_size"": 100}",100,100,0.2,True,,,,,,,,,,0.5
VSTAN,globo_recbole_sample,cuda,1,2048,1024,133.23,282.73,0.0,,,0.0037,0.0092,0.002,0.0037,0.0014,0.0021,"globo_recbole_sample::VSTAN::{""vstan_idf_weighting"": true, ""vstan_k"": 100, ""vstan_popularity_weight"": 1.0, ""vstan_position_decay"": 0.2, ""vstan_sample_size"": 100}",success,,423.17,"{""vstan_idf_weighting"": true, ""vstan_k"": 100, ""vstan_popularity_weight"": 1.0, ""vstan_position_decay"": 0.2, ""vstan_sample_size"": 100}",100,100,0.2,True,,,,,,,,,,1.0
VSTAN,globo_recbole_sample,cuda,1,2048,1024,110.91,233.06,0.0,,,0.0744,0.1418,0.0359,0.0577,0.0234,0.0324,"globo_recbole_sample::VSTAN::{""vstan_idf_weighting"": false, ""vstan_k"": 100, ""vstan_popularity_weight"": 0.0, ""vstan_position_decay"": 0.2, ""vstan_sample_size"": 100}",success,,351.14,"{""vstan_idf_weighting"": false, ""vstan_k"": 100, ""vstan_popularity_weight"": 0.0, ""vstan_position_decay"": 0.2, ""vstan_sample_size"": 100}",100,100,0.2,False,,,,,,,,,,0.0
VSTAN,globo_recbole_sample,cuda,1,2048,1024,131.85,283.88,0.0,,,0.0102,0.029,0.0047,0.0108,0.003,0.0054,"globo_recbole_sample::VSTAN::{""vstan_idf_weighting"": false, ""vstan_k"": 100, ""vstan_popularity_weight"": 0.5, ""vstan_position_decay"": 0.2, ""vstan_sample_size"": 100}",success,,422.96,"{""vstan_idf_weighting"": false, ""vstan_k"": 100, ""vstan_popularity_weight"": 0.5, ""vstan_position_decay"": 0.2, ""vstan_sample_size"": 100}",100,100,0.2,False,,,,,,,,,,0.5
VSTAN,globo_recbole_sample,cuda,1,2048,1024,131.63,278.6,0.0,,,0.0035,0.0092,0.0018,0.0036,0.0012,0.002,"globo_recbole_sample::VSTAN::{""vstan_idf_weighting"": false, ""vstan_k"": 100, ""vstan_popularity_weight"": 1.0, ""vstan_position_decay"": 0.2, ""vstan_sample_size"": 100}",success,,417.41,"{""vstan_idf_weighting"": false, ""vstan_k"": 100, ""vstan_popularity_weight"": 1.0, ""vstan_position_decay"": 0.2, ""vstan_sample_size"": 100}",100,100,0.2,False,,,,,,,,,,1.0
VSTAN,globo_recbole_sample,cuda,1,2048,1024,67.49,139.65,0.0,,,0.0886,0.1662,0.0419,0.0669,0.0268,0.0371,"globo_recbole_sample::VSTAN::{""vstan_idf_weighting"": true, ""vstan_k"": 100, ""vstan_popularity_weight"": 0.0, ""vstan_position_decay"": 0.05, ""vstan_sample_size"": 250}",success,,214.67,"{""vstan_idf_weighting"": true, ""vstan_k"": 100, ""vstan_popularity_weight"": 0.0, ""vstan_position_decay"": 0.05, ""vstan_sample_size"": 250}",100,250,0.05,True,,,,,,,,,,0.0
VSTAN,globo_recbole_sample,cuda,1,2048,1024,75.85,158.4,0.0,,,0.0151,0.05,0.0069,0.0179,0.0042,0.0087,"globo_recbole_sample::VSTAN::{""vstan_idf_weighting"": true, ""vstan_k"": 100, ""vstan_popularity_weight"": 0.5, ""vstan_position_decay"": 0.05, ""vstan_sample_size"": 250}",success,,241.69,"{""vstan_idf_weighting"": true, ""vstan_k"": 100, ""vstan_popularity_weight"": 0.5, ""vstan_position_decay"": 0.05, ""vstan_sample_size"": 250}",100,250,0.05,True,,,,,,,,,,0.5
VSTAN,globo_recbole_sample,cuda,1,2048,1024,75.39,157.86,0.0,,,0.0063,0.0209,0.0032,0.0078,0.0022,0.0041,"globo_recbole_sample::VSTAN::{""vstan_idf_weighting"": true, ""vstan_k"": 100, ""vstan_popularity_weight"": 1.0, ""vstan_position_decay"": 0.05, ""vstan_sample_size"": 250}",success,,240.59,"{""vstan_idf_weighting"": true, ""vstan_k"": 100, ""vstan_popularity_weight"": 1.0, ""vstan_position_decay"": 0.05, ""vstan_sample_size"": 250}",100,250,0.05,True,,,,,,,,,,1.0
VSTAN,globo_recbole_sample,cuda,1,2048,1024,64.38,135.32,0.0,,,0.102,0.1849,0.0495,0.0762,0.0325,0.0434,"globo_recbole_sample::VSTAN::{""vstan_idf_weighting"": false, ""vstan_k"": 100, ""vstan_popularity_weight"": 0.0, ""vstan_position_decay"": 0.05, ""vstan_sample_size"": 250}",success,,207.16,"{""vstan_idf_weighting"": false, ""vstan_k"": 100, ""vstan_popularity_weight"": 0.0, ""vstan_position_decay"": 0.05, ""vstan_sample_size"": 250}",100,250,0.05,False,,,,,,,,,,0.0
VSTAN,globo_recbole_sample,cuda,1,2048,1024,73.02,153.36,0.0,,,0.031,0.0774,0.0143,0.0292,0.0089,0.015,"globo_recbole_sample::VSTAN::{""vstan_idf_weighting"": false, ""vstan_k"": 100, ""vstan_popularity_weight"": 0.5, ""vstan_position_decay"": 0.05, ""vstan_sample_size"": 250}",success,,233.92,"{""vstan_idf_weighting"": false, ""vstan_k"": 100, ""vstan_popularity_weight"": 0.5, ""vstan_position_decay"": 0.05, ""vstan_sample_size"": 250}",100,250,0.05,False,,,,,,,,,,0.5
VSTAN,globo_recbole_sample,cuda,1,2048,1024,73.26,153.21,0.0,,,0.0067,0.0239,0.0033,0.0087,0.0022,0.0044,"globo_recbole_sample::VSTAN::{""vstan_idf_weighting"": false, ""vstan_k"": 100, ""vstan_popularity_weight"": 1.0, ""vstan_position_decay"": 0.05, ""vstan_sample_size"": 250}",success,,233.91,"{""vstan_idf_weighting"": false, ""vstan_k"": 100, ""vstan_popularity_weight"": 1.0, ""vstan_position_decay"": 0.05, ""vstan_sample_size"": 250}",100,250,0.05,False,,,,,,,,,,1.0
VSTAN,globo_recbole_sample,cuda,1,2048,1024,67.75,140.75,0.0,,,0.0917,0.1686,0.0434,0.0682,0.0278,0.038,"globo_recbole_sample::VSTAN::{""vstan_idf_weighting"": true, ""vstan_k"": 100, ""vstan_popularity_weight"": 0.0, ""vstan_position_decay"": 0.1, ""vstan_sample_size"": 250}",success,,215.7,"{""vstan_idf_weighting"": true, ""vstan_k"": 100, ""vstan_popularity_weight"": 0.0, ""vstan_position_decay"": 0.1, ""vstan_sample_size"": 250}",100,250,0.1,True,,,,,,,,,,0.0
VSTAN,globo_recbole_sample,cuda,1,2048,1024,76.92,159.55,0.0,,,0.0164,0.0508,0.0074,0.0184,0.0046,0.009,"globo_recbole_sample::VSTAN::{""vstan_idf_weighting"": true, ""vstan_k"": 100, ""vstan_popularity_weight"": 0.5, ""vstan_position_decay"": 0.1, ""vstan_sample_size"": 250}",success,,243.64,"{""vstan_idf_weighting"": true, ""vstan_k"": 100, ""vstan_popularity_weight"": 0.5, ""vstan_position_decay"": 0.1, ""vstan_sample_size"": 250}",100,250,0.1,True,,,,,,,,,,0.5
VSTAN,globo_recbole_sample,cuda,1,2048,1024,76.63,159.46,0.0,,,0.0067,0.0213,0.0034,0.008,0.0023,0.0042,"globo_recbole_sample::VSTAN::{""vstan_idf_weighting"": true, ""vstan_k"": 100, ""vstan_popularity_weight"": 1.0, ""vstan_position_decay"": 0.1, ""vstan_sample_size"": 250}",success,,243.26,"{""vstan_idf_weighting"": true, ""vstan_k"": 100, ""vstan_popularity_weight"": 1.0, ""vstan_position_decay"": 0.1, ""vstan_sample_size"": 250}",100,250,0.1,True,,,,,,,,,,1.0
VSTAN,globo_recbole_sample,cuda,1,2048,1024,65.34,135.72,0.0,,,0.1027,0.1863,0.0499,0.0768,0.0327,0.0438,"globo_recbole_sample::VSTAN::{""vstan_idf_weighting"": false, ""vstan_k"": 100, ""vstan_popularity_weight"": 0.0, ""vstan_position_decay"": 0.1, ""vstan_sample_size"": 250}",success,,208.26,"{""vstan_idf_weighting"": false, ""vstan_k"": 100, ""vstan_popularity_weight"": 0.0, ""vstan_position_decay"": 0.1, ""vstan_sample_size"": 250}",100,250,0.1,False,,,,,,,,,,0.0
VSTAN,globo_recbole_sample,cuda,1,2048,1024,73.94,154.0,0.0,,,0.0316,0.0774,0.0144,0.0291,0.0089,0.0149,"globo_recbole_sample::VSTAN::{""vstan_idf_weighting"": false, ""vstan_k"": 100, ""vstan_popularity_weight"": 0.5, ""vstan_position_decay"": 0.1, ""vstan_sample_size"": 250}",success,,235.15,"{""vstan_idf_weighting"": false, ""vstan_k"": 100, ""vstan_popularity_weight"": 0.5, ""vstan_position_decay"": 0.1, ""vstan_sample_size"": 250}",100,250,0.1,False,,,,,,,,,,0.5
VSTAN,globo_recbole_sample,cuda,1,2048,1024,73.9,153.92,0.0,,,0.0068,0.0241,0.0033,0.0088,0.0022,0.0044,"globo_recbole_sample::VSTAN::{""vstan_idf_weighting"": false, ""vstan_k"": 100, ""vstan_popularity_weight"": 1.0, ""vstan_position_decay"": 0.1, ""vstan_sample_size"": 250}",success,,235.07,"{""vstan_idf_weighting"": false, ""vstan_k"": 100, ""vstan_popularity_weight"": 1.0, ""vstan_position_decay"": 0.1, ""vstan_sample_size"": 250}",100,250,0.1,False,,,,,,,,,,1.0
VSTAN,globo_recbole_sample,cuda,1,2048,1024,69.79,144.1,0.0,,,0.0956,0.1712,0.0458,0.0702,0.0296,0.0397,"globo_recbole_sample::VSTAN::{""vstan_idf_weighting"": true, ""vstan_k"": 100, ""vstan_popularity_weight"": 0.0, ""vstan_position_decay"": 0.2, ""vstan_sample_size"": 250}",success,,221.1,"{""vstan_idf_weighting"": true, ""vstan_k"": 100, ""vstan_popularity_weight"": 0.0, ""vstan_position_decay"": 0.2, ""vstan_sample_size"": 250}",100,250,0.2,True,,,,,,,,,,0.0
VSTAN,globo_recbole_sample,cuda,1,2048,1024,79.06,164.21,0.0,,,0.0181,0.0524,0.0083,0.0192,0.0051,0.0096,"globo_recbole_sample::VSTAN::{""vstan_idf_weighting"": true, ""vstan_k"": 100, ""vstan_popularity_weight"": 0.5, ""vstan_position_decay"": 0.2, ""vstan_sample_size"": 250}",success,,250.49,"{""vstan_idf_weighting"": true, ""vstan_k"": 100, ""vstan_popularity_weight"": 0.5, ""vstan_position_decay"": 0.2, ""vstan_sample_size"": 250}",100,250,0.2,True,,,,,,,,,,0.5
VSTAN,globo_recbole_sample,cuda,1,2048,1024,79.09,163.77,0.0,,,0.0069,0.022,0.0035,0.0083,0.0024,0.0043,"globo_recbole_sample::VSTAN::{""vstan_idf_weighting"": true, ""vstan_k"": 100, ""vstan_popularity_weight"": 1.0, ""vstan_position_decay"": 0.2, ""vstan_sample_size"": 250}",success,,250.08,"{""vstan_idf_weighting"": true, ""vstan_k"": 100, ""vstan_popularity_weight"": 1.0, ""vstan_position_decay"": 0.2, ""vstan_sample_size"": 250}",100,250,0.2,True,,,,,,,,,,1.0
VSTAN,globo_recbole_sample,cuda,1,2048,1024,66.78,138.8,0.0,,,0.1038,0.1874,0.0504,0.0774,0.0331,0.0441,"globo_recbole_sample::VSTAN::{""vstan_idf_weighting"": false, ""vstan_k"": 100, ""vstan_popularity_weight"": 0.0, ""vstan_position_decay"": 0.2, ""vstan_sample_size"": 250}",success,,212.78,"{""vstan_idf_weighting"": false, ""vstan_k"": 100, ""vstan_popularity_weight"": 0.0, ""vstan_position_decay"": 0.2, ""vstan_sample_size"": 250}",100,250,0.2,False,,,,,,,,,,0.0
VSTAN,globo_recbole_sample,cuda,1,2048,1024,75.86,157.47,0.0,,,0.0327,0.0779,0.0149,0.0294,0.0093,0.0151,"globo_recbole_sample::VSTAN::{""vstan_idf_weighting"": false, ""vstan_k"": 100, ""vstan_popularity_weight"": 0.5, ""vstan_position_decay"": 0.2, ""vstan_sample_size"": 250}",success,,240.57,"{""vstan_idf_weighting"": false, ""vstan_k"": 100, ""vstan_popularity_weight"": 0.5, ""vstan_position_decay"": 0.2, ""vstan_sample_size"": 250}",100,250,0.2,False,,,,,,,,,,0.5
VSTAN,globo_recbole_sample,cuda,1,2048,1024,75.62,157.14,0.0,,,0.0073,0.0247,0.0035,0.009,0.0023,0.0045,"globo_recbole_sample::VSTAN::{""vstan_idf_weighting"": false, ""vstan_k"": 100, ""vstan_popularity_weight"": 1.0, ""vstan_position_decay"": 0.2, ""vstan_sample_size"": 250}",success,,239.96,"{""vstan_idf_weighting"": false, ""vstan_k"": 100, ""vstan_popularity_weight"": 1.0, ""vstan_position_decay"": 0.2, ""vstan_sample_size"": 250}",100,250,0.2,False,,,,,,,,,,1.0
VSTAN,globo_recbole_sample,cuda,1,2048,1024,72.7,151.72,0.0,,,0.1121,0.2041,0.0529,0.0827,0.0338,0.0461,"globo_recbole_sample::VSTAN::{""vstan_idf_weighting"": true, ""vstan_k"": 100, ""vstan_popularity_weight"": 0.0, ""vstan_position_decay"": 0.05, ""vstan_sample_size"": 500}",success,,231.63,"{""vstan_idf_weighting"": true, ""vstan_k"": 100, ""vstan_popularity_weight"": 0.0, ""vstan_position_decay"": 0.05, ""vstan_sample_size"": 500}",100,500,0.05,True,,,,,,,,,,0.0
VSTAN,globo_recbole_sample,cuda,1,2048,1024,82.36,171.43,0.0,,,0.0235,0.0708,0.0107,0.0258,0.0066,0.0127,"globo_recbole_sample::VSTAN::{""vstan_idf_weighting"": true, ""vstan_k"": 100, ""vstan_popularity_weight"": 0.5, ""vstan_position_decay"": 0.05, ""vstan_sample_size"": 500}",success,,261.02,"{""vstan_idf_weighting"": true, ""vstan_k"": 100, ""vstan_popularity_weight"": 0.5, ""vstan_position_decay"": 0.05, ""vstan_sample_size"": 500}",100,500,0.05,True,,,,,,,,,,0.5
VSTAN,globo_recbole_sample,cuda,1,2048,1024,82.35,171.28,0.0,,,0.008,0.03,0.004,0.0109,0.0027,0.0055,"globo_recbole_sample::VSTAN::{""vstan_idf_weighting"": true, ""vstan_k"": 100, ""vstan_popularity_weight"": 1.0, ""vstan_position_decay"": 0.05, ""vstan_sample_size"": 500}",success,,260.84,"{""vstan_idf_weighting"": true, ""vstan_k"": 100, ""vstan_popularity_weight"": 1.0, ""vstan_position_decay"": 0.05, ""vstan_sample_size"": 500}",100,500,0.05,True,,,,,,,,,,1.0
VSTAN,globo_recbole_sample,cuda,1,2048,1024,70.0,146.41,0.0,,,0.1299,0.2274,0.0629,0.0944,0.0412,0.0542,"globo_recbole_sample::VSTAN::{""vstan_idf_weighting"": false, ""vstan_k"": 100, ""vstan_popularity_weight"": 0.0, ""vstan_position_decay"": 0.05, ""vstan_sample_size"": 500}",success,,223.67,"{""vstan_idf_weighting"": false, ""vstan_k"": 100, ""vstan_popularity_weight"": 0.0, ""vstan_position_decay"": 0.05, ""vstan_sample_size"": 500}",100,500,0.05,False,,,,,,,,,,0.0
VSTAN,globo_recbole_sample,cuda,1,2048,1024,79.41,164.96,0.0,,,0.0441,0.1096,0.0203,0.0413,0.0127,0.0212,"globo_recbole_sample::VSTAN::{""vstan_idf_weighting"": false, ""vstan_k"": 100, ""vstan_popularity_weight"": 0.5, ""vstan_position_decay"": 0.05, ""vstan_sample_size"": 500}",success,,251.61,"{""vstan_idf_weighting"": false, ""vstan_k"": 100, ""vstan_popularity_weight"": 0.5, ""vstan_position_decay"": 0.05, ""vstan_sample_size"": 500}",100,500,0.05,False,,,,,,,,,,0.5
VSTAN,globo_recbole_sample,cuda,1,2048,1024,79.22,165.97,0.0,,,0.0088,0.0356,0.0042,0.0127,0.0027,0.0061,"globo_recbole_sample::VSTAN::{""vstan_idf_weighting"": false, ""vstan_k"": 100, ""vstan_popularity_weight"": 1.0, ""vstan_position_decay"": 0.05, ""vstan_sample_size"": 500}",success,,252.41,"{""vstan_idf_weighting"": false, ""vstan_k"": 100, ""vstan_popularity_weight"": 1.0, ""vstan_position_decay"": 0.05, ""vstan_sample_size"": 500}",100,500,0.05,False,,,,,,,,,,1.0
VSTAN,globo_recbole_sample,cuda,1,2048,1024,73.33,152.6,0.0,,,0.1175,0.208,0.0555,0.0848,0.0356,0.0476,"globo_recbole_sample::VSTAN::{""vstan_idf_weighting"": true, ""vstan_k"": 100, ""vstan_popularity_weight"": 0.0, ""vstan_position_decay"": 0.1, ""vstan_sample_size"": 500}",success,,233.15,"{""vstan_idf_weighting"": true, ""vstan_k"": 100, ""vstan_popularity_weight"": 0.0, ""vstan_position_decay"": 0.1, ""vstan_sample_size"": 500}",100,500,0.1,True,,,,,,,,,,0.0
VSTAN,globo_recbole_sample,cuda,1,2048,1024,82.84,172.46,0.0,,,0.0253,0.0719,0.0115,0.0263,0.0071,0.0131,"globo_recbole_sample::VSTAN::{""vstan_idf_weighting"": true, ""vstan_k"": 100, ""vstan_popularity_weight"": 0.5, ""vstan_position_decay"": 0.1, ""vstan_sample_size"": 500}",success,,262.53,"{""vstan_idf_weighting"": true, ""vstan_k"": 100, ""vstan_popularity_weight"": 0.5, ""vstan_position_decay"": 0.1, ""vstan_sample_size"": 500}",100,500,0.1,True,,,,,,,,,,0.5
VSTAN,globo_recbole_sample,cuda,1,2048,1024,82.66,172.41,0.0,,,0.0085,0.0308,0.0042,0.0113,0.0029,0.0057,"globo_recbole_sample::VSTAN::{""vstan_idf_weighting"": true, ""vstan_k"": 100, ""vstan_popularity_weight"": 1.0, ""vstan_position_decay"": 0.1, ""vstan_sample_size"": 500}",success,,262.26,"{""vstan_idf_weighting"": true, ""vstan_k"": 100, ""vstan_popularity_weight"": 1.0, ""vstan_position_decay"": 0.1, ""vstan_sample_size"": 500}",100,500,0.1,True,,,,,,,,,,1.0
VSTAN,globo_recbole_sample,cuda,1,2048,1024,70.15,146.02,0.0,,,0.1314,0.2286,0.0637,0.0951,0.0417,0.0546,"globo_recbole_sample::VSTAN::{""vstan_idf_weighting"": false, ""vstan_k"": 100, ""vstan_popularity_weight"": 0.0, ""vstan_position_decay"": 0.1, ""vstan_sample_size"": 500}",success,,223.35,"{""vstan_idf_weighting"": false, ""vstan_k"": 100, ""vstan_popularity_weight"": 0.0, ""vstan_position_decay"": 0.1, ""vstan_sample_size"": 500}",100,500,0.1,False,,,,,,,,,,0.0
VSTAN,globo_recbole_sample,cuda,1,2048,1024,79.08,167.53,0.0,,,0.0447,0.11,0.0207,0.0416,0.013,0.0215,"globo_recbole_sample::VSTAN::{""vstan_idf_weighting"": false, ""vstan_k"": 100, ""vstan_popularity_weight"": 0.5, ""vstan_position_decay"": 0.1, ""vstan_sample_size"": 500}",success,,253.86,"{""vstan_idf_weighting"": false, ""vstan_k"": 100, ""vstan_popularity_weight"": 0.5, ""vstan_position_decay"": 0.1, ""vstan_sample_size"": 500}",100,500,0.1,False,,,,,,,,,,0.5
VSTAN,globo_recbole_sample,cuda,1,2048,1024,79.01,165.02,0.0,,,0.0091,0.0362,0.0043,0.0129,0.0028,0.0062,"globo_recbole_sample::VSTAN::{""vstan_idf_weighting"": false, ""vstan_k"": 100, ""vstan_popularity_weight"": 1.0, ""vstan_position_decay"": 0.1, ""vstan_sample_size"": 500}",success,,251.29,"{""vstan_idf_weighting"": false, ""vstan_k"": 100, ""vstan_popularity_weight"": 1.0, ""vstan_position_decay"": 0.1, ""vstan_sample_size"": 500}",100,500,0.1,False,,,,,,,,,,1.0
VSTAN,globo_recbole_sample,cuda,1,2048,1024,74.2,153.95,0.0,,,0.123,0.2151,0.0589,0.0887,0.0382,0.0505,"globo_recbole_sample::VSTAN::{""vstan_idf_weighting"": true, ""vstan_k"": 100, ""vstan_popularity_weight"": 0.0, ""vstan_position_decay"": 0.2, ""vstan_sample_size"": 500}",success,,235.38,"{""vstan_idf_weighting"": true, ""vstan_k"": 100, ""vstan_popularity_weight"": 0.0, ""vstan_position_decay"": 0.2, ""vstan_sample_size"": 500}",100,500,0.2,True,,,,,,,,,,0.0
VSTAN,globo_recbole_sample,cuda,1,2048,1024,83.85,174.23,0.0,,,0.028,0.0756,0.0128,0.028,0.008,0.0141,"globo_recbole_sample::VSTAN::{""vstan_idf_weighting"": true, ""vstan_k"": 100, ""vstan_popularity_weight"": 0.5, ""vstan_position_decay"": 0.2, ""vstan_sample_size"": 500}",success,,265.3,"{""vstan_idf_weighting"": true, ""vstan_k"": 100, ""vstan_popularity_weight"": 0.5, ""vstan_position_decay"": 0.2, ""vstan_sample_size"": 500}",100,500,0.2,True,,,,,,,,,,0.5
VSTAN,globo_recbole_sample,cuda,1,2048,1024,83.82,174.08,0.0,,,0.0092,0.0321,0.0046,0.0118,0.0031,0.006,"globo_recbole_sample::VSTAN::{""vstan_idf_weighting"": true, ""vstan_k"": 100, ""vstan_popularity_weight"": 1.0, ""vstan_position_decay"": 0.2, ""vstan_sample_size"": 500}",success,,265.15,"{""vstan_idf_weighting"": true, ""vstan_k"": 100, ""vstan_popularity_weight"": 1.0, ""vstan_position_decay"": 0.2, ""vstan_sample_size"": 500}",100,500,0.2,True,,,,,,,,,,1.0
VSTAN,globo_recbole_sample,cuda,1,2048,1024,70.52,146.66,0.0,,,0.1339,0.2304,0.065,0.0961,0.0426,0.0555,"globo_recbole_sample::VSTAN::{""vstan_idf_weighting"": false, ""vstan_k"": 100, ""vstan_popularity_weight"": 0.0, ""vstan_position_decay"": 0.2, ""vstan_sample_size"": 500}",success,,224.38,"{""vstan_idf_weighting"": false, ""vstan_k"": 100, ""vstan_popularity_weight"": 0.0, ""vstan_position_decay"": 0.2, ""vstan_sample_size"": 500}",100,500,0.2,False,,,,,,,,,,0.0
VSTAN,globo_recbole_sample,cuda,1,2048,1024,79.76,165.9,0.0,,,0.0474,0.1109,0.0219,0.0423,0.0138,0.022,"globo_recbole_sample::VSTAN::{""vstan_idf_weighting"": false, ""vstan_k"": 100, ""vstan_popularity_weight"": 0.5, ""vstan_position_decay"": 0.2, ""vstan_sample_size"": 500}",success,,252.91,"{""vstan_idf_weighting"": false, ""vstan_k"": 100, ""vstan_popularity_weight"": 0.5, ""vstan_position_decay"": 0.2, ""vstan_sample_size"": 500}",100,500,0.2,False,,,,,,,,,,0.5
VSTAN,globo_recbole_sample,cuda,1,2048,1024,79.57,165.66,0.0,,,0.0098,0.0377,0.0046,0.0135,0.003,0.0065,"globo_recbole_sample::VSTAN::{""vstan_idf_weighting"": false, ""vstan_k"": 100, ""vstan_popularity_weight"": 1.0, ""vstan_position_decay"": 0.2, ""vstan_sample_size"": 500}",success,,252.5,"{""vstan_idf_weighting"": false, ""vstan_k"": 100, ""vstan_popularity_weight"": 1.0, ""vstan_position_decay"": 0.2, ""vstan_sample_size"": 500}",100,500,0.2,False,,,,,,,,,,1.0
VSTAN,globo_recbole_sample,cuda,1,2048,1024,112.54,236.41,0.0,,,0.0648,0.1214,0.031,0.0492,0.0201,0.0276,"globo_recbole_sample::VSTAN::{""vstan_idf_weighting"": true, ""vstan_k"": 200, ""vstan_popularity_weight"": 0.0, ""vstan_position_decay"": 0.05, ""vstan_sample_size"": 100}",success,,356.17,"{""vstan_idf_weighting"": true, ""vstan_k"": 200, ""vstan_popularity_weight"": 0.0, ""vstan_position_decay"": 0.05, ""vstan_sample_size"": 100}",200,100,0.05,True,,,,,,,,,,0.0
VSTAN,globo_recbole_sample,cuda,1,2048,1024,133.88,287.84,0.0,,,0.0065,0.0178,0.0031,0.0066,0.002,0.0034,"globo_recbole_sample::VSTAN::{""vstan_idf_weighting"": true, ""vstan_k"": 200, ""vstan_popularity_weight"": 0.5, ""vstan_position_decay"": 0.05, ""vstan_sample_size"": 100}",success,,428.95,"{""vstan_idf_weighting"": true, ""vstan_k"": 200, ""vstan_popularity_weight"": 0.5, ""vstan_position_decay"": 0.05, ""vstan_sample_size"": 100}",200,100,0.05,True,,,,,,,,,,0.5
VSTAN,globo_recbole_sample,cuda,1,2048,1024,137.37,292.81,0.0,,,0.0032,0.0084,0.0017,0.0034,0.0012,0.0019,"globo_recbole_sample::VSTAN::{""vstan_idf_weighting"": true, ""vstan_k"": 200, ""vstan_popularity_weight"": 1.0, ""vstan_position_decay"": 0.05, ""vstan_sample_size"": 100}",success,,437.86,"{""vstan_idf_weighting"": true, ""vstan_k"": 200, ""vstan_popularity_weight"": 1.0, ""vstan_position_decay"": 0.05, ""vstan_sample_size"": 100}",200,100,0.05,True,,,,,,,,,,1.0
VSTAN,globo_recbole_sample,cuda,1,2048,1024,114.49,239.96,0.0,,,0.0782,0.1457,0.0379,0.0597,0.0248,0.0338,"globo_recbole_sample::VSTAN::{""vstan_idf_weighting"": false, ""vstan_k"": 200, ""vstan_popularity_weight"": 0.0, ""vstan_position_decay"": 0.05, ""vstan_sample_size"": 100}",success,,362.05,"{""vstan_idf_weighting"": false, ""vstan_k"": 200, ""vstan_popularity_weight"": 0.0, ""vstan_position_decay"": 0.05, ""vstan_sample_size"": 100}",200,100,0.05,False,,,,,,,,,,0.0
VSTAN,globo_recbole_sample,cuda,1,2048,1024,135.39,285.05,0.0,,,0.0086,0.0253,0.004,0.0093,0.0025,0.0046,"globo_recbole_sample::VSTAN::{""vstan_idf_weighting"": false, ""vstan_k"": 200, ""vstan_popularity_weight"": 0.5, ""vstan_position_decay"": 0.05, ""vstan_sample_size"": 100}",success,,428.05,"{""vstan_idf_weighting"": false, ""vstan_k"": 200, ""vstan_popularity_weight"": 0.5, ""vstan_position_decay"": 0.05, ""vstan_sample_size"": 100}",200,100,0.05,False,,,,,,,,,,0.5
VSTAN,globo_recbole_sample,cuda,1,2048,1024,135.62,284.64,0.0,,,0.0032,0.0084,0.0016,0.0033,0.0011,0.0018,"globo_recbole_sample::VSTAN::{""vstan_idf_weighting"": false, ""vstan_k"": 200, ""vstan_popularity_weight"": 1.0, ""vstan_position_decay"": 0.05, ""vstan_sample_size"": 100}",success,,427.9,"{""vstan_idf_weighting"": false, ""vstan_k"": 200, ""vstan_popularity_weight"": 1.0, ""vstan_position_decay"": 0.05, ""vstan_sample_size"": 100}",200,100,0.05,False,,,,,,,,,,1.0
VSTAN,globo_recbole_sample,cuda,1,2048,1024,116.2,242.84,0.0,,,0.0647,0.1223,0.0309,0.0494,0.02,0.0276,"globo_recbole_sample::VSTAN::{""vstan_idf_weighting"": true, ""vstan_k"": 200, ""vstan_popularity_weight"": 0.0, ""vstan_position_decay"": 0.1, ""vstan_sample_size"": 100}",success,,366.66,"{""vstan_idf_weighting"": true, ""vstan_k"": 200, ""vstan_popularity_weight"": 0.0, ""vstan_position_decay"": 0.1, ""vstan_sample_size"": 100}",200,100,0.1,True,,,,,,,,,,0.0
VSTAN,globo_recbole_sample,cuda,1,2048,1024,137.22,289.04,0.0,,,0.0068,0.0184,0.0032,0.0069,0.0021,0.0035,"globo_recbole_sample::VSTAN::{""vstan_idf_weighting"": true, ""vstan_k"": 200, ""vstan_popularity_weight"": 0.5, ""vstan_position_decay"": 0.1, ""vstan_sample_size"": 100}",success,,433.94,"{""vstan_idf_weighting"": true, ""vstan_k"": 200, ""vstan_popularity_weight"": 0.5, ""vstan_position_decay"": 0.1, ""vstan_sample_size"": 100}",200,100,0.1,True,,,,,,,,,,0.5
VSTAN,globo_recbole_sample,cuda,1,2048,1024,137.2,288.33,0.0,,,0.0034,0.0088,0.0018,0.0035,0.0012,0.002,"globo_recbole_sample::VSTAN::{""vstan_idf_weighting"": true, ""vstan_k"": 200, ""vstan_popularity_weight"": 1.0, ""vstan_position_decay"": 0.1, ""vstan_sample_size"": 100}",success,,433.26,"{""vstan_idf_weighting"": true, ""vstan_k"": 200, ""vstan_popularity_weight"": 1.0, ""vstan_position_decay"": 0.1, ""vstan_sample_size"": 100}",200,100,0.1,True,,,,,,,,,,1.0
VSTAN,globo_recbole_sample,cuda,1,2048,1024,114.58,239.77,0.0,,,0.0757,0.1444,0.0367,0.0588,0.024,0.0331,"globo_recbole_sample::VSTAN::{""vstan_idf_weighting"": false, ""vstan_k"": 200, ""vstan_popularity_weight"": 0.0, ""vstan_position_decay"": 0.1, ""vstan_sample_size"": 100}",success,,362.08,"{""vstan_idf_weighting"": false, ""vstan_k"": 200, ""vstan_popularity_weight"": 0.0, ""vstan_position_decay"": 0.1, ""vstan_sample_size"": 100}",200,100,0.1,False,,,,,,,,,,0.0
VSTAN,globo_recbole_sample,cuda,1,2048,1024,135.82,285.13,0.0,,,0.0091,0.0267,0.0042,0.0098,0.0026,0.0049,"globo_recbole_sample::VSTAN::{""vstan_idf_weighting"": false, ""vstan_k"": 200, ""vstan_popularity_weight"": 0.5, ""vstan_position_decay"": 0.1, ""vstan_sample_size"": 100}",success,,428.65,"{""vstan_idf_weighting"": false, ""vstan_k"": 200, ""vstan_popularity_weight"": 0.5, ""vstan_position_decay"": 0.1, ""vstan_sample_size"": 100}",200,100,0.1,False,,,,,,,,,,0.5
VSTAN,globo_recbole_sample,cuda,1,2048,1024,135.48,284.57,0.0,,,0.0033,0.0087,0.0017,0.0034,0.0012,0.0019,"globo_recbole_sample::VSTAN::{""vstan_idf_weighting"": false, ""vstan_k"": 200, ""vstan_popularity_weight"": 1.0, ""vstan_position_decay"": 0.1, ""vstan_sample_size"": 100}",success,,427.64,"{""vstan_idf_weighting"": false, ""vstan_k"": 200, ""vstan_popularity_weight"": 1.0, ""vstan_position_decay"": 0.1, ""vstan_sample_size"": 100}",200,100,0.1,False,,,,,,,,,,1.0
VSTAN,globo_recbole_sample,cuda,1,2048,1024,115.96,242.78,0.0,,,0.0654,0.1205,0.0312,0.0489,0.0202,0.0274,"globo_recbole_sample::VSTAN::{""vstan_idf_weighting"": true, ""vstan_k"": 200, ""vstan_popularity_weight"": 0.0, ""vstan_position_decay"": 0.2, ""vstan_sample_size"": 100}",success,,366.4,"{""vstan_idf_weighting"": true, ""vstan_k"": 200, ""vstan_popularity_weight"": 0.0, ""vstan_position_decay"": 0.2, ""vstan_sample_size"": 100}",200,100,0.2,True,,,,,,,,,,0.0
VSTAN,globo_recbole_sample,cuda,1,2048,1024,137.11,294.0,0.0,,,0.0077,0.0199,0.0037,0.0075,0.0024,0.0039,"globo_recbole_sample::VSTAN::{""vstan_idf_weighting"": true, ""vstan_k"": 200, ""vstan_popularity_weight"": 0.5, ""vstan_position_decay"": 0.2, ""vstan_sample_size"": 100}",success,,438.72,"{""vstan_idf_weighting"": true, ""vstan_k"": 200, ""vstan_popularity_weight"": 0.5, ""vstan_position_decay"": 0.2, ""vstan_sample_size"": 100}",200,100,0.2,True,,,,,,,,,,0.5
VSTAN,globo_recbole_sample,cuda,1,2048,1024,137.64,291.0,0.0,,,0.0037,0.0092,0.002,0.0037,0.0014,0.0021,"globo_recbole_sample::VSTAN::{""vstan_idf_weighting"": true, ""vstan_k"": 200, ""vstan_popularity_weight"": 1.0, ""vstan_position_decay"": 0.2, ""vstan_sample_size"": 100}",success,,436.32,"{""vstan_idf_weighting"": true, ""vstan_k"": 200, ""vstan_popularity_weight"": 1.0, ""vstan_position_decay"": 0.2, ""vstan_sample_size"": 100}",200,100,0.2,True,,,,,,,,,,1.0
VSTAN,globo_recbole_sample,cuda,1,2048,1024,114.19,239.65,0.0,,,0.0744,0.1418,0.0359,0.0577,0.0234,0.0324,"globo_recbole_sample::VSTAN::{""vstan_idf_weighting"": false, ""vstan_k"": 200, ""vstan_popularity_weight"": 0.0, ""vstan_position_decay"": 0.2, ""vstan_sample_size"": 100}",success,,361.51,"{""vstan_idf_weighting"": false, ""vstan_k"": 200, ""vstan_popularity_weight"": 0.0, ""vstan_position_decay"": 0.2, ""vstan_sample_size"": 100}",200,100,0.2,False,,,,,,,,,,0.0
VSTAN,globo_recbole_sample,cuda,1,2048,1024,136.03,285.17,0.0,,,0.0102,0.029,0.0047,0.0108,0.003,0.0054,"globo_recbole_sample::VSTAN::{""vstan_idf_weighting"": false, ""vstan_k"": 200, ""vstan_popularity_weight"": 0.5, ""vstan_position_decay"": 0.2, ""vstan_sample_size"": 100}",success,,428.92,"{""vstan_idf_weighting"": false, ""vstan_k"": 200, ""vstan_popularity_weight"": 0.5, ""vstan_position_decay"": 0.2, ""vstan_sample_size"": 100}",200,100,0.2,False,,,,,,,,,,0.5
VSTAN,globo_recbole_sample,cuda,1,2048,1024,138.44,285.62,0.0,,,0.0035,0.0092,0.0018,0.0036,0.0012,0.002,"globo_recbole_sample::VSTAN::{""vstan_idf_weighting"": false, ""vstan_k"": 200, ""vstan_popularity_weight"": 1.0, ""vstan_position_decay"": 0.2, ""vstan_sample_size"": 100}",success,,431.72,"{""vstan_idf_weighting"": false, ""vstan_k"": 200, ""vstan_popularity_weight"": 1.0, ""vstan_position_decay"": 0.2, ""vstan_sample_size"": 100}",200,100,0.2,False,,,,,,,,,,1.0
VSTAN,globo_recbole_sample,cuda,1,2048,1024,130.59,276.13,0.0,,,0.0969,0.1807,0.0459,0.0729,0.0295,0.0406,"globo_recbole_sample::VSTAN::{""vstan_idf_weighting"": true, ""vstan_k"": 200, ""vstan_popularity_weight"": 0.0, ""vstan_position_decay"": 0.05, ""vstan_sample_size"": 250}",success,,414.5,"{""vstan_idf_weighting"": true, ""vstan_k"": 200, ""vstan_popularity_weight"": 0.0, ""vstan_position_decay"": 0.05, ""vstan_sample_size"": 250}",200,250,0.05,True,,,,,,,,,,0.0
VSTAN,globo_recbole_sample,cuda,1,2048,1024,154.73,324.67,0.0,,,0.0149,0.0395,0.0068,0.0146,0.0042,0.0073,"globo_recbole_sample::VSTAN::{""vstan_idf_weighting"": true, ""vstan_k"": 200, ""vstan_popularity_weight"": 0.5, ""vstan_position_decay"": 0.05, ""vstan_sample_size"": 250}",success,,487.07,"{""vstan_idf_weighting"": true, ""vstan_k"": 200, ""vstan_popularity_weight"": 0.5, ""vstan_position_decay"": 0.05, ""vstan_sample_size"": 250}",200,250,0.05,True,,,,,,,,,,0.5
VSTAN,globo_recbole_sample,cuda,1,2048,1024,154.64,325.06,0.0,,,0.0039,0.0118,0.0021,0.0046,0.0015,0.0025,"globo_recbole_sample::VSTAN::{""vstan_idf_weighting"": true, ""vstan_k"": 200, ""vstan_popularity_weight"": 1.0, ""vstan_position_decay"": 0.05, ""vstan_sample_size"": 250}",success,,487.32,"{""vstan_idf_weighting"": true, ""vstan_k"": 200, ""vstan_popularity_weight"": 1.0, ""vstan_position_decay"": 0.05, ""vstan_sample_size"": 250}",200,250,0.05,True,,,,,,,,,,1.0
VSTAN,globo_recbole_sample,cuda,1,2048,1024,127.53,267.26,0.0,,,0.1064,0.1934,0.0512,0.0793,0.0334,0.0449,"globo_recbole_sample::VSTAN::{""vstan_idf_weighting"": false, ""vstan_k"": 200, ""vstan_popularity_weight"": 0.0, ""vstan_position_decay"": 0.05, ""vstan_sample_size"": 250}",success,,402.42,"{""vstan_idf_weighting"": false, ""vstan_k"": 200, ""vstan_popularity_weight"": 0.0, ""vstan_position_decay"": 0.05, ""vstan_sample_size"": 250}",200,250,0.05,False,,,,,,,,,,0.0
VSTAN,globo_recbole_sample,cuda,1,2048,1024,151.24,317.01,0.0,,,0.0324,0.0726,0.0149,0.0278,0.0093,0.0145,"globo_recbole_sample::VSTAN::{""vstan_idf_weighting"": false, ""vstan_k"": 200, ""vstan_popularity_weight"": 0.5, ""vstan_position_decay"": 0.05, ""vstan_sample_size"": 250}",success,,475.93,"{""vstan_idf_weighting"": false, ""vstan_k"": 200, ""vstan_popularity_weight"": 0.5, ""vstan_position_decay"": 0.05, ""vstan_sample_size"": 250}",200,250,0.05,False,,,,,,,,,,0.5
VSTAN,globo_recbole_sample,cuda,1,2048,1024,150.74,317.04,0.0,,,0.0041,0.0127,0.002,0.0048,0.0014,0.0025,"globo_recbole_sample::VSTAN::{""vstan_idf_weighting"": false, ""vstan_k"": 200, ""vstan_popularity_weight"": 1.0, ""vstan_position_decay"": 0.05, ""vstan_sample_size"": 250}",success,,475.42,"{""vstan_idf_weighting"": false, ""vstan_k"": 200, ""vstan_popularity_weight"": 1.0, ""vstan_position_decay"": 0.05, ""vstan_sample_size"": 250}",200,250,0.05,False,,,,,,,,,,1.0
VSTAN,globo_recbole_sample,cuda,1,2048,1024,130.78,274.1,0.0,,,0.098,0.182,0.0464,0.0735,0.0298,0.0409,"globo_recbole_sample::VSTAN::{""vstan_idf_weighting"": true, ""vstan_k"": 200, ""vstan_popularity_weight"": 0.0, ""vstan_position_decay"": 0.1, ""vstan_sample_size"": 250}",success,,412.59,"{""vstan_idf_weighting"": true, ""vstan_k"": 200, ""vstan_popularity_weight"": 0.0, ""vstan_position_decay"": 0.1, ""vstan_sample_size"": 250}",200,250,0.1,True,,,,,,,,,,0.0
VSTAN,globo_recbole_sample,cuda,1,2048,1024,155.87,326.43,0.0,,,0.0153,0.0407,0.007,0.0151,0.0044,0.0076,"globo_recbole_sample::VSTAN::{""vstan_idf_weighting"": true, ""vstan_k"": 200, ""vstan_popularity_weight"": 0.5, ""vstan_position_decay"": 0.1, ""vstan_sample_size"": 250}",success,,489.95,"{""vstan_idf_weighting"": true, ""vstan_k"": 200, ""vstan_popularity_weight"": 0.5, ""vstan_position_decay"": 0.1, ""vstan_sample_size"": 250}",200,250,0.1,True,,,,,,,,,,0.5
VSTAN,globo_recbole_sample,cuda,1,2048,1024,155.26,325.72,0.0,,,0.0042,0.0122,0.0022,0.0048,0.0016,0.0026,"globo_recbole_sample::VSTAN::{""vstan_idf_weighting"": true, ""vstan_k"": 200, ""vstan_popularity_weight"": 1.0, ""vstan_position_decay"": 0.1, ""vstan_sample_size"": 250}",success,,488.66,"{""vstan_idf_weighting"": true, ""vstan_k"": 200, ""vstan_popularity_weight"": 1.0, ""vstan_position_decay"": 0.1, ""vstan_sample_size"": 250}",200,250,0.1,True,,,,,,,,,,1.0
VSTAN,globo_recbole_sample,cuda,1,2048,1024,128.2,267.98,0.0,,,0.1069,0.1942,0.0514,0.0795,0.0335,0.045,"globo_recbole_sample::VSTAN::{""vstan_idf_weighting"": false, ""vstan_k"": 200, ""vstan_popularity_weight"": 0.0, ""vstan_position_decay"": 0.1, ""vstan_sample_size"": 250}",success,,403.93,"{""vstan_idf_weighting"": false, ""vstan_k"": 200, ""vstan_popularity_weight"": 0.0, ""vstan_position_decay"": 0.1, ""vstan_sample_size"": 250}",200,250,0.1,False,,,,,,,,,,0.0
VSTAN,globo_recbole_sample,cuda,1,2048,1024,152.23,319.13,0.0,,,0.0329,0.0733,0.0152,0.0281,0.0095,0.0148,"globo_recbole_sample::VSTAN::{""vstan_idf_weighting"": false, ""vstan_k"": 200, ""vstan_popularity_weight"": 0.5, ""vstan_position_decay"": 0.1, ""vstan_sample_size"": 250}",success,,479.01,"{""vstan_idf_weighting"": false, ""vstan_k"": 200, ""vstan_popularity_weight"": 0.5, ""vstan_position_decay"": 0.1, ""vstan_sample_size"": 250}",200,250,0.1,False,,,,,,,,,,0.5
VSTAN,globo_recbole_sample,cuda,1,2048,1024,151.82,319.02,0.0,,,0.0042,0.0131,0.0021,0.0049,0.0014,0.0026,"globo_recbole_sample::VSTAN::{""vstan_idf_weighting"": false, ""vstan_k"": 200, ""vstan_popularity_weight"": 1.0, ""vstan_position_decay"": 0.1, ""vstan_sample_size"": 250}",success,,478.54,"{""vstan_idf_weighting"": false, ""vstan_k"": 200, ""vstan_popularity_weight"": 1.0, ""vstan_position_decay"": 0.1, ""vstan_sample_size"": 250}",200,250,0.1,False,,,,,,,,,,1.0
VSTAN,globo_recbole_sample,cuda,1,2048,1024,133.37,277.76,0.0,,,0.0994,0.1846,0.047,0.0745,0.0301,0.0414,"globo_recbole_sample::VSTAN::{""vstan_idf_weighting"": true, ""vstan_k"": 200, ""vstan_popularity_weight"": 0.0, ""vstan_position_decay"": 0.2, ""vstan_sample_size"": 250}",success,,418.68,"{""vstan_idf_weighting"": true, ""vstan_k"": 200, ""vstan_popularity_weight"": 0.0, ""vstan_position_decay"": 0.2, ""vstan_sample_size"": 250}",200,250,0.2,True,,,,,,,,,,0.0
VSTAN,globo_recbole_sample,cuda,1,2048,1024,157.88,329.99,0.0,,,0.0162,0.0423,0.0074,0.0158,0.0046,0.008,"globo_recbole_sample::VSTAN::{""vstan_idf_weighting"": true, ""vstan_k"": 200, ""vstan_popularity_weight"": 0.5, ""vstan_position_decay"": 0.2, ""vstan_sample_size"": 250}",success,,495.5,"{""vstan_idf_weighting"": true, ""vstan_k"": 200, ""vstan_popularity_weight"": 0.5, ""vstan_position_decay"": 0.2, ""vstan_sample_size"": 250}",200,250,0.2,True,,,,,,,,,,0.5
VSTAN,globo_recbole_sample,cuda,1,2048,1024,158.78,331.74,0.0,,,0.0045,0.0126,0.0023,0.0049,0.0016,0.0027,"globo_recbole_sample::VSTAN::{""vstan_idf_weighting"": true, ""vstan_k"": 200, ""vstan_popularity_weight"": 1.0, ""vstan_position_decay"": 0.2, ""vstan_sample_size"": 250}",success,,498.15,"{""vstan_idf_weighting"": true, ""vstan_k"": 200, ""vstan_popularity_weight"": 1.0, ""vstan_position_decay"": 0.2, ""vstan_sample_size"": 250}",200,250,0.2,True,,,,,,,,,,1.0
VSTAN,globo_recbole_sample,cuda,1,2048,1024,131.36,273.3,0.0,,,0.1079,0.1955,0.0519,0.0801,0.0338,0.0454,"globo_recbole_sample::VSTAN::{""vstan_idf_weighting"": false, ""vstan_k"": 200, ""vstan_popularity_weight"": 0.0, ""vstan_position_decay"": 0.2, ""vstan_sample_size"": 250}",success,,412.36,"{""vstan_idf_weighting"": false, ""vstan_k"": 200, ""vstan_popularity_weight"": 0.0, ""vstan_position_decay"": 0.2, ""vstan_sample_size"": 250}",200,250,0.2,False,,,,,,,,,,0.0
VSTAN,globo_recbole_sample,cuda,1,2048,1024,154.39,322.97,0.0,,,0.0338,0.0749,0.0156,0.0289,0.0098,0.0152,"globo_recbole_sample::VSTAN::{""vstan_idf_weighting"": false, ""vstan_k"": 200, ""vstan_popularity_weight"": 0.5, ""vstan_position_decay"": 0.2, ""vstan_sample_size"": 250}",success,,485.01,"{""vstan_idf_weighting"": false, ""vstan_k"": 200, ""vstan_popularity_weight"": 0.5, ""vstan_position_decay"": 0.2, ""vstan_sample_size"": 250}",200,250,0.2,False,,,,,,,,,,0.5
VSTAN,globo_recbole_sample,cuda,1,2048,1024,158.49,331.53,0.0,,,0.0044,0.0136,0.0022,0.0051,0.0015,0.0027,"globo_recbole_sample::VSTAN::{""vstan_idf_weighting"": false, ""vstan_k"": 200, ""vstan_popularity_weight"": 1.0, ""vstan_position_decay"": 0.2, ""vstan_sample_size"": 250}",success,,497.57,"{""vstan_idf_weighting"": false, ""vstan_k"": 200, ""vstan_popularity_weight"": 1.0, ""vstan_position_decay"": 0.2, ""vstan_sample_size"": 250}",200,250,0.2,False,,,,,,,,,,1.0
VSTAN,globo_recbole_sample,cuda,1,2048,1024,108.63,226.67,0.0,,,0.119,0.2167,0.056,0.0875,0.0357,0.0486,"globo_recbole_sample::VSTAN::{""vstan_idf_weighting"": true, ""vstan_k"": 200, ""vstan_popularity_weight"": 0.0, ""vstan_position_decay"": 0.05, ""vstan_sample_size"": 500}",success,,343.02,"{""vstan_idf_weighting"": true, ""vstan_k"": 200, ""vstan_popularity_weight"": 0.0, ""vstan_position_decay"": 0.05, ""vstan_sample_size"": 500}",200,500,0.05,True,,,,,,,,,,0.0
VSTAN,globo_recbole_sample,cuda,1,2048,1024,126.7,266.55,0.0,,,0.0285,0.0723,0.013,0.027,0.0081,0.0137,"globo_recbole_sample::VSTAN::{""vstan_idf_weighting"": true, ""vstan_k"": 200, ""vstan_popularity_weight"": 0.5, ""vstan_position_decay"": 0.05, ""vstan_sample_size"": 500}",success,,400.9,"{""vstan_idf_weighting"": true, ""vstan_k"": 200, ""vstan_popularity_weight"": 0.5, ""vstan_position_decay"": 0.05, ""vstan_sample_size"": 500}",200,500,0.05,True,,,,,,,,,,0.5
VSTAN,globo_recbole_sample,cuda,1,2048,1024,128.21,265.54,0.0,,,0.0052,0.0187,0.0027,0.007,0.0019,0.0036,"globo_recbole_sample::VSTAN::{""vstan_idf_weighting"": true, ""vstan_k"": 200, ""vstan_popularity_weight"": 1.0, ""vstan_position_decay"": 0.05, ""vstan_sample_size"": 500}",success,,401.38,"{""vstan_idf_weighting"": true, ""vstan_k"": 200, ""vstan_popularity_weight"": 1.0, ""vstan_position_decay"": 0.05, ""vstan_sample_size"": 500}",200,500,0.05,True,,,,,,,,,,1.0
VSTAN,globo_recbole_sample,cuda,1,2048,1024,104.49,219.11,0.0,,,0.1299,0.2318,0.0631,0.096,0.0414,0.055,"globo_recbole_sample::VSTAN::{""vstan_idf_weighting"": false, ""vstan_k"": 200, ""vstan_popularity_weight"": 0.0, ""vstan_position_decay"": 0.05, ""vstan_sample_size"": 500}",success,,331.34,"{""vstan_idf_weighting"": false, ""vstan_k"": 200, ""vstan_popularity_weight"": 0.0, ""vstan_position_decay"": 0.05, ""vstan_sample_size"": 500}",200,500,0.05,False,,,,,,,,,,0.0
VSTAN,globo_recbole_sample,cuda,1,2048,1024,121.86,253.66,0.0,,,0.0618,0.1198,0.0293,0.048,0.0188,0.0265,"globo_recbole_sample::VSTAN::{""vstan_idf_weighting"": false, ""vstan_k"": 200, ""vstan_popularity_weight"": 0.5, ""vstan_position_decay"": 0.05, ""vstan_sample_size"": 500}",success,,383.18,"{""vstan_idf_weighting"": false, ""vstan_k"": 200, ""vstan_popularity_weight"": 0.5, ""vstan_position_decay"": 0.05, ""vstan_sample_size"": 500}",200,500,0.05,False,,,,,,,,,,0.5
VSTAN,globo_recbole_sample,cuda,1,2048,1024,121.5,254.88,0.0,,,0.0057,0.0228,0.0028,0.0083,0.0019,0.0041,"globo_recbole_sample::VSTAN::{""vstan_idf_weighting"": false, ""vstan_k"": 200, ""vstan_popularity_weight"": 1.0, ""vstan_position_decay"": 0.05, ""vstan_sample_size"": 500}",success,,384.06,"{""vstan_idf_weighting"": false, ""vstan_k"": 200, ""vstan_popularity_weight"": 1.0, ""vstan_position_decay"": 0.05, ""vstan_sample_size"": 500}",200,500,0.05,False,,,,,,,,,,1.0
VSTAN,globo_recbole_sample,cuda,1,2048,1024,109.7,231.15,0.0,,,0.1221,0.2207,0.0577,0.0894,0.0369,0.0499,"globo_recbole_sample::VSTAN::{""vstan_idf_weighting"": true, ""vstan_k"": 200, ""vstan_popularity_weight"": 0.0, ""vstan_position_decay"": 0.1, ""vstan_sample_size"": 500}",success,,348.46,"{""vstan_idf_weighting"": true, ""vstan_k"": 200, ""vstan_popularity_weight"": 0.0, ""vstan_position_decay"": 0.1, ""vstan_sample_size"": 500}",200,500,0.1,True,,,,,,,,,,0.0
VSTAN,globo_recbole_sample,cuda,1,2048,1024,127.57,266.61,0.0,,,0.0293,0.0742,0.0134,0.0278,0.0083,0.0141,"globo_recbole_sample::VSTAN::{""vstan_idf_weighting"": true, ""vstan_k"": 200, ""vstan_popularity_weight"": 0.5, ""vstan_position_decay"": 0.1, ""vstan_sample_size"": 500}",success,,401.85,"{""vstan_idf_weighting"": true, ""vstan_k"": 200, ""vstan_popularity_weight"": 0.5, ""vstan_position_decay"": 0.1, ""vstan_sample_size"": 500}",200,500,0.1,True,,,,,,,,,,0.5
VSTAN,globo_recbole_sample,cuda,1,2048,1024,132.16,269.26,0.0,,,0.0056,0.0191,0.0029,0.0072,0.0021,0.0038,"globo_recbole_sample::VSTAN::{""vstan_idf_weighting"": true, ""vstan_k"": 200, ""vstan_popularity_weight"": 1.0, ""vstan_position_decay"": 0.1, ""vstan_sample_size"": 500}",success,,409.08,"{""vstan_idf_weighting"": true, ""vstan_k"": 200, ""vstan_popularity_weight"": 1.0, ""vstan_position_decay"": 0.1, ""vstan_sample_size"": 500}",200,500,0.1,True,,,,,,,,,,1.0
VSTAN,globo_recbole_sample,cuda,1,2048,1024,105.26,224.62,0.0,,,0.1317,0.2337,0.0639,0.0968,0.0419,0.0554,"globo_recbole_sample::VSTAN::{""vstan_idf_weighting"": false, ""vstan_k"": 200, ""vstan_popularity_weight"": 0.0, ""vstan_position_decay"": 0.1, ""vstan_sample_size"": 500}",success,,337.55,"{""vstan_idf_weighting"": false, ""vstan_k"": 200, ""vstan_popularity_weight"": 0.0, ""vstan_position_decay"": 0.1, ""vstan_sample_size"": 500}",200,500,0.1,False,,,,,,,,,,0.0
VSTAN,globo_recbole_sample,cuda,1,2048,1024,126.68,263.78,0.0,,,0.0625,0.1209,0.0297,0.0485,0.0191,0.0268,"globo_recbole_sample::VSTAN::{""vstan_idf_weighting"": false, ""vstan_k"": 200, ""vstan_popularity_weight"": 0.5, ""vstan_position_decay"": 0.1, ""vstan_sample_size"": 500}",success,,398.09,"{""vstan_idf_weighting"": false, ""vstan_k"": 200, ""vstan_popularity_weight"": 0.5, ""vstan_position_decay"": 0.1, ""vstan_sample_size"": 500}",200,500,0.1,False,,,,,,,,,,0.5
VSTAN,globo_recbole_sample,cuda,1,2048,1024,122.35,256.24,0.0,,,0.0059,0.0236,0.003,0.0085,0.002,0.0042,"globo_recbole_sample::VSTAN::{""vstan_idf_weighting"": false, ""vstan_k"": 200, ""vstan_popularity_weight"": 1.0, ""vstan_position_decay"": 0.1, ""vstan_sample_size"": 500}",success,,386.23,"{""vstan_idf_weighting"": false, ""vstan_k"": 200, ""vstan_popularity_weight"": 1.0, ""vstan_position_decay"": 0.1, ""vstan_sample_size"": 500}",200,500,0.1,False,,,,,,,,,,1.0
VSTAN,globo_recbole_sample,cuda,1,2048,1024,112.53,239.59,0.0,,,0.1273,0.226,0.0608,0.0926,0.0393,0.0524,"globo_recbole_sample::VSTAN::{""vstan_idf_weighting"": true, ""vstan_k"": 200, ""vstan_popularity_weight"": 0.0, ""vstan_position_decay"": 0.2, ""vstan_sample_size"": 500}",success,,359.75,"{""vstan_idf_weighting"": true, ""vstan_k"": 200, ""vstan_popularity_weight"": 0.0, ""vstan_position_decay"": 0.2, ""vstan_sample_size"": 500}",200,500,0.2,True,,,,,,,,,,0.0
VSTAN,globo_recbole_sample,cuda,1,2048,1024,131.67,279.9,0.0,,,0.0312,0.0772,0.0144,0.0292,0.0091,0.015,"globo_recbole_sample::VSTAN::{""vstan_idf_weighting"": true, ""vstan_k"": 200, ""vstan_popularity_weight"": 0.5, ""vstan_position_decay"": 0.2, ""vstan_sample_size"": 500}",success,,419.19,"{""vstan_idf_weighting"": true, ""vstan_k"": 200, ""vstan_popularity_weight"": 0.5, ""vstan_position_decay"": 0.2, ""vstan_sample_size"": 500}",200,500,0.2,True,,,,,,,,,,0.5
VSTAN,globo_recbole_sample,cuda,1,2048,1024,131.03,273.12,0.0,,,0.0062,0.0205,0.0032,0.0077,0.0022,0.0041,"globo_recbole_sample::VSTAN::{""vstan_idf_weighting"": true, ""vstan_k"": 200, ""vstan_popularity_weight"": 1.0, ""vstan_position_decay"": 0.2, ""vstan_sample_size"": 500}",success,,411.79,"{""vstan_idf_weighting"": true, ""vstan_k"": 200, ""vstan_popularity_weight"": 1.0, ""vstan_position_decay"": 0.2, ""vstan_sample_size"": 500}",200,500,0.2,True,,,,,,,,,,1.0
VSTAN,globo_recbole_sample,cuda,1,2048,1024,107.87,224.54,0.0,,,0.1348,0.2361,0.0654,0.0981,0.0429,0.0563,"globo_recbole_sample::VSTAN::{""vstan_idf_weighting"": false, ""vstan_k"": 200, ""vstan_popularity_weight"": 0.0, ""vstan_position_decay"": 0.2, ""vstan_sample_size"": 500}",success,,340.12,"{""vstan_idf_weighting"": false, ""vstan_k"": 200, ""vstan_popularity_weight"": 0.0, ""vstan_position_decay"": 0.2, ""vstan_sample_size"": 500}",200,500,0.2,False,,,,,,,,,,0.0
VSTAN,globo_recbole_sample,cuda,1,2048,1024,125.49,261.34,0.0,,,0.0642,0.1224,0.0305,0.0491,0.0196,0.0272,"globo_recbole_sample::VSTAN::{""vstan_idf_weighting"": false, ""vstan_k"": 200, ""vstan_popularity_weight"": 0.5, ""vstan_position_decay"": 0.2, ""vstan_sample_size"": 500}",success,,394.5,"{""vstan_idf_weighting"": false, ""vstan_k"": 200, ""vstan_popularity_weight"": 0.5, ""vstan_position_decay"": 0.2, ""vstan_sample_size"": 500}",200,500,0.2,False,,,,,,,,,,0.5
VSTAN,globo_recbole_sample,cuda,1,2048,1024,125.21,261.35,0.0,,,0.0064,0.0246,0.0031,0.0089,0.0021,0.0044,"globo_recbole_sample::VSTAN::{""vstan_idf_weighting"": false, ""vstan_k"": 200, ""vstan_popularity_weight"": 1.0, ""vstan_position_decay"": 0.2, ""vstan_sample_size"": 500}",success,,394.28,"{""vstan_idf_weighting"": false, ""vstan_k"": 200, ""vstan_popularity_weight"": 1.0, ""vstan_position_decay"": 0.2, ""vstan_sample_size"": 500}",200,500,0.2,False,,,,,,,,,,1.0
VSTAN,globo_recbole_sample,cuda,1,2048,1024,115.71,242.77,0.0,,,0.0648,0.1214,0.031,0.0492,0.0201,0.0276,"globo_recbole_sample::VSTAN::{""vstan_idf_weighting"": true, ""vstan_k"": 500, ""vstan_popularity_weight"": 0.0, ""vstan_position_decay"": 0.05, ""vstan_sample_size"": 100}",success,,366.12,"{""vstan_idf_weighting"": true, ""vstan_k"": 500, ""vstan_popularity_weight"": 0.0, ""vstan_position_decay"": 0.05, ""vstan_sample_size"": 100}",500,100,0.05,True,,,,,,,,,,0.0
VSTAN,globo_recbole_sample,cuda,1,2048,1024,137.14,288.1,0.0,,,0.0065,0.0178,0.0031,0.0066,0.002,0.0034,"globo_recbole_sample::VSTAN::{""vstan_idf_weighting"": true, ""vstan_k"": 500, ""vstan_popularity_weight"": 0.5, ""vstan_position_decay"": 0.05, ""vstan_sample_size"": 100}",success,,432.9,"{""vstan_idf_weighting"": true, ""vstan_k"": 500, ""vstan_popularity_weight"": 0.5, ""vstan_position_decay"": 0.05, ""vstan_sample_size"": 100}",500,100,0.05,True,,,,,,,,,,0.5
VSTAN,globo_recbole_sample,cuda,1,2048,1024,136.82,288.33,0.0,,,0.0032,0.0084,0.0017,0.0034,0.0012,0.0019,"globo_recbole_sample::VSTAN::{""vstan_idf_weighting"": true, ""vstan_k"": 500, ""vstan_popularity_weight"": 1.0, ""vstan_position_decay"": 0.05, ""vstan_sample_size"": 100}",success,,432.79,"{""vstan_idf_weighting"": true, ""vstan_k"": 500, ""vstan_popularity_weight"": 1.0, ""vstan_position_decay"": 0.05, ""vstan_sample_size"": 100}",500,100,0.05,True,,,,,,,,,,1.0
VSTAN,globo_recbole_sample,cuda,1,2048,1024,114.22,239.91,0.0,,,0.0782,0.1457,0.0379,0.0597,0.0248,0.0338,"globo_recbole_sample::VSTAN::{""vstan_idf_weighting"": false, ""vstan_k"": 500, ""vstan_popularity_weight"": 0.0, ""vstan_position_decay"": 0.05, ""vstan_sample_size"": 100}",success,,361.72,"{""vstan_idf_weighting"": false, ""vstan_k"": 500, ""vstan_popularity_weight"": 0.0, ""vstan_position_decay"": 0.05, ""vstan_sample_size"": 100}",500,100,0.05,False,,,,,,,,,,0.0
VSTAN,globo_recbole_sample,cuda,1,2048,1024,142.25,287.49,0.0,,,0.0086,0.0253,0.004,0.0093,0.0025,0.0046,"globo_recbole_sample::VSTAN::{""vstan_idf_weighting"": false, ""vstan_k"": 500, ""vstan_popularity_weight"": 0.5, ""vstan_position_decay"": 0.05, ""vstan_sample_size"": 100}",success,,437.37,"{""vstan_idf_weighting"": false, ""vstan_k"": 500, ""vstan_popularity_weight"": 0.5, ""vstan_position_decay"": 0.05, ""vstan_sample_size"": 100}",500,100,0.05,False,,,,,,,,,,0.5
VSTAN,globo_recbole_sample,cuda,1,2048,1024,135.0,284.24,0.0,,,0.0032,0.0084,0.0016,0.0033,0.0011,0.0018,"globo_recbole_sample::VSTAN::{""vstan_idf_weighting"": false, ""vstan_k"": 500, ""vstan_popularity_weight"": 1.0, ""vstan_position_decay"": 0.05, ""vstan_sample_size"": 100}",success,,426.81,"{""vstan_idf_weighting"": false, ""vstan_k"": 500, ""vstan_popularity_weight"": 1.0, ""vstan_position_decay"": 0.05, ""vstan_sample_size"": 100}",500,100,0.05,False,,,,,,,,,,1.0
VSTAN,globo_recbole_sample,cuda,1,2048,1024,115.57,242.73,0.0,,,0.0647,0.1223,0.0309,0.0494,0.02,0.0276,"globo_recbole_sample::VSTAN::{""vstan_idf_weighting"": true, ""vstan_k"": 500, ""vstan_popularity_weight"": 0.0, ""vstan_position_decay"": 0.1, ""vstan_sample_size"": 100}",success,,366.14,"{""vstan_idf_weighting"": true, ""vstan_k"": 500, ""vstan_popularity_weight"": 0.0, ""vstan_position_decay"": 0.1, ""vstan_sample_size"": 100}",500,100,0.1,True,,,,,,,,,,0.0
VSTAN,globo_recbole_sample,cuda,1,2048,1024,136.9,288.22,0.0,,,0.0068,0.0184,0.0032,0.0069,0.0021,0.0035,"globo_recbole_sample::VSTAN::{""vstan_idf_weighting"": true, ""vstan_k"": 500, ""vstan_popularity_weight"": 0.5, ""vstan_position_decay"": 0.1, ""vstan_sample_size"": 100}",success,,432.81,"{""vstan_idf_weighting"": true, ""vstan_k"": 500, ""vstan_popularity_weight"": 0.5, ""vstan_position_decay"": 0.1, ""vstan_sample_size"": 100}",500,100,0.1,True,,,,,,,,,,0.5
VSTAN,globo_recbole_sample,cuda,1,2048,1024,137.11,287.7,0.0,,,0.0034,0.0088,0.0018,0.0035,0.0012,0.002,"globo_recbole_sample::VSTAN::{""vstan_idf_weighting"": true, ""vstan_k"": 500, ""vstan_popularity_weight"": 1.0, ""vstan_position_decay"": 0.1, ""vstan_sample_size"": 100}",success,,432.44,"{""vstan_idf_weighting"": true, ""vstan_k"": 500, ""vstan_popularity_weight"": 1.0, ""vstan_position_decay"": 0.1, ""vstan_sample_size"": 100}",500,100,0.1,True,,,,,,,,,,1.0
VSTAN,globo_recbole_sample,cuda,1,2048,1024,114.41,239.69,0.0,,,0.0757,0.1444,0.0367,0.0588,0.024,0.0331,"globo_recbole_sample::VSTAN::{""vstan_idf_weighting"": false, ""vstan_k"": 500, ""vstan_popularity_weight"": 0.0, ""vstan_position_decay"": 0.1, ""vstan_sample_size"": 100}",success,,361.79,"{""vstan_idf_weighting"": false, ""vstan_k"": 500, ""vstan_popularity_weight"": 0.0, ""vstan_position_decay"": 0.1, ""vstan_sample_size"": 100}",500,100,0.1,False,,,,,,,,,,0.0
VSTAN,globo_recbole_sample,cuda,1,2048,1024,135.41,284.48,0.0,,,0.0091,0.0267,0.0042,0.0098,0.0026,0.0049,"globo_recbole_sample::VSTAN::{""vstan_idf_weighting"": false, ""vstan_k"": 500, ""vstan_popularity_weight"": 0.5, ""vstan_position_decay"": 0.1, ""vstan_sample_size"": 100}",success,,427.51,"{""vstan_idf_weighting"": false, ""vstan_k"": 500, ""vstan_popularity_weight"": 0.5, ""vstan_position_decay"": 0.1, ""vstan_sample_size"": 100}",500,100,0.1,False,,,,,,,,,,0.5
VSTAN,globo_recbole_sample,cuda,1,2048,1024,135.11,283.98,0.0,,,0.0033,0.0087,0.0017,0.0034,0.0012,0.0019,"globo_recbole_sample::VSTAN::{""vstan_idf_weighting"": false, ""vstan_k"": 500, ""vstan_popularity_weight"": 1.0, ""vstan_position_decay"": 0.1, ""vstan_sample_size"": 100}",success,,426.71,"{""vstan_idf_weighting"": false, ""vstan_k"": 500, ""vstan_popularity_weight"": 1.0, ""vstan_position_decay"": 0.1, ""vstan_sample_size"": 100}",500,100,0.1,False,,,,,,,,,,1.0
VSTAN,globo_recbole_sample,cuda,1,2048,1024,115.57,242.4,0.0,,,0.0654,0.1205,0.0312,0.0489,0.0202,0.0274,"globo_recbole_sample::VSTAN::{""vstan_idf_weighting"": true, ""vstan_k"": 500, ""vstan_popularity_weight"": 0.0, ""vstan_position_decay"": 0.2, ""vstan_sample_size"": 100}",success,,365.63,"{""vstan_idf_weighting"": true, ""vstan_k"": 500, ""vstan_popularity_weight"": 0.0, ""vstan_position_decay"": 0.2, ""vstan_sample_size"": 100}",500,100,0.2,True,,,,,,,,,,0.0
VSTAN,globo_recbole_sample,cuda,1,2048,1024,137.23,288.46,0.0,,,0.0077,0.0199,0.0037,0.0075,0.0024,0.0039,"globo_recbole_sample::VSTAN::{""vstan_idf_weighting"": true, ""vstan_k"": 500, ""vstan_popularity_weight"": 0.5, ""vstan_position_decay"": 0.2, ""vstan_sample_size"": 100}",success,,433.33,"{""vstan_idf_weighting"": true, ""vstan_k"": 500, ""vstan_popularity_weight"": 0.5, ""vstan_position_decay"": 0.2, ""vstan_sample_size"": 100}",500,100,0.2,True,,,,,,,,,,0.5
VSTAN,globo_recbole_sample,cuda,1,2048,1024,136.91,287.69,0.0,,,0.0037,0.0092,0.002,0.0037,0.0014,0.0021,"globo_recbole_sample::VSTAN::{""vstan_idf_weighting"": true, ""vstan_k"": 500, ""vstan_popularity_weight"": 1.0, ""vstan_position_decay"": 0.2, ""vstan_sample_size"": 100}",success,,432.27,"{""vstan_idf_weighting"": true, ""vstan_k"": 500, ""vstan_popularity_weight"": 1.0, ""vstan_position_decay"": 0.2, ""vstan_sample_size"": 100}",500,100,0.2,True,,,,,,,,,,1.0
VSTAN,globo_recbole_sample,cuda,1,2048,1024,114.15,239.78,0.0,,,0.0744,0.1418,0.0359,0.0577,0.0234,0.0324,"globo_recbole_sample::VSTAN::{""vstan_idf_weighting"": false, ""vstan_k"": 500, ""vstan_popularity_weight"": 0.0, ""vstan_position_decay"": 0.2, ""vstan_sample_size"": 100}",success,,361.54,"{""vstan_idf_weighting"": false, ""vstan_k"": 500, ""vstan_popularity_weight"": 0.0, ""vstan_position_decay"": 0.2, ""vstan_sample_size"": 100}",500,100,0.2,False,,,,,,,,,,0.0
VSTAN,globo_recbole_sample,cuda,1,2048,1024,135.47,284.35,0.0,,,0.0102,0.029,0.0047,0.0108,0.003,0.0054,"globo_recbole_sample::VSTAN::{""vstan_idf_weighting"": false, ""vstan_k"": 500, ""vstan_popularity_weight"": 0.5, ""vstan_position_decay"": 0.2, ""vstan_sample_size"": 100}",success,,427.46,"{""vstan_idf_weighting"": false, ""vstan_k"": 500, ""vstan_popularity_weight"": 0.5, ""vstan_position_decay"": 0.2, ""vstan_sample_size"": 100}",500,100,0.2,False,,,,,,,,,,0.5
VSTAN,globo_recbole_sample,cuda,1,2048,1024,135.28,284.49,0.0,,,0.0035,0.0092,0.0018,0.0036,0.0012,0.002,"globo_recbole_sample::VSTAN::{""vstan_idf_weighting"": false, ""vstan_k"": 500, ""vstan_popularity_weight"": 1.0, ""vstan_position_decay"": 0.2, ""vstan_sample_size"": 100}",success,,427.41,"{""vstan_idf_weighting"": false, ""vstan_k"": 500, ""vstan_popularity_weight"": 1.0, ""vstan_position_decay"": 0.2, ""vstan_sample_size"": 100}",500,100,0.2,False,,,,,,,,,,1.0
VSTAN,globo_recbole_sample,cuda,1,2048,1024,209.25,441.0,0.0,,,0.0995,0.1813,0.0472,0.0736,0.0304,0.0412,"globo_recbole_sample::VSTAN::{""vstan_idf_weighting"": true, ""vstan_k"": 500, ""vstan_popularity_weight"": 0.0, ""vstan_position_decay"": 0.05, ""vstan_sample_size"": 250}",success,,657.87,"{""vstan_idf_weighting"": true, ""vstan_k"": 500, ""vstan_popularity_weight"": 0.0, ""vstan_position_decay"": 0.05, ""vstan_sample_size"": 250}",500,250,0.05,True,,,,,,,,,,0.0
VSTAN,globo_recbole_sample,cuda,1,2048,1024,253.45,534.72,0.0,,,0.0108,0.0267,0.005,0.01,0.0031,0.0051,"globo_recbole_sample::VSTAN::{""vstan_idf_weighting"": true, ""vstan_k"": 500, ""vstan_popularity_weight"": 0.5, ""vstan_position_decay"": 0.05, ""vstan_sample_size"": 250}",success,,795.91,"{""vstan_idf_weighting"": true, ""vstan_k"": 500, ""vstan_popularity_weight"": 0.5, ""vstan_position_decay"": 0.05, ""vstan_sample_size"": 250}",500,250,0.05,True,,,,,,,,,,0.5
VSTAN,globo_recbole_sample,cuda,1,2048,1024,253.41,535.03,0.0,,,0.003,0.0081,0.0016,0.0032,0.0011,0.0018,"globo_recbole_sample::VSTAN::{""vstan_idf_weighting"": true, ""vstan_k"": 500, ""vstan_popularity_weight"": 1.0, ""vstan_position_decay"": 0.05, ""vstan_sample_size"": 250}",success,,796.02,"{""vstan_idf_weighting"": true, ""vstan_k"": 500, ""vstan_popularity_weight"": 1.0, ""vstan_position_decay"": 0.05, ""vstan_sample_size"": 250}",500,250,0.05,True,,,,,,,,,,1.0
VSTAN,globo_recbole_sample,cuda,1,2048,1024,206.4,434.76,0.0,,,0.1075,0.1956,0.0519,0.0802,0.0339,0.0455,"globo_recbole_sample::VSTAN::{""vstan_idf_weighting"": false, ""vstan_k"": 500, ""vstan_popularity_weight"": 0.0, ""vstan_position_decay"": 0.05, ""vstan_sample_size"": 250}",success,,648.81,"{""vstan_idf_weighting"": false, ""vstan_k"": 500, ""vstan_popularity_weight"": 0.0, ""vstan_position_decay"": 0.05, ""vstan_sample_size"": 250}",500,250,0.05,False,,,,,,,,,,0.0
VSTAN,globo_recbole_sample,cuda,1,2048,1024,249.8,528.31,0.0,,,0.0211,0.0542,0.0096,0.0202,0.0059,0.0102,"globo_recbole_sample::VSTAN::{""vstan_idf_weighting"": false, ""vstan_k"": 500, ""vstan_popularity_weight"": 0.5, ""vstan_position_decay"": 0.05, ""vstan_sample_size"": 250}",success,,785.75,"{""vstan_idf_weighting"": false, ""vstan_k"": 500, ""vstan_popularity_weight"": 0.5, ""vstan_position_decay"": 0.05, ""vstan_sample_size"": 250}",500,250,0.05,False,,,,,,,,,,0.5
VSTAN,globo_recbole_sample,cuda,1,2048,1024,250.28,526.89,0.0,,,0.003,0.0084,0.0015,0.0032,0.001,0.0017,"globo_recbole_sample::VSTAN::{""vstan_idf_weighting"": false, ""vstan_k"": 500, ""vstan_popularity_weight"": 1.0, ""vstan_position_decay"": 0.05, ""vstan_sample_size"": 250}",success,,784.84,"{""vstan_idf_weighting"": false, ""vstan_k"": 500, ""vstan_popularity_weight"": 1.0, ""vstan_position_decay"": 0.05, ""vstan_sample_size"": 250}",500,250,0.05,False,,,,,,,,,,1.0
VSTAN,globo_recbole_sample,cuda,1,2048,1024,209.08,441.14,0.0,,,0.1003,0.1825,0.0475,0.074,0.0305,0.0413,"globo_recbole_sample::VSTAN::{""vstan_idf_weighting"": true, ""vstan_k"": 500, ""vstan_popularity_weight"": 0.0, ""vstan_position_decay"": 0.1, ""vstan_sample_size"": 250}",success,,657.89,"{""vstan_idf_weighting"": true, ""vstan_k"": 500, ""vstan_popularity_weight"": 0.0, ""vstan_position_decay"": 0.1, ""vstan_sample_size"": 250}",500,250,0.1,True,,,,,,,,,,0.0
VSTAN,globo_recbole_sample,cuda,1,2048,1024,253.57,535.24,0.0,,,0.012,0.0287,0.0055,0.0108,0.0034,0.0056,"globo_recbole_sample::VSTAN::{""vstan_idf_weighting"": true, ""vstan_k"": 500, ""vstan_popularity_weight"": 0.5, ""vstan_position_decay"": 0.1, ""vstan_sample_size"": 250}",success,,796.55,"{""vstan_idf_weighting"": true, ""vstan_k"": 500, ""vstan_popularity_weight"": 0.5, ""vstan_position_decay"": 0.1, ""vstan_sample_size"": 250}",500,250,0.1,True,,,,,,,,,,0.5
VSTAN,globo_recbole_sample,cuda,1,2048,1024,253.41,534.86,0.0,,,0.0031,0.0084,0.0017,0.0034,0.0012,0.0019,"globo_recbole_sample::VSTAN::{""vstan_idf_weighting"": true, ""vstan_k"": 500, ""vstan_popularity_weight"": 1.0, ""vstan_position_decay"": 0.1, ""vstan_sample_size"": 250}",success,,795.94,"{""vstan_idf_weighting"": true, ""vstan_k"": 500, ""vstan_popularity_weight"": 1.0, ""vstan_position_decay"": 0.1, ""vstan_sample_size"": 250}",500,250,0.1,True,,,,,,,,,,1.0
VSTAN,globo_recbole_sample,cuda,1,2048,1024,206.3,434.98,0.0,,,0.1084,0.1959,0.0522,0.0803,0.034,0.0455,"globo_recbole_sample::VSTAN::{""vstan_idf_weighting"": false, ""vstan_k"": 500, ""vstan_popularity_weight"": 0.0, ""vstan_position_decay"": 0.1, ""vstan_sample_size"": 250}",success,,648.94,"{""vstan_idf_weighting"": false, ""vstan_k"": 500, ""vstan_popularity_weight"": 0.0, ""vstan_position_decay"": 0.1, ""vstan_sample_size"": 250}",500,250,0.1,False,,,,,,,,,,0.0
VSTAN,globo_recbole_sample,cuda,1,2048,1024,250.25,528.03,0.0,,,0.0243,0.0589,0.0111,0.0222,0.0069,0.0114,"globo_recbole_sample::VSTAN::{""vstan_idf_weighting"": false, ""vstan_k"": 500, ""vstan_popularity_weight"": 0.5, ""vstan_position_decay"": 0.1, ""vstan_sample_size"": 250}",success,,785.95,"{""vstan_idf_weighting"": false, ""vstan_k"": 500, ""vstan_popularity_weight"": 0.5, ""vstan_position_decay"": 0.1, ""vstan_sample_size"": 250}",500,250,0.1,False,,,,,,,,,,0.5
VSTAN,globo_recbole_sample,cuda,1,2048,1024,249.31,526.97,0.0,,,0.0032,0.0087,0.0016,0.0034,0.0011,0.0018,"globo_recbole_sample::VSTAN::{""vstan_idf_weighting"": false, ""vstan_k"": 500, ""vstan_popularity_weight"": 1.0, ""vstan_position_decay"": 0.1, ""vstan_sample_size"": 250}",success,,784.01,"{""vstan_idf_weighting"": false, ""vstan_k"": 500, ""vstan_popularity_weight"": 1.0, ""vstan_position_decay"": 0.1, ""vstan_sample_size"": 250}",500,250,0.1,False,,,,,,,,,,1.0
VSTAN,globo_recbole_sample,cuda,1,2048,1024,209.27,441.28,0.0,,,0.1009,0.1852,0.0478,0.0749,0.0307,0.0418,"globo_recbole_sample::VSTAN::{""vstan_idf_weighting"": true, ""vstan_k"": 500, ""vstan_popularity_weight"": 0.0, ""vstan_position_decay"": 0.2, ""vstan_sample_size"": 250}",success,,658.23,"{""vstan_idf_weighting"": true, ""vstan_k"": 500, ""vstan_popularity_weight"": 0.0, ""vstan_position_decay"": 0.2, ""vstan_sample_size"": 250}",500,250,0.2,True,,,,,,,,,,0.0
VSTAN,globo_recbole_sample,cuda,1,2048,1024,253.44,535.23,0.0,,,0.014,0.0326,0.0064,0.0124,0.004,0.0064,"globo_recbole_sample::VSTAN::{""vstan_idf_weighting"": true, ""vstan_k"": 500, ""vstan_popularity_weight"": 0.5, ""vstan_position_decay"": 0.2, ""vstan_sample_size"": 250}",success,,796.36,"{""vstan_idf_weighting"": true, ""vstan_k"": 500, ""vstan_popularity_weight"": 0.5, ""vstan_position_decay"": 0.2, ""vstan_sample_size"": 250}",500,250,0.2,True,,,,,,,,,,0.5
VSTAN,globo_recbole_sample,cuda,1,2048,1024,252.78,534.56,0.0,,,0.0035,0.0093,0.0019,0.0037,0.0014,0.0021,"globo_recbole_sample::VSTAN::{""vstan_idf_weighting"": true, ""vstan_k"": 500, ""vstan_popularity_weight"": 1.0, ""vstan_position_decay"": 0.2, ""vstan_sample_size"": 250}",success,,795.05,"{""vstan_idf_weighting"": true, ""vstan_k"": 500, ""vstan_popularity_weight"": 1.0, ""vstan_position_decay"": 0.2, ""vstan_sample_size"": 250}",500,250,0.2,True,,,,,,,,,,1.0
VSTAN,globo_recbole_sample,cuda,1,2048,1024,206.15,434.9,0.0,,,0.1087,0.1975,0.0523,0.0808,0.034,0.0456,"globo_recbole_sample::VSTAN::{""vstan_idf_weighting"": false, ""vstan_k"": 500, ""vstan_popularity_weight"": 0.0, ""vstan_position_decay"": 0.2, ""vstan_sample_size"": 250}",success,,648.73,"{""vstan_idf_weighting"": false, ""vstan_k"": 500, ""vstan_popularity_weight"": 0.0, ""vstan_position_decay"": 0.2, ""vstan_sample_size"": 250}",500,250,0.2,False,,,,,,,,,,0.0
VSTAN,globo_recbole_sample,cuda,1,2048,1024,250.72,528.15,0.0,,,0.0276,0.0627,0.0128,0.0241,0.008,0.0127,"globo_recbole_sample::VSTAN::{""vstan_idf_weighting"": false, ""vstan_k"": 500, ""vstan_popularity_weight"": 0.5, ""vstan_position_decay"": 0.2, ""vstan_sample_size"": 250}",success,,786.42,"{""vstan_idf_weighting"": false, ""vstan_k"": 500, ""vstan_popularity_weight"": 0.5, ""vstan_position_decay"": 0.2, ""vstan_sample_size"": 250}",500,250,0.2,False,,,,,,,,,,0.5
VSTAN,globo_recbole_sample,cuda,1,2048,1024,249.0,527.71,0.0,,,0.0034,0.0097,0.0017,0.0037,0.0012,0.002,"globo_recbole_sample::VSTAN::{""vstan_idf_weighting"": false, ""vstan_k"": 500, ""vstan_popularity_weight"": 1.0, ""vstan_position_decay"": 0.2, ""vstan_sample_size"": 250}",success,,784.54,"{""vstan_idf_weighting"": false, ""vstan_k"": 500, ""vstan_popularity_weight"": 1.0, ""vstan_position_decay"": 0.2, ""vstan_sample_size"": 250}",500,250,0.2,False,,,,,,,,,,1.0
VSTAN,globo_recbole_sample,cuda,1,2048,1024,335.44,709.07,0.0,,,0.1242,0.2276,0.0589,0.0923,0.0379,0.0516,"globo_recbole_sample::VSTAN::{""vstan_idf_weighting"": true, ""vstan_k"": 500, ""vstan_popularity_weight"": 0.0, ""vstan_position_decay"": 0.05, ""vstan_sample_size"": 500}",success,,1051.97,"{""vstan_idf_weighting"": true, ""vstan_k"": 500, ""vstan_popularity_weight"": 0.0, ""vstan_position_decay"": 0.05, ""vstan_sample_size"": 500}",500,500,0.05,True,,,,,,,,,,0.0
VSTAN,globo_recbole_sample,cuda,1,2048,1024,410.19,868.53,0.0,,,0.0207,0.0553,0.0092,0.0203,0.0056,0.0101,"globo_recbole_sample::VSTAN::{""vstan_idf_weighting"": true, ""vstan_k"": 500, ""vstan_popularity_weight"": 0.5, ""vstan_position_decay"": 0.05, ""vstan_sample_size"": 500}",success,,1286.64,"{""vstan_idf_weighting"": true, ""vstan_k"": 500, ""vstan_popularity_weight"": 0.5, ""vstan_position_decay"": 0.05, ""vstan_sample_size"": 500}",500,500,0.05,True,,,,,,,,,,0.5
VSTAN,globo_recbole_sample,cuda,1,2048,1024,410.13,867.16,0.0,,,0.003,0.008,0.0016,0.0032,0.0012,0.0018,"globo_recbole_sample::VSTAN::{""vstan_idf_weighting"": true, ""vstan_k"": 500, ""vstan_popularity_weight"": 1.0, ""vstan_position_decay"": 0.05, ""vstan_sample_size"": 500}",success,,1285.17,"{""vstan_idf_weighting"": true, ""vstan_k"": 500, ""vstan_popularity_weight"": 1.0, ""vstan_position_decay"": 0.05, ""vstan_sample_size"": 500}",500,500,0.05,True,,,,,,,,,,1.0
VSTAN,globo_recbole_sample,cuda,1,2048,1024,329.9,698.25,0.0,,,0.1308,0.2381,0.0634,0.0979,0.0415,0.0556,"globo_recbole_sample::VSTAN::{""vstan_idf_weighting"": false, ""vstan_k"": 500, ""vstan_popularity_weight"": 0.0, ""vstan_position_decay"": 0.05, ""vstan_sample_size"": 500}",success,,1035.77,"{""vstan_idf_weighting"": false, ""vstan_k"": 500, ""vstan_popularity_weight"": 0.0, ""vstan_position_decay"": 0.05, ""vstan_sample_size"": 500}",500,500,0.05,False,,,,,,,,,,0.0
VSTAN,globo_recbole_sample,cuda,1,2048,1024,404.35,855.56,0.0,,,0.0541,0.1091,0.0248,0.0425,0.0155,0.0227,"globo_recbole_sample::VSTAN::{""vstan_idf_weighting"": false, ""vstan_k"": 500, ""vstan_popularity_weight"": 0.5, ""vstan_position_decay"": 0.05, ""vstan_sample_size"": 500}",success,,1267.89,"{""vstan_idf_weighting"": false, ""vstan_k"": 500, ""vstan_popularity_weight"": 0.5, ""vstan_position_decay"": 0.05, ""vstan_sample_size"": 500}",500,500,0.05,False,,,,,,,,,,0.5
VSTAN,globo_recbole_sample,cuda,1,2048,1024,403.18,855.77,0.0,,,0.0029,0.0085,0.0015,0.0033,0.0011,0.0018,"globo_recbole_sample::VSTAN::{""vstan_idf_weighting"": false, ""vstan_k"": 500, ""vstan_popularity_weight"": 1.0, ""vstan_position_decay"": 0.05, ""vstan_sample_size"": 500}",success,,1266.87,"{""vstan_idf_weighting"": false, ""vstan_k"": 500, ""vstan_popularity_weight"": 1.0, ""vstan_position_decay"": 0.05, ""vstan_sample_size"": 500}",500,500,0.05,False,,,,,,,,,,1.0
VSTAN,globo_recbole_sample,cuda,1,2048,1024,334.66,708.96,0.0,,,0.125,0.2286,0.0593,0.0928,0.0381,0.0519,"globo_recbole_sample::VSTAN::{""vstan_idf_weighting"": true, ""vstan_k"": 500, ""vstan_popularity_weight"": 0.0, ""vstan_position_decay"": 0.1, ""vstan_sample_size"": 500}",success,,1051.57,"{""vstan_idf_weighting"": true, ""vstan_k"": 500, ""vstan_popularity_weight"": 0.0, ""vstan_position_decay"": 0.1, ""vstan_sample_size"": 500}",500,500,0.1,True,,,,,,,,,,0.0
VSTAN,globo_recbole_sample,cuda,1,2048,1024,410.07,870.02,0.0,,,0.0249,0.0608,0.0112,0.0226,0.0068,0.0114,"globo_recbole_sample::VSTAN::{""vstan_idf_weighting"": true, ""vstan_k"": 500, ""vstan_popularity_weight"": 0.5, ""vstan_position_decay"": 0.1, ""vstan_sample_size"": 500}",success,,1287.94,"{""vstan_idf_weighting"": true, ""vstan_k"": 500, ""vstan_popularity_weight"": 0.5, ""vstan_position_decay"": 0.1, ""vstan_sample_size"": 500}",500,500,0.1,True,,,,,,,,,,0.5
VSTAN,globo_recbole_sample,cuda,1,2048,1024,409.2,868.73,0.0,,,0.0032,0.0084,0.0018,0.0034,0.0013,0.002,"globo_recbole_sample::VSTAN::{""vstan_idf_weighting"": true, ""vstan_k"": 500, ""vstan_popularity_weight"": 1.0, ""vstan_position_decay"": 0.1, ""vstan_sample_size"": 500}",success,,1285.85,"{""vstan_idf_weighting"": true, ""vstan_k"": 500, ""vstan_popularity_weight"": 1.0, ""vstan_position_decay"": 0.1, ""vstan_sample_size"": 500}",500,500,0.1,True,,,,,,,,,,1.0
VSTAN,globo_recbole_sample,cuda,1,2048,1024,330.52,698.56,0.0,,,0.1318,0.2389,0.0638,0.0982,0.0417,0.0558,"globo_recbole_sample::VSTAN::{""vstan_idf_weighting"": false, ""vstan_k"": 500, ""vstan_popularity_weight"": 0.0, ""vstan_position_decay"": 0.1, ""vstan_sample_size"": 500}",success,,1036.98,"{""vstan_idf_weighting"": false, ""vstan_k"": 500, ""vstan_popularity_weight"": 0.0, ""vstan_position_decay"": 0.1, ""vstan_sample_size"": 500}",500,500,0.1,False,,,,,,,,,,0.0
VSTAN,globo_recbole_sample,cuda,1,2048,1024,403.94,856.03,0.0,,,0.06,0.1167,0.0277,0.0461,0.0174,0.0249,"globo_recbole_sample::VSTAN::{""vstan_idf_weighting"": false, ""vstan_k"": 500, ""vstan_popularity_weight"": 0.5, ""vstan_position_decay"": 0.1, ""vstan_sample_size"": 500}",success,,1267.89,"{""vstan_idf_weighting"": false, ""vstan_k"": 500, ""vstan_popularity_weight"": 0.5, ""vstan_position_decay"": 0.1, ""vstan_sample_size"": 500}",500,500,0.1,False,,,,,,,,,,0.5
VSTAN,globo_recbole_sample,cuda,1,2048,1024,404.18,855.98,0.0,,,0.0031,0.0092,0.0016,0.0035,0.0011,0.0019,"globo_recbole_sample::VSTAN::{""vstan_idf_weighting"": false, ""vstan_k"": 500, ""vstan_popularity_weight"": 1.0, ""vstan_position_decay"": 0.1, ""vstan_sample_size"": 500}",success,,1267.97,"{""vstan_idf_weighting"": false, ""vstan_k"": 500, ""vstan_popularity_weight"": 1.0, ""vstan_position_decay"": 0.1, ""vstan_sample_size"": 500}",500,500,0.1,False,,,,,,,,,,1.0
VSTAN,globo_recbole_sample,cuda,1,2048,1024,335.19,710.17,0.0,,,0.1267,0.2317,0.0601,0.094,0.0386,0.0526,"globo_recbole_sample::VSTAN::{""vstan_idf_weighting"": true, ""vstan_k"": 500, ""vstan_popularity_weight"": 0.0, ""vstan_position_decay"": 0.2, ""vstan_sample_size"": 500}",success,,1053.29,"{""vstan_idf_weighting"": true, ""vstan_k"": 500, ""vstan_popularity_weight"": 0.0, ""vstan_position_decay"": 0.2, ""vstan_sample_size"": 500}",500,500,0.2,True,,,,,,,,,,0.0
VSTAN,globo_recbole_sample,cuda,1,2048,1024,410.24,868.74,0.0,,,0.0312,0.0689,0.014,0.0261,0.0086,0.0135,"globo_recbole_sample::VSTAN::{""vstan_idf_weighting"": true, ""vstan_k"": 500, ""vstan_popularity_weight"": 0.5, ""vstan_position_decay"": 0.2, ""vstan_sample_size"": 500}",success,,1286.93,"{""vstan_idf_weighting"": true, ""vstan_k"": 500, ""vstan_popularity_weight"": 0.5, ""vstan_position_decay"": 0.2, ""vstan_sample_size"": 500}",500,500,0.2,True,,,,,,,,,,0.5
VSTAN,globo_recbole_sample,cuda,1,2048,1024,409.5,870.29,0.0,,,0.0037,0.0094,0.002,0.0038,0.0015,0.0022,"globo_recbole_sample::VSTAN::{""vstan_idf_weighting"": true, ""vstan_k"": 500, ""vstan_popularity_weight"": 1.0, ""vstan_position_decay"": 0.2, ""vstan_sample_size"": 500}",success,,1287.76,"{""vstan_idf_weighting"": true, ""vstan_k"": 500, ""vstan_popularity_weight"": 1.0, ""vstan_position_decay"": 0.2, ""vstan_sample_size"": 500}",500,500,0.2,True,,,,,,,,,,1.0
VSTAN,globo_recbole_sample,cuda,1,2048,1024,330.74,698.75,0.0,,,0.133,0.2405,0.0642,0.0987,0.0419,0.056,"globo_recbole_sample::VSTAN::{""vstan_idf_weighting"": false, ""vstan_k"": 500, ""vstan_popularity_weight"": 0.0, ""vstan_position_decay"": 0.2, ""vstan_sample_size"": 500}",success,,1037.42,"{""vstan_idf_weighting"": false, ""vstan_k"": 500, ""vstan_popularity_weight"": 0.0, ""vstan_position_decay"": 0.2, ""vstan_sample_size"": 500}",500,500,0.2,False,,,,,,,,,,0.0
VSTAN,globo_recbole_sample,cuda,1,2048,1024,403.58,858.91,0.0,,,0.0672,0.1272,0.0314,0.0508,0.0198,0.0278,"globo_recbole_sample::VSTAN::{""vstan_idf_weighting"": false, ""vstan_k"": 500, ""vstan_popularity_weight"": 0.5, ""vstan_position_decay"": 0.2, ""vstan_sample_size"": 500}",success,,1270.37,"{""vstan_idf_weighting"": false, ""vstan_k"": 500, ""vstan_popularity_weight"": 0.5, ""vstan_position_decay"": 0.2, ""vstan_sample_size"": 500}",500,500,0.2,False,,,,,,,,,,0.5
VSTAN,globo_recbole_sample,cuda,1,2048,1024,399.51,842.62,0.0,,,0.0035,0.0103,0.0018,0.004,0.0012,0.0021,"globo_recbole_sample::VSTAN::{""vstan_idf_weighting"": false, ""vstan_k"": 500, ""vstan_popularity_weight"": 1.0, ""vstan_position_decay"": 0.2, ""vstan_sample_size"": 500}",success,,1249.8,"{""vstan_idf_weighting"": false, ""vstan_k"": 500, ""vstan_popularity_weight"": 1.0, ""vstan_position_decay"": 0.2, ""vstan_sample_size"": 500}",500,500,0.2,False,,,,,,,,,,1.0
MostPop,adressa_recbole_sample,cuda,1,2048,1024,0.74,0.2,0.0,,,0.2398,0.3734,0.1425,0.1841,0.1106,0.1268,adressa_recbole_sample::MostPop::{},success,,6.4,{},,,,,,,,,,,,,,
RecentPop,adressa_recbole_sample,cuda,1,2048,1024,0.75,0.21,0.0,,,0.2486,0.3815,0.1459,0.1884,0.1123,0.1296,"adressa_recbole_sample::RecentPop::{""window_days"": 1}",success,,6.48,"{""window_days"": 1}",,,,,,,,,,,1.0,,,
RecentPop,adressa_recbole_sample,cuda,1,2048,1024,0.74,0.19,0.0,,,0.2398,0.3734,0.1425,0.1841,0.1106,0.1268,"adressa_recbole_sample::RecentPop::{""window_days"": 3}",success,,6.39,"{""window_days"": 3}",,,,,,,,,,,3.0,,,
RecentPop,adressa_recbole_sample,cuda,1,2048,1024,0.74,0.2,0.0,,,0.2398,0.3734,0.1425,0.1841,0.1106,0.1268,"adressa_recbole_sample::RecentPop::{""window_days"": 7}",success,,6.47,"{""window_days"": 7}",,,,,,,,,,,7.0,,,
RecentPop,adressa_recbole_sample,cuda,1,2048,1024,0.75,0.2,0.0,,,0.2398,0.3734,0.1425,0.1841,0.1106,0.1268,"adressa_recbole_sample::RecentPop::{""window_days"": 14}",success,,6.5,"{""window_days"": 14}",,,,,,,,,,,14.0,,,
RecentPop,adressa_recbole_sample,cuda,1,2048,1024,0.76,0.21,0.0,,,0.2398,0.3734,0.1425,0.1841,0.1106,0.1268,"adressa_recbole_sample::RecentPop::{""window_days"": 30}",success,,6.44,"{""window_days"": 30}",,,,,,,,,,,30.0,,,
RecentPop,adressa_recbole_sample,cuda,1,2048,1024,0.76,0.21,0.0,,,0.2398,0.3734,0.1425,0.1841,0.1106,0.1268,"adressa_recbole_sample::RecentPop::{""window_days"": 60}",success,,6.49,"{""window_days"": 60}",,,,,,,,,,,60.0,,,
RecentPop,adressa_recbole_sample,cuda,1,2048,1024,0.77,0.2,0.0,,,0.2398,0.3734,0.1425,0.1841,0.1106,0.1268,"adressa_recbole_sample::RecentPop::{""window_days"": 90}",success,,6.46,"{""window_days"": 90}",,,,,,,,,,,90.0,,,
RecentPop,adressa_recbole_sample,cuda,1,2048,1024,0.74,0.21,0.0,,,0.2398,0.3734,0.1425,0.1841,0.1106,0.1268,"adressa_recbole_sample::RecentPop::{""window_days"": 180}",success,,6.48,"{""window_days"": 180}",,,,,,,,,,,180.0,,,
DecayPop,adressa_recbole_sample,cuda,1,2048,1024,0.76,0.2,0.0,,,0.2398,0.3734,0.1425,0.1841,0.1106,0.1268,"adressa_recbole_sample::DecayPop::{""decay_lambda"": 1e-09}",success,,8.43,"{""decay_lambda"": 1e-09}",,,,,,,,,,,,1e-09,,
DecayPop,adressa_recbole_sample,cuda,1,2048,1024,0.75,0.2,0.0,,,0.2398,0.3734,0.1425,0.1841,0.1106,0.1268,"adressa_recbole_sample::DecayPop::{""decay_lambda"": 5e-09}",success,,7.94,"{""decay_lambda"": 5e-09}",,,,,,,,,,,,5e-09,,
DecayPop,adressa_recbole_sample,cuda,1,2048,1024,0.77,0.21,0.0,,,0.2398,0.3734,0.1425,0.1841,0.1106,0.1268,"adressa_recbole_sample::DecayPop::{""decay_lambda"": 1e-08}",success,,8.13,"{""decay_lambda"": 1e-08}",,,,,,,,,,,,1e-08,,
DecayPop,adressa_recbole_sample,cuda,1,2048,1024,0.78,0.21,0.0,,,0.2398,0.3734,0.1425,0.1841,0.1106,0.1268,"adressa_recbole_sample::DecayPop::{""decay_lambda"": 5e-08}",success,,8.23,"{""decay_lambda"": 5e-08}",,,,,,,,,,,,5e-08,,
DecayPop,adressa_recbole_sample,cuda,1,2048,1024,0.72,0.2,0.0,,,0.2398,0.3734,0.1425,0.1841,0.1106,0.1268,"adressa_recbole_sample::DecayPop::{""decay_lambda"": 1e-07}",success,,8.12,"{""decay_lambda"": 1e-07}",,,,,,,,,,,,1e-07,,
DecayPop,adressa_recbole_sample,cuda,1,2048,1024,0.94,0.21,0.0,,,0.2398,0.3734,0.1425,0.1841,0.1106,0.1268,"adressa_recbole_sample::DecayPop::{""decay_lambda"": 5e-07}",success,,8.45,"{""decay_lambda"": 5e-07}",,,,,,,,,,,,5e-07,,
DecayPop,adressa_recbole_sample,cuda,1,2048,1024,0.95,0.2,0.0,,,0.2398,0.3734,0.1425,0.1841,0.1106,0.1268,"adressa_recbole_sample::DecayPop::{""decay_lambda"": 1e-06}",success,,8.14,"{""decay_lambda"": 1e-06}",,,,,,,,,,,,1e-06,,
VS-KNN,adressa_recbole_sample,cuda,1,2048,1024,1192.49,1633.77,0.0,100,100,0.2589,0.4139,0.1597,0.2097,0.1275,0.1481,"adressa_recbole_sample::VS-KNN::{""vsknn_k"": 100, ""vsknn_popularity_weight"": 0.0, ""vsknn_sample_size"": 100}",success,,2833.73,"{""vsknn_k"": 100, ""vsknn_popularity_weight"": 0.0, ""vsknn_sample_size"": 100}",,,,,,,,,,,,,0.0,
VS-KNN,adressa_recbole_sample,cuda,1,2048,1024,1202.29,1638.22,0.0,100,100,0.0992,0.1674,0.0665,0.088,0.0557,0.0643,"adressa_recbole_sample::VS-KNN::{""vsknn_k"": 100, ""vsknn_popularity_weight"": 0.5, ""vsknn_sample_size"": 100}",success,,2847.79,"{""vsknn_k"": 100, ""vsknn_popularity_weight"": 0.5, ""vsknn_sample_size"": 100}",,,,,,,,,,,,,0.5,
VS-KNN,adressa_recbole_sample,cuda,1,2048,1024,1195.35,1632.57,0.0,100,100,0.0152,0.0419,0.0085,0.017,0.0064,0.0098,"adressa_recbole_sample::VS-KNN::{""vsknn_k"": 100, ""vsknn_popularity_weight"": 1.0, ""vsknn_sample_size"": 100}",success,,2835.41,"{""vsknn_k"": 100, ""vsknn_popularity_weight"": 1.0, ""vsknn_sample_size"": 100}",,,,,,,,,,,,,1.0,
VS-KNN,adressa_recbole_sample,cuda,1,2048,1024,1126.18,1529.99,0.0,100,250,0.2516,0.4118,0.1563,0.208,0.1254,0.1466,"adressa_recbole_sample::VS-KNN::{""vsknn_k"": 100, ""vsknn_popularity_weight"": 0.0, ""vsknn_sample_size"": 250}",success,,2663.77,"{""vsknn_k"": 100, ""vsknn_popularity_weight"": 0.0, ""vsknn_sample_size"": 250}",,,,,,,,,,,,,0.0,
VS-KNN,adressa_recbole_sample,cuda,1,2048,1024,1163.26,1577.63,0.0,100,250,0.1119,0.1884,0.0761,0.1004,0.0645,0.0743,"adressa_recbole_sample::VS-KNN::{""vsknn_k"": 100, ""vsknn_popularity_weight"": 0.5, ""vsknn_sample_size"": 250}",success,,2748.65,"{""vsknn_k"": 100, ""vsknn_popularity_weight"": 0.5, ""vsknn_sample_size"": 250}",,,,,,,,,,,,,0.5,
VS-KNN,adressa_recbole_sample,cuda,1,2048,1024,1187.66,1606.81,0.0,100,250,0.0241,0.0787,0.0133,0.0305,0.0098,0.0167,"adressa_recbole_sample::VS-KNN::{""vsknn_k"": 100, ""vsknn_popularity_weight"": 1.0, ""vsknn_sample_size"": 250}",success,,2802.01,"{""vsknn_k"": 100, ""vsknn_popularity_weight"": 1.0, ""vsknn_sample_size"": 250}",,,,,,,,,,,,,1.0,
VS-KNN,adressa_recbole_sample,cuda,1,2048,1024,1174.14,1590.5,0.0,100,500,0.2423,0.3959,0.1517,0.2011,0.1222,0.1424,"adressa_recbole_sample::VS-KNN::{""vsknn_k"": 100, ""vsknn_popularity_weight"": 0.0, ""vsknn_sample_size"": 500}",success,,2772.46,"{""vsknn_k"": 100, ""vsknn_popularity_weight"": 0.0, ""vsknn_sample_size"": 500}",,,,,,,,,,,,,0.0,
VS-KNN,adressa_recbole_sample,cuda,1,2048,1024,1192.22,1612.56,0.0,100,500,0.1288,0.2018,0.0883,0.1115,0.075,0.0844,"adressa_recbole_sample::VS-KNN::{""vsknn_k"": 100, ""vsknn_popularity_weight"": 0.5, ""vsknn_sample_size"": 500}",success,,2812.29,"{""vsknn_k"": 100, ""vsknn_popularity_weight"": 0.5, ""vsknn_sample_size"": 500}",,,,,,,,,,,,,0.5,
VS-KNN,adressa_recbole_sample,cuda,1,2048,1024,1218.79,1643.7,0.0,100,500,0.0394,0.099,0.0214,0.0404,0.0156,0.0233,"adressa_recbole_sample::VS-KNN::{""vsknn_k"": 100, ""vsknn_popularity_weight"": 1.0, ""vsknn_sample_size"": 500}",success,,2870.75,"{""vsknn_k"": 100, ""vsknn_popularity_weight"": 1.0, ""vsknn_sample_size"": 500}",,,,,,,,,,,,,1.0,
VS-KNN,adressa_recbole_sample,cuda,1,2048,1024,1194.48,1615.26,0.0,200,100,0.2589,0.4139,0.1597,0.2097,0.1275,0.1481,"adressa_recbole_sample::VS-KNN::{""vsknn_k"": 200, ""vsknn_popularity_weight"": 0.0, ""vsknn_sample_size"": 100}",success,,2817.32,"{""vsknn_k"": 200, ""vsknn_popularity_weight"": 0.0, ""vsknn_sample_size"": 100}",,,,,,,,,,,,,0.0,
VS-KNN,adressa_recbole_sample,cuda,1,2048,1024,1226.97,1671.54,0.0,200,100,0.0992,0.1674,0.0665,0.088,0.0557,0.0643,"adressa_recbole_sample::VS-KNN::{""vsknn_k"": 200, ""vsknn_popularity_weight"": 0.5, ""vsknn_sample_size"": 100}",success,,2906.33,"{""vsknn_k"": 200, ""vsknn_popularity_weight"": 0.5, ""vsknn_sample_size"": 100}",,,,,,,,,,,,,0.5,
VS-KNN,adressa_recbole_sample,cuda,1,2048,1024,1236.96,1678.99,0.0,200,100,0.0152,0.0419,0.0085,0.017,0.0064,0.0098,"adressa_recbole_sample::VS-KNN::{""vsknn_k"": 200, ""vsknn_popularity_weight"": 1.0, ""vsknn_sample_size"": 100}",success,,2923.5,"{""vsknn_k"": 200, ""vsknn_popularity_weight"": 1.0, ""vsknn_sample_size"": 100}",,,,,,,,,,,,,1.0,
VS-KNN,adressa_recbole_sample,cuda,1,2048,1024,1302.57,1770.67,0.0,200,250,0.2599,0.4237,0.1603,0.2132,0.128,0.1497,"adressa_recbole_sample::VS-KNN::{""vsknn_k"": 200, ""vsknn_popularity_weight"": 0.0, ""vsknn_sample_size"": 250}",success,,3081.12,"{""vsknn_k"": 200, ""vsknn_popularity_weight"": 0.0, ""vsknn_sample_size"": 250}",,,,,,,,,,,,,0.0,
VS-KNN,adressa_recbole_sample,cuda,1,2048,1024,1357.58,1845.55,0.0,200,250,0.105,0.1591,0.0754,0.0927,0.0658,0.0727,"adressa_recbole_sample::VS-KNN::{""vsknn_k"": 200, ""vsknn_popularity_weight"": 0.5, ""vsknn_sample_size"": 250}",success,,3210.74,"{""vsknn_k"": 200, ""vsknn_popularity_weight"": 0.5, ""vsknn_sample_size"": 250}",,,,,,,,,,,,,0.5,
VS-KNN,adressa_recbole_sample,cuda,1,2048,1024,1354.14,1843.82,0.0,200,250,0.0094,0.0229,0.0058,0.0101,0.0047,0.0064,"adressa_recbole_sample::VS-KNN::{""vsknn_k"": 200, ""vsknn_popularity_weight"": 1.0, ""vsknn_sample_size"": 250}",success,,3205.78,"{""vsknn_k"": 200, ""vsknn_popularity_weight"": 1.0, ""vsknn_sample_size"": 250}",,,,,,,,,,,,,1.0,
VS-KNN,adressa_recbole_sample,cuda,1,2048,1024,1266.72,1715.23,0.0,200,500,0.2524,0.42,0.1566,0.2105,0.1254,0.1475,"adressa_recbole_sample::VS-KNN::{""vsknn_k"": 200, ""vsknn_popularity_weight"": 0.0, ""vsknn_sample_size"": 500}",success,,2989.5,"{""vsknn_k"": 200, ""vsknn_popularity_weight"": 0.0, ""vsknn_sample_size"": 500}",,,,,,,,,,,,,0.0,
VS-KNN,adressa_recbole_sample,cuda,1,2048,1024,1299.17,1760.5,0.0,200,500,0.1234,0.1932,0.0884,0.1106,0.0769,0.0858,"adressa_recbole_sample::VS-KNN::{""vsknn_k"": 200, ""vsknn_popularity_weight"": 0.5, ""vsknn_sample_size"": 500}",success,,3067.49,"{""vsknn_k"": 200, ""vsknn_popularity_weight"": 0.5, ""vsknn_sample_size"": 500}",,,,,,,,,,,,,0.5,
VS-KNN,adressa_recbole_sample,cuda,1,2048,1024,1286.82,1743.34,0.0,200,500,0.0163,0.053,0.0098,0.0213,0.0076,0.0123,"adressa_recbole_sample::VS-KNN::{""vsknn_k"": 200, ""vsknn_popularity_weight"": 1.0, ""vsknn_sample_size"": 500}",success,,3037.73,"{""vsknn_k"": 200, ""vsknn_popularity_weight"": 1.0, ""vsknn_sample_size"": 500}",,,,,,,,,,,,,1.0,
VS-KNN,adressa_recbole_sample,cuda,1,2048,1024,1203.17,1630.94,0.0,500,100,0.2589,0.4139,0.1597,0.2097,0.1275,0.1481,"adressa_recbole_sample::VS-KNN::{""vsknn_k"": 500, ""vsknn_popularity_weight"": 0.0, ""vsknn_sample_size"": 100}",success,,2841.97,"{""vsknn_k"": 500, ""vsknn_popularity_weight"": 0.0, ""vsknn_sample_size"": 100}",,,,,,,,,,,,,0.0,
VS-KNN,adressa_recbole_sample,cuda,1,2048,1024,1224.61,1659.83,0.0,500,100,0.0992,0.1674,0.0665,0.088,0.0557,0.0643,"adressa_recbole_sample::VS-KNN::{""vsknn_k"": 500, ""vsknn_popularity_weight"": 0.5, ""vsknn_sample_size"": 100}",success,,2892.03,"{""vsknn_k"": 500, ""vsknn_popularity_weight"": 0.5, ""vsknn_sample_size"": 100}",,,,,,,,,,,,,0.5,
VS-KNN,adressa_recbole_sample,cuda,1,2048,1024,1241.24,1686.56,0.0,500,100,0.0152,0.0419,0.0085,0.017,0.0064,0.0098,"adressa_recbole_sample::VS-KNN::{""vsknn_k"": 500, ""vsknn_popularity_weight"": 1.0, ""vsknn_sample_size"": 100}",success,,2935.55,"{""vsknn_k"": 500, ""vsknn_popularity_weight"": 1.0, ""vsknn_sample_size"": 100}",,,,,,,,,,,,,1.0,
VS-KNN,adressa_recbole_sample,cuda,1,2048,1024,1408.21,1918.73,0.0,500,250,0.2593,0.4189,0.16,0.2114,0.1278,0.1489,"adressa_recbole_sample::VS-KNN::{""vsknn_k"": 500, ""vsknn_popularity_weight"": 0.0, ""vsknn_sample_size"": 250}",success,,3334.78,"{""vsknn_k"": 500, ""vsknn_popularity_weight"": 0.0, ""vsknn_sample_size"": 250}",,,,,,,,,,,,,0.0,
VS-KNN,adressa_recbole_sample,cuda,1,2048,1024,1495.06,2042.78,0.0,500,250,0.1068,0.1566,0.0765,0.0924,0.0666,0.073,"adressa_recbole_sample::VS-KNN::{""vsknn_k"": 500, ""vsknn_popularity_weight"": 0.5, ""vsknn_sample_size"": 250}",success,,3545.37,"{""vsknn_k"": 500, ""vsknn_popularity_weight"": 0.5, ""vsknn_sample_size"": 250}",,,,,,,,,,,,,0.5,
VS-KNN,adressa_recbole_sample,cuda,1,2048,1024,1502.91,2054.48,0.0,500,250,0.0063,0.0138,0.0044,0.0068,0.0038,0.0048,"adressa_recbole_sample::VS-KNN::{""vsknn_k"": 500, ""vsknn_popularity_weight"": 1.0, ""vsknn_sample_size"": 250}",success,,3565.13,"{""vsknn_k"": 500, ""vsknn_popularity_weight"": 1.0, ""vsknn_sample_size"": 250}",,,,,,,,,,,,,1.0,
VS-KNN,adressa_recbole_sample,cuda,1,2048,1024,1778.57,2445.84,0.0,500,500,0.2614,0.4206,0.1611,0.2123,0.1284,0.1494,"adressa_recbole_sample::VS-KNN::{""vsknn_k"": 500, ""vsknn_popularity_weight"": 0.0, ""vsknn_sample_size"": 500}",success,,4232.12,"{""vsknn_k"": 500, ""vsknn_popularity_weight"": 0.0, ""vsknn_sample_size"": 500}",,,,,,,,,,,,,0.0,
VS-KNN,adressa_recbole_sample,cuda,1,2048,1024,1942.77,2678.56,0.0,500,500,0.1231,0.1817,0.0872,0.1058,0.0754,0.0829,"adressa_recbole_sample::VS-KNN::{""vsknn_k"": 500, ""vsknn_popularity_weight"": 0.5, ""vsknn_sample_size"": 500}",success,,4628.99,"{""vsknn_k"": 500, ""vsknn_popularity_weight"": 0.5, ""vsknn_sample_size"": 500}",,,,,,,,,,,,,0.5,
VS-KNN,adressa_recbole_sample,cuda,1,2048,1024,1938.37,2691.66,0.0,500,500,0.0057,0.0106,0.0042,0.0058,0.0037,0.0043,"adressa_recbole_sample::VS-KNN::{""vsknn_k"": 500, ""vsknn_popularity_weight"": 1.0, ""vsknn_sample_size"": 500}",success,,4637.84,"{""vsknn_k"": 500, ""vsknn_popularity_weight"": 1.0, ""vsknn_sample_size"": 500}",,,,,,,,,,,,,1.0,
VSTAN,adressa_recbole_sample,cuda,1,2048,1024,1204.05,1635.35,0.0,,,0.2456,0.3985,0.1553,0.2045,0.126,0.1462,"adressa_recbole_sample::VSTAN::{""vstan_idf_weighting"": true, ""vstan_k"": 100, ""vstan_popularity_weight"": 0.0, ""vstan_position_decay"": 0.05, ""vstan_sample_size"": 100}",success,,2846.88,"{""vstan_idf_weighting"": true, ""vstan_k"": 100, ""vstan_popularity_weight"": 0.0, ""vstan_position_decay"": 0.05, ""vstan_sample_size"": 100}",100,100,0.05,True,,,,,,,,,,0.0
VSTAN,adressa_recbole_sample,cuda,1,2048,1024,1238.57,1679.74,0.0,,,0.0556,0.1103,0.0333,0.0507,0.026,0.0331,"adressa_recbole_sample::VSTAN::{""vstan_idf_weighting"": true, ""vstan_k"": 100, ""vstan_popularity_weight"": 0.5, ""vstan_position_decay"": 0.05, ""vstan_sample_size"": 100}",success,,2925.97,"{""vstan_idf_weighting"": true, ""vstan_k"": 100, ""vstan_popularity_weight"": 0.5, ""vstan_position_decay"": 0.05, ""vstan_sample_size"": 100}",100,100,0.05,True,,,,,,,,,,0.5
VSTAN,adressa_recbole_sample,cuda,1,2048,1024,1242.92,1686.45,0.0,,,0.014,0.0346,0.008,0.0145,0.006,0.0087,"adressa_recbole_sample::VSTAN::{""vstan_idf_weighting"": true, ""vstan_k"": 100, ""vstan_popularity_weight"": 1.0, ""vstan_position_decay"": 0.05, ""vstan_sample_size"": 100}",success,,2936.74,"{""vstan_idf_weighting"": true, ""vstan_k"": 100, ""vstan_popularity_weight"": 1.0, ""vstan_position_decay"": 0.05, ""vstan_sample_size"": 100}",100,100,0.05,True,,,,,,,,,,1.0
VSTAN,adressa_recbole_sample,cuda,1,2048,1024,1220.81,1651.79,0.0,,,0.2671,0.4192,0.1654,0.2144,0.1324,0.1524,"adressa_recbole_sample::VSTAN::{""vstan_idf_weighting"": false, ""vstan_k"": 100, ""vstan_popularity_weight"": 0.0, ""vstan_position_decay"": 0.05, ""vstan_sample_size"": 100}",success,,2879.97,"{""vstan_idf_weighting"": false, ""vstan_k"": 100, ""vstan_popularity_weight"": 0.0, ""vstan_position_decay"": 0.05, ""vstan_sample_size"": 100}",100,100,0.05,False,,,,,,,,,,0.0
VSTAN,adressa_recbole_sample,cuda,1,2048,1024,1249.46,1697.51,0.0,,,0.1027,0.1758,0.0685,0.0916,0.0572,0.0664,"adressa_recbole_sample::VSTAN::{""vstan_idf_weighting"": false, ""vstan_k"": 100, ""vstan_popularity_weight"": 0.5, ""vstan_position_decay"": 0.05, ""vstan_sample_size"": 100}",success,,2954.6,"{""vstan_idf_weighting"": false, ""vstan_k"": 100, ""vstan_popularity_weight"": 0.5, ""vstan_position_decay"": 0.05, ""vstan_sample_size"": 100}",100,100,0.05,False,,,,,,,,,,0.5
VSTAN,adressa_recbole_sample,cuda,1,2048,1024,1228.86,1666.87,0.0,,,0.0162,0.0443,0.0091,0.018,0.0068,0.0104,"adressa_recbole_sample::VSTAN::{""vstan_idf_weighting"": false, ""vstan_k"": 100, ""vstan_popularity_weight"": 1.0, ""vstan_position_decay"": 0.05, ""vstan_sample_size"": 100}",success,,2903.47,"{""vstan_idf_weighting"": false, ""vstan_k"": 100, ""vstan_popularity_weight"": 1.0, ""vstan_position_decay"": 0.05, ""vstan_sample_size"": 100}",100,100,0.05,False,,,,,,,,,,1.0
VSTAN,adressa_recbole_sample,cuda,1,2048,1024,1204.82,1639.52,0.0,,,0.2477,0.397,0.1567,0.2049,0.1273,0.147,"adressa_recbole_sample::VSTAN::{""vstan_idf_weighting"": true, ""vstan_k"": 100, ""vstan_popularity_weight"": 0.0, ""vstan_position_decay"": 0.1, ""vstan_sample_size"": 100}",success,,2852.08,"{""vstan_idf_weighting"": true, ""vstan_k"": 100, ""vstan_popularity_weight"": 0.0, ""vstan_position_decay"": 0.1, ""vstan_sample_size"": 100}",100,100,0.1,True,,,,,,,,,,0.0
VSTAN,adressa_recbole_sample,cuda,1,2048,1024,1237.13,1683.3,0.0,,,0.0586,0.1126,0.0347,0.052,0.027,0.0341,"adressa_recbole_sample::VSTAN::{""vstan_idf_weighting"": true, ""vstan_k"": 100, ""vstan_popularity_weight"": 0.5, ""vstan_position_decay"": 0.1, ""vstan_sample_size"": 100}",success,,2928.14,"{""vstan_idf_weighting"": true, ""vstan_k"": 100, ""vstan_popularity_weight"": 0.5, ""vstan_position_decay"": 0.1, ""vstan_sample_size"": 100}",100,100,0.1,True,,,,,,,,,,0.5
VSTAN,adressa_recbole_sample,cuda,1,2048,1024,1242.08,1683.97,0.0,,,0.0146,0.0365,0.0084,0.0153,0.0064,0.0091,"adressa_recbole_sample::VSTAN::{""vstan_idf_weighting"": true, ""vstan_k"": 100, ""vstan_popularity_weight"": 1.0, ""vstan_position_decay"": 0.1, ""vstan_sample_size"": 100}",success,,2933.78,"{""vstan_idf_weighting"": true, ""vstan_k"": 100, ""vstan_popularity_weight"": 1.0, ""vstan_position_decay"": 0.1, ""vstan_sample_size"": 100}",100,100,0.1,True,,,,,,,,,,1.0
VSTAN,adressa_recbole_sample,cuda,1,2048,1024,1205.29,1628.39,0.0,,,0.2697,0.4226,0.1675,0.2167,0.1343,0.1544,"adressa_recbole_sample::VSTAN::{""vstan_idf_weighting"": false, ""vstan_k"": 100, ""vstan_popularity_weight"": 0.0, ""vstan_position_decay"": 0.1, ""vstan_sample_size"": 100}",success,,2841.49,"{""vstan_idf_weighting"": false, ""vstan_k"": 100, ""vstan_popularity_weight"": 0.0, ""vstan_position_decay"": 0.1, ""vstan_sample_size"": 100}",100,100,0.1,False,,,,,,,,,,0.0
VSTAN,adressa_recbole_sample,cuda,1,2048,1024,1243.38,1695.83,0.0,,,0.1054,0.1816,0.0691,0.0932,0.0571,0.0668,"adressa_recbole_sample::VSTAN::{""vstan_idf_weighting"": false, ""vstan_k"": 100, ""vstan_popularity_weight"": 0.5, ""vstan_position_decay"": 0.1, ""vstan_sample_size"": 100}",success,,2946.97,"{""vstan_idf_weighting"": false, ""vstan_k"": 100, ""vstan_popularity_weight"": 0.5, ""vstan_position_decay"": 0.1, ""vstan_sample_size"": 100}",100,100,0.1,False,,,,,,,,,,0.5
VSTAN,adressa_recbole_sample,cuda,1,2048,1024,1226.22,1666.44,0.0,,,0.0176,0.0467,0.0098,0.0191,0.0074,0.0111,"adressa_recbole_sample::VSTAN::{""vstan_idf_weighting"": false, ""vstan_k"": 100, ""vstan_popularity_weight"": 1.0, ""vstan_position_decay"": 0.1, ""vstan_sample_size"": 100}",success,,2900.42,"{""vstan_idf_weighting"": false, ""vstan_k"": 100, ""vstan_popularity_weight"": 1.0, ""vstan_position_decay"": 0.1, ""vstan_sample_size"": 100}",100,100,0.1,False,,,,,,,,,,1.0
VSTAN,adressa_recbole_sample,cuda,1,2048,1024,1204.7,1636.57,0.0,,,0.2505,0.39,0.1584,0.2033,0.1285,0.1469,"adressa_recbole_sample::VSTAN::{""vstan_idf_weighting"": true, ""vstan_k"": 100, ""vstan_popularity_weight"": 0.0, ""vstan_position_decay"": 0.2, ""vstan_sample_size"": 100}",success,,2849.02,"{""vstan_idf_weighting"": true, ""vstan_k"": 100, ""vstan_popularity_weight"": 0.0, ""vstan_position_decay"": 0.2, ""vstan_sample_size"": 100}",100,100,0.2,True,,,,,,,,,,0.0
VSTAN,adressa_recbole_sample,cuda,1,2048,1024,1233.13,1670.02,0.0,,,0.0624,0.1183,0.0371,0.0548,0.0289,0.036,"adressa_recbole_sample::VSTAN::{""vstan_idf_weighting"": true, ""vstan_k"": 100, ""vstan_popularity_weight"": 0.5, ""vstan_position_decay"": 0.2, ""vstan_sample_size"": 100}",success,,2910.87,"{""vstan_idf_weighting"": true, ""vstan_k"": 100, ""vstan_popularity_weight"": 0.5, ""vstan_position_decay"": 0.2, ""vstan_sample_size"": 100}",100,100,0.2,True,,,,,,,,,,0.5
VSTAN,adressa_recbole_sample,cuda,1,2048,1024,1234.45,1678.34,0.0,,,0.0164,0.0407,0.0094,0.017,0.0071,0.0102,"adressa_recbole_sample::VSTAN::{""vstan_idf_weighting"": true, ""vstan_k"": 100, ""vstan_popularity_weight"": 1.0, ""vstan_position_decay"": 0.2, ""vstan_sample_size"": 100}",success,,2920.61,"{""vstan_idf_weighting"": true, ""vstan_k"": 100, ""vstan_popularity_weight"": 1.0, ""vstan_position_decay"": 0.2, ""vstan_sample_size"": 100}",100,100,0.2,True,,,,,,,,,,1.0
VSTAN,adressa_recbole_sample,cuda,1,2048,1024,1190.33,1615.74,0.0,,,0.2707,0.4243,0.1691,0.2186,0.1361,0.1564,"adressa_recbole_sample::VSTAN::{""vstan_idf_weighting"": false, ""vstan_k"": 100, ""vstan_popularity_weight"": 0.0, ""vstan_position_decay"": 0.2, ""vstan_sample_size"": 100}",success,,2813.83,"{""vstan_idf_weighting"": false, ""vstan_k"": 100, ""vstan_popularity_weight"": 0.0, ""vstan_position_decay"": 0.2, ""vstan_sample_size"": 100}",100,100,0.2,False,,,,,,,,,,0.0
VSTAN,adressa_recbole_sample,cuda,1,2048,1024,1237.49,1683.27,0.0,,,0.1075,0.187,0.0697,0.095,0.0573,0.0675,"adressa_recbole_sample::VSTAN::{""vstan_idf_weighting"": false, ""vstan_k"": 100, ""vstan_popularity_weight"": 0.5, ""vstan_position_decay"": 0.2, ""vstan_sample_size"": 100}",success,,2928.51,"{""vstan_idf_weighting"": false, ""vstan_k"": 100, ""vstan_popularity_weight"": 0.5, ""vstan_position_decay"": 0.2, ""vstan_sample_size"": 100}",100,100,0.2,False,,,,,,,,,,0.5
VSTAN,adressa_recbole_sample,cuda,1,2048,1024,1231.34,1672.7,0.0,,,0.0213,0.0524,0.0117,0.0216,0.0086,0.0126,"adressa_recbole_sample::VSTAN::{""vstan_idf_weighting"": false, ""vstan_k"": 100, ""vstan_popularity_weight"": 1.0, ""vstan_position_decay"": 0.2, ""vstan_sample_size"": 100}",success,,2911.81,"{""vstan_idf_weighting"": false, ""vstan_k"": 100, ""vstan_popularity_weight"": 1.0, ""vstan_position_decay"": 0.2, ""vstan_sample_size"": 100}",100,100,0.2,False,,,,,,,,,,1.0
VSTAN,adressa_recbole_sample,cuda,1,2048,1024,1178.14,1592.49,0.0,,,0.237,0.3843,0.1531,0.2007,0.1259,0.1455,"adressa_recbole_sample::VSTAN::{""vstan_idf_weighting"": true, ""vstan_k"": 100, ""vstan_popularity_weight"": 0.0, ""vstan_position_decay"": 0.05, ""vstan_sample_size"": 250}",success,,2778.37,"{""vstan_idf_weighting"": true, ""vstan_k"": 100, ""vstan_popularity_weight"": 0.0, ""vstan_position_decay"": 0.05, ""vstan_sample_size"": 250}",100,250,0.05,True,,,,,,,,,,0.0
VSTAN,adressa_recbole_sample,cuda,1,2048,1024,1215.9,1647.0,0.0,,,0.0743,0.1385,0.0427,0.0632,0.0324,0.0408,"adressa_recbole_sample::VSTAN::{""vstan_idf_weighting"": true, ""vstan_k"": 100, ""vstan_popularity_weight"": 0.5, ""vstan_position_decay"": 0.05, ""vstan_sample_size"": 250}",success,,2870.67,"{""vstan_idf_weighting"": true, ""vstan_k"": 100, ""vstan_popularity_weight"": 0.5, ""vstan_position_decay"": 0.05, ""vstan_sample_size"": 250}",100,250,0.05,True,,,,,,,,,,0.5
VSTAN,adressa_recbole_sample,cuda,1,2048,1024,1208.4,1635.56,0.0,,,0.0187,0.0554,0.0111,0.0227,0.0087,0.0133,"adressa_recbole_sample::VSTAN::{""vstan_idf_weighting"": true, ""vstan_k"": 100, ""vstan_popularity_weight"": 1.0, ""vstan_position_decay"": 0.05, ""vstan_sample_size"": 250}",success,,2851.76,"{""vstan_idf_weighting"": true, ""vstan_k"": 100, ""vstan_popularity_weight"": 1.0, ""vstan_position_decay"": 0.05, ""vstan_sample_size"": 250}",100,250,0.05,True,,,,,,,,,,1.0
VSTAN,adressa_recbole_sample,cuda,1,2048,1024,1162.36,1574.01,0.0,,,0.2608,0.4202,0.1636,0.2151,0.132,0.1532,"adressa_recbole_sample::VSTAN::{""vstan_idf_weighting"": false, ""vstan_k"": 100, ""vstan_popularity_weight"": 0.0, ""vstan_position_decay"": 0.05, ""vstan_sample_size"": 250}",success,,2744.14,"{""vstan_idf_weighting"": false, ""vstan_k"": 100, ""vstan_popularity_weight"": 0.0, ""vstan_position_decay"": 0.05, ""vstan_sample_size"": 250}",100,250,0.05,False,,,,,,,,,,0.0
VSTAN,adressa_recbole_sample,cuda,1,2048,1024,1184.94,1604.16,0.0,,,0.1159,0.195,0.0808,0.1059,0.0693,0.0795,"adressa_recbole_sample::VSTAN::{""vstan_idf_weighting"": false, ""vstan_k"": 100, ""vstan_popularity_weight"": 0.5, ""vstan_position_decay"": 0.05, ""vstan_sample_size"": 250}",success,,2796.67,"{""vstan_idf_weighting"": false, ""vstan_k"": 100, ""vstan_popularity_weight"": 0.5, ""vstan_position_decay"": 0.05, ""vstan_sample_size"": 250}",100,250,0.05,False,,,,,,,,,,0.5
VSTAN,adressa_recbole_sample,cuda,1,2048,1024,1184.81,1603.81,0.0,,,0.0277,0.0813,0.0151,0.032,0.0111,0.0178,"adressa_recbole_sample::VSTAN::{""vstan_idf_weighting"": false, ""vstan_k"": 100, ""vstan_popularity_weight"": 1.0, ""vstan_position_decay"": 0.05, ""vstan_sample_size"": 250}",success,,2796.43,"{""vstan_idf_weighting"": false, ""vstan_k"": 100, ""vstan_popularity_weight"": 1.0, ""vstan_position_decay"": 0.05, ""vstan_sample_size"": 250}",100,250,0.05,False,,,,,,,,,,1.0
VSTAN,adressa_recbole_sample,cuda,1,2048,1024,1172.4,1588.07,0.0,,,0.2441,0.3876,0.1575,0.2039,0.1294,0.1485,"adressa_recbole_sample::VSTAN::{""vstan_idf_weighting"": true, ""vstan_k"": 100, ""vstan_popularity_weight"": 0.0, ""vstan_position_decay"": 0.1, ""vstan_sample_size"": 250}",success,,2768.06,"{""vstan_idf_weighting"": true, ""vstan_k"": 100, ""vstan_popularity_weight"": 0.0, ""vstan_position_decay"": 0.1, ""vstan_sample_size"": 250}",100,250,0.1,True,,,,,,,,,,0.0
VSTAN,adressa_recbole_sample,cuda,1,2048,1024,1194.8,1616.82,0.0,,,0.0764,0.1408,0.0436,0.0642,0.033,0.0413,"adressa_recbole_sample::VSTAN::{""vstan_idf_weighting"": true, ""vstan_k"": 100, ""vstan_popularity_weight"": 0.5, ""vstan_position_decay"": 0.1, ""vstan_sample_size"": 250}",success,,2819.47,"{""vstan_idf_weighting"": true, ""vstan_k"": 100, ""vstan_popularity_weight"": 0.5, ""vstan_position_decay"": 0.1, ""vstan_sample_size"": 250}",100,250,0.1,True,,,,,,,,,,0.5
VSTAN,adressa_recbole_sample,cuda,1,2048,1024,1174.72,1601.63,0.0,,,0.0194,0.056,0.0115,0.0231,0.009,0.0136,"adressa_recbole_sample::VSTAN::{""vstan_idf_weighting"": true, ""vstan_k"": 100, ""vstan_popularity_weight"": 1.0, ""vstan_position_decay"": 0.1, ""vstan_sample_size"": 250}",success,,2783.9,"{""vstan_idf_weighting"": true, ""vstan_k"": 100, ""vstan_popularity_weight"": 1.0, ""vstan_position_decay"": 0.1, ""vstan_sample_size"": 250}",100,250,0.1,True,,,,,,,,,,1.0
VSTAN,adressa_recbole_sample,cuda,1,2048,1024,1164.85,1577.04,0.0,,,0.2666,0.4256,0.1674,0.2188,0.1351,0.1563,"adressa_recbole_sample::VSTAN::{""vstan_idf_weighting"": false, ""vstan_k"": 100, ""vstan_popularity_weight"": 0.0, ""vstan_position_decay"": 0.1, ""vstan_sample_size"": 250}",success,,2749.74,"{""vstan_idf_weighting"": false, ""vstan_k"": 100, ""vstan_popularity_weight"": 0.0, ""vstan_position_decay"": 0.1, ""vstan_sample_size"": 250}",100,250,0.1,False,,,,,,,,,,0.0
VSTAN,adressa_recbole_sample,cuda,1,2048,1024,1194.62,1613.5,0.0,,,0.1189,0.1994,0.0831,0.1086,0.0714,0.0817,"adressa_recbole_sample::VSTAN::{""vstan_idf_weighting"": false, ""vstan_k"": 100, ""vstan_popularity_weight"": 0.5, ""vstan_position_decay"": 0.1, ""vstan_sample_size"": 250}",success,,2815.71,"{""vstan_idf_weighting"": false, ""vstan_k"": 100, ""vstan_popularity_weight"": 0.5, ""vstan_position_decay"": 0.1, ""vstan_sample_size"": 250}",100,250,0.1,False,,,,,,,,,,0.5
VSTAN,adressa_recbole_sample,cuda,1,2048,1024,1204.74,1623.53,0.0,,,0.0279,0.0824,0.0152,0.0325,0.0112,0.0181,"adressa_recbole_sample::VSTAN::{""vstan_idf_weighting"": false, ""vstan_k"": 100, ""vstan_popularity_weight"": 1.0, ""vstan_position_decay"": 0.1, ""vstan_sample_size"": 250}",success,,2836.12,"{""vstan_idf_weighting"": false, ""vstan_k"": 100, ""vstan_popularity_weight"": 1.0, ""vstan_position_decay"": 0.1, ""vstan_sample_size"": 250}",100,250,0.1,False,,,,,,,,,,1.0
VSTAN,adressa_recbole_sample,cuda,1,2048,1024,1177.76,1603.13,0.0,,,0.2518,0.3901,0.1623,0.207,0.1332,0.1516,"adressa_recbole_sample::VSTAN::{""vstan_idf_weighting"": true, ""vstan_k"": 100, ""vstan_popularity_weight"": 0.0, ""vstan_position_decay"": 0.2, ""vstan_sample_size"": 250}",success,,2789.08,"{""vstan_idf_weighting"": true, ""vstan_k"": 100, ""vstan_popularity_weight"": 0.0, ""vstan_position_decay"": 0.2, ""vstan_sample_size"": 250}",100,250,0.2,True,,,,,,,,,,0.0
VSTAN,adressa_recbole_sample,cuda,1,2048,1024,1196.85,1620.74,0.0,,,0.0777,0.1428,0.0444,0.0652,0.0336,0.0421,"adressa_recbole_sample::VSTAN::{""vstan_idf_weighting"": true, ""vstan_k"": 100, ""vstan_popularity_weight"": 0.5, ""vstan_position_decay"": 0.2, ""vstan_sample_size"": 250}",success,,2825.8,"{""vstan_idf_weighting"": true, ""vstan_k"": 100, ""vstan_popularity_weight"": 0.5, ""vstan_position_decay"": 0.2, ""vstan_sample_size"": 250}",100,250,0.2,True,,,,,,,,,,0.5
VSTAN,adressa_recbole_sample,cuda,1,2048,1024,1207.98,1635.28,0.0,,,0.0202,0.0593,0.0119,0.0242,0.0093,0.0141,"adressa_recbole_sample::VSTAN::{""vstan_idf_weighting"": true, ""vstan_k"": 100, ""vstan_popularity_weight"": 1.0, ""vstan_position_decay"": 0.2, ""vstan_sample_size"": 250}",success,,2851.56,"{""vstan_idf_weighting"": true, ""vstan_k"": 100, ""vstan_popularity_weight"": 1.0, ""vstan_position_decay"": 0.2, ""vstan_sample_size"": 250}",100,250,0.2,True,,,,,,,,,,1.0
VSTAN,adressa_recbole_sample,cuda,1,2048,1024,1174.75,1587.44,0.0,,,0.2763,0.4308,0.1741,0.224,0.1408,0.1613,"adressa_recbole_sample::VSTAN::{""vstan_idf_weighting"": false, ""vstan_k"": 100, ""vstan_popularity_weight"": 0.0, ""vstan_position_decay"": 0.2, ""vstan_sample_size"": 250}",success,,2770.13,"{""vstan_idf_weighting"": false, ""vstan_k"": 100, ""vstan_popularity_weight"": 0.0, ""vstan_position_decay"": 0.2, ""vstan_sample_size"": 250}",100,250,0.2,False,,,,,,,,,,0.0
VSTAN,adressa_recbole_sample,cuda,1,2048,1024,1195.21,1618.26,0.0,,,0.1217,0.2045,0.0853,0.1116,0.0735,0.084,"adressa_recbole_sample::VSTAN::{""vstan_idf_weighting"": false, ""vstan_k"": 100, ""vstan_popularity_weight"": 0.5, ""vstan_position_decay"": 0.2, ""vstan_sample_size"": 250}",success,,2821.83,"{""vstan_idf_weighting"": false, ""vstan_k"": 100, ""vstan_popularity_weight"": 0.5, ""vstan_position_decay"": 0.2, ""vstan_sample_size"": 250}",100,250,0.2,False,,,,,,,,,,0.5
VSTAN,adressa_recbole_sample,cuda,1,2048,1024,1195.53,1616.85,0.0,,,0.0287,0.0834,0.0158,0.0332,0.0117,0.0187,"adressa_recbole_sample::VSTAN::{""vstan_idf_weighting"": false, ""vstan_k"": 100, ""vstan_popularity_weight"": 1.0, ""vstan_position_decay"": 0.2, ""vstan_sample_size"": 250}",success,,2820.44,"{""vstan_idf_weighting"": false, ""vstan_k"": 100, ""vstan_popularity_weight"": 1.0, ""vstan_position_decay"": 0.2, ""vstan_sample_size"": 250}",100,250,0.2,False,,,,,,,,,,1.0
VSTAN,adressa_recbole_sample,cuda,1,2048,1024,1197.75,1682.15,0.0,,,0.2283,0.3693,0.1506,0.196,0.1253,0.1439,"adressa_recbole_sample::VSTAN::{""vstan_idf_weighting"": true, ""vstan_k"": 100, ""vstan_popularity_weight"": 0.0, ""vstan_position_decay"": 0.05, ""vstan_sample_size"": 500}",success,,2887.97,"{""vstan_idf_weighting"": true, ""vstan_k"": 100, ""vstan_popularity_weight"": 0.0, ""vstan_position_decay"": 0.05, ""vstan_sample_size"": 500}",100,500,0.05,True,,,,,,,,,,0.0
VSTAN,adressa_recbole_sample,cuda,1,2048,1024,1311.67,1669.34,0.0,,,0.0929,0.1546,0.0566,0.0763,0.0447,0.0527,"adressa_recbole_sample::VSTAN::{""vstan_idf_weighting"": true, ""vstan_k"": 100, ""vstan_popularity_weight"": 0.5, ""vstan_position_decay"": 0.05, ""vstan_sample_size"": 500}",success,,2989.25,"{""vstan_idf_weighting"": true, ""vstan_k"": 100, ""vstan_popularity_weight"": 0.5, ""vstan_position_decay"": 0.05, ""vstan_sample_size"": 500}",100,500,0.05,True,,,,,,,,,,0.5
VSTAN,adressa_recbole_sample,cuda,1,2048,1024,1217.31,1647.27,0.0,,,0.0286,0.0742,0.0162,0.0307,0.0123,0.018,"adressa_recbole_sample::VSTAN::{""vstan_idf_weighting"": true, ""vstan_k"": 100, ""vstan_popularity_weight"": 1.0, ""vstan_position_decay"": 0.05, ""vstan_sample_size"": 500}",success,,2872.5,"{""vstan_idf_weighting"": true, ""vstan_k"": 100, ""vstan_popularity_weight"": 1.0, ""vstan_position_decay"": 0.05, ""vstan_sample_size"": 500}",100,500,0.05,True,,,,,,,,,,1.0
VSTAN,adressa_recbole_sample,cuda,1,2048,1024,1200.89,1631.74,0.0,,,0.2551,0.4063,0.1624,0.2112,0.1322,0.1523,"adressa_recbole_sample::VSTAN::{""vstan_idf_weighting"": false, ""vstan_k"": 100, ""vstan_popularity_weight"": 0.0, ""vstan_position_decay"": 0.05, ""vstan_sample_size"": 500}",success,,2840.93,"{""vstan_idf_weighting"": false, ""vstan_k"": 100, ""vstan_popularity_weight"": 0.0, ""vstan_position_decay"": 0.05, ""vstan_sample_size"": 500}",100,500,0.05,False,,,,,,,,,,0.0
VSTAN,adressa_recbole_sample,cuda,1,2048,1024,1207.02,1630.43,0.0,,,0.1324,0.2104,0.0938,0.1186,0.0812,0.0912,"adressa_recbole_sample::VSTAN::{""vstan_idf_weighting"": false, ""vstan_k"": 100, ""vstan_popularity_weight"": 0.5, ""vstan_position_decay"": 0.05, ""vstan_sample_size"": 500}",success,,2845.47,"{""vstan_idf_weighting"": false, ""vstan_k"": 100, ""vstan_popularity_weight"": 0.5, ""vstan_position_decay"": 0.05, ""vstan_sample_size"": 500}",100,500,0.05,False,,,,,,,,,,0.5
VSTAN,adressa_recbole_sample,cuda,1,2048,1024,1197.1,1624.99,0.0,,,0.0426,0.1049,0.0233,0.0433,0.0171,0.0252,"adressa_recbole_sample::VSTAN::{""vstan_idf_weighting"": false, ""vstan_k"": 100, ""vstan_popularity_weight"": 1.0, ""vstan_position_decay"": 0.05, ""vstan_sample_size"": 500}",success,,2829.97,"{""vstan_idf_weighting"": false, ""vstan_k"": 100, ""vstan_popularity_weight"": 1.0, ""vstan_position_decay"": 0.05, ""vstan_sample_size"": 500}",100,500,0.05,False,,,,,,,,,,1.0
VSTAN,adressa_recbole_sample,cuda,1,2048,1024,1228.12,1629.58,0.0,,,0.2359,0.3759,0.1556,0.2006,0.1293,0.1478,"adressa_recbole_sample::VSTAN::{""vstan_idf_weighting"": true, ""vstan_k"": 100, ""vstan_popularity_weight"": 0.0, ""vstan_position_decay"": 0.1, ""vstan_sample_size"": 500}",success,,2865.32,"{""vstan_idf_weighting"": true, ""vstan_k"": 100, ""vstan_popularity_weight"": 0.0, ""vstan_position_decay"": 0.1, ""vstan_sample_size"": 500}",100,500,0.1,True,,,,,,,,,,0.0
VSTAN,adressa_recbole_sample,cuda,1,2048,1024,1208.75,1639.03,0.0,,,0.0954,0.159,0.0587,0.079,0.0468,0.055,"adressa_recbole_sample::VSTAN::{""vstan_idf_weighting"": true, ""vstan_k"": 100, ""vstan_popularity_weight"": 0.5, ""vstan_position_decay"": 0.1, ""vstan_sample_size"": 500}",success,,2855.94,"{""vstan_idf_weighting"": true, ""vstan_k"": 100, ""vstan_popularity_weight"": 0.5, ""vstan_position_decay"": 0.1, ""vstan_sample_size"": 500}",100,500,0.1,True,,,,,,,,,,0.5
VSTAN,adressa_recbole_sample,cuda,1,2048,1024,1213.7,1642.81,0.0,,,0.0286,0.0769,0.0164,0.0318,0.0125,0.0187,"adressa_recbole_sample::VSTAN::{""vstan_idf_weighting"": true, ""vstan_k"": 100, ""vstan_popularity_weight"": 1.0, ""vstan_position_decay"": 0.1, ""vstan_sample_size"": 500}",success,,2864.09,"{""vstan_idf_weighting"": true, ""vstan_k"": 100, ""vstan_popularity_weight"": 1.0, ""vstan_position_decay"": 0.1, ""vstan_sample_size"": 500}",100,500,0.1,True,,,,,,,,,,1.0
VSTAN,adressa_recbole_sample,cuda,1,2048,1024,1172.68,1587.07,0.0,,,0.2616,0.4116,0.1669,0.2153,0.136,0.156,"adressa_recbole_sample::VSTAN::{""vstan_idf_weighting"": false, ""vstan_k"": 100, ""vstan_popularity_weight"": 0.0, ""vstan_position_decay"": 0.1, ""vstan_sample_size"": 500}",success,,2767.66,"{""vstan_idf_weighting"": false, ""vstan_k"": 100, ""vstan_popularity_weight"": 0.0, ""vstan_position_decay"": 0.1, ""vstan_sample_size"": 500}",100,500,0.1,False,,,,,,,,,,0.0
VSTAN,adressa_recbole_sample,cuda,1,2048,1024,1191.74,1617.5,0.0,,,0.135,0.2151,0.0959,0.1214,0.0832,0.0934,"adressa_recbole_sample::VSTAN::{""vstan_idf_weighting"": false, ""vstan_k"": 100, ""vstan_popularity_weight"": 0.5, ""vstan_position_decay"": 0.1, ""vstan_sample_size"": 500}",success,,2816.83,"{""vstan_idf_weighting"": false, ""vstan_k"": 100, ""vstan_popularity_weight"": 0.5, ""vstan_position_decay"": 0.1, ""vstan_sample_size"": 500}",100,500,0.1,False,,,,,,,,,,0.5
VSTAN,adressa_recbole_sample,cuda,1,2048,1024,1207.46,1638.11,0.0,,,0.044,0.1092,0.024,0.045,0.0176,0.0262,"adressa_recbole_sample::VSTAN::{""vstan_idf_weighting"": false, ""vstan_k"": 100, ""vstan_popularity_weight"": 1.0, ""vstan_position_decay"": 0.1, ""vstan_sample_size"": 500}",success,,2853.44,"{""vstan_idf_weighting"": false, ""vstan_k"": 100, ""vstan_popularity_weight"": 1.0, ""vstan_position_decay"": 0.1, ""vstan_sample_size"": 500}",100,500,0.1,False,,,,,,,,,,1.0
VSTAN,adressa_recbole_sample,cuda,1,2048,1024,1180.3,1598.31,0.0,,,0.2458,0.3819,0.1618,0.2057,0.1344,0.1524,"adressa_recbole_sample::VSTAN::{""vstan_idf_weighting"": true, ""vstan_k"": 100, ""vstan_popularity_weight"": 0.0, ""vstan_position_decay"": 0.2, ""vstan_sample_size"": 500}",success,,2786.2,"{""vstan_idf_weighting"": true, ""vstan_k"": 100, ""vstan_popularity_weight"": 0.0, ""vstan_position_decay"": 0.2, ""vstan_sample_size"": 500}",100,500,0.2,True,,,,,,,,,,0.0
VSTAN,adressa_recbole_sample,cuda,1,2048,1024,1201.53,1629.35,0.0,,,0.099,0.163,0.0616,0.082,0.0494,0.0576,"adressa_recbole_sample::VSTAN::{""vstan_idf_weighting"": true, ""vstan_k"": 100, ""vstan_popularity_weight"": 0.5, ""vstan_position_decay"": 0.2, ""vstan_sample_size"": 500}",success,,2838.77,"{""vstan_idf_weighting"": true, ""vstan_k"": 100, ""vstan_popularity_weight"": 0.5, ""vstan_position_decay"": 0.2, ""vstan_sample_size"": 500}",100,500,0.2,True,,,,,,,,,,0.5
VSTAN,adressa_recbole_sample,cuda,1,2048,1024,1207.24,1632.56,0.0,,,0.0294,0.0802,0.0169,0.033,0.0128,0.0193,"adressa_recbole_sample::VSTAN::{""vstan_idf_weighting"": true, ""vstan_k"": 100, ""vstan_popularity_weight"": 1.0, ""vstan_position_decay"": 0.2, ""vstan_sample_size"": 500}",success,,2847.34,"{""vstan_idf_weighting"": true, ""vstan_k"": 100, ""vstan_popularity_weight"": 1.0, ""vstan_position_decay"": 0.2, ""vstan_sample_size"": 500}",100,500,0.2,True,,,,,,,,,,1.0
VSTAN,adressa_recbole_sample,cuda,1,2048,1024,1185.62,1602.41,0.0,,,0.2738,0.4204,0.1749,0.2221,0.1425,0.1619,"adressa_recbole_sample::VSTAN::{""vstan_idf_weighting"": false, ""vstan_k"": 100, ""vstan_popularity_weight"": 0.0, ""vstan_position_decay"": 0.2, ""vstan_sample_size"": 500}",success,,2795.94,"{""vstan_idf_weighting"": false, ""vstan_k"": 100, ""vstan_popularity_weight"": 0.0, ""vstan_position_decay"": 0.2, ""vstan_sample_size"": 500}",100,500,0.2,False,,,,,,,,,,0.0
VSTAN,adressa_recbole_sample,cuda,1,2048,1024,1205.19,1628.38,0.0,,,0.1375,0.2226,0.0984,0.1255,0.0857,0.0966,"adressa_recbole_sample::VSTAN::{""vstan_idf_weighting"": false, ""vstan_k"": 100, ""vstan_popularity_weight"": 0.5, ""vstan_position_decay"": 0.2, ""vstan_sample_size"": 500}",success,,2841.16,"{""vstan_idf_weighting"": false, ""vstan_k"": 100, ""vstan_popularity_weight"": 0.5, ""vstan_position_decay"": 0.2, ""vstan_sample_size"": 500}",100,500,0.2,False,,,,,,,,,,0.5
VSTAN,adressa_recbole_sample,cuda,1,2048,1024,1177.77,1597.67,0.0,,,0.0464,0.1136,0.0254,0.0469,0.0187,0.0275,"adressa_recbole_sample::VSTAN::{""vstan_idf_weighting"": false, ""vstan_k"": 100, ""vstan_popularity_weight"": 1.0, ""vstan_position_decay"": 0.2, ""vstan_sample_size"": 500}",success,,2783.24,"{""vstan_idf_weighting"": false, ""vstan_k"": 100, ""vstan_popularity_weight"": 1.0, ""vstan_position_decay"": 0.2, ""vstan_sample_size"": 500}",100,500,0.2,False,,,,,,,,,,1.0
VSTAN,adressa_recbole_sample,cuda,1,2048,1024,1206.69,1635.92,0.0,,,0.2456,0.3985,0.1553,0.2045,0.126,0.1462,"adressa_recbole_sample::VSTAN::{""vstan_idf_weighting"": true, ""vstan_k"": 200, ""vstan_popularity_weight"": 0.0, ""vstan_position_decay"": 0.05, ""vstan_sample_size"": 100}",success,,2850.2,"{""vstan_idf_weighting"": true, ""vstan_k"": 200, ""vstan_popularity_weight"": 0.0, ""vstan_position_decay"": 0.05, ""vstan_sample_size"": 100}",200,100,0.05,True,,,,,,,,,,0.0
VSTAN,adressa_recbole_sample,cuda,1,2048,1024,1249.53,1698.93,0.0,,,0.0556,0.1103,0.0333,0.0507,0.026,0.0331,"adressa_recbole_sample::VSTAN::{""vstan_idf_weighting"": true, ""vstan_k"": 200, ""vstan_popularity_weight"": 0.5, ""vstan_position_decay"": 0.05, ""vstan_sample_size"": 100}",success,,2956.39,"{""vstan_idf_weighting"": true, ""vstan_k"": 200, ""vstan_popularity_weight"": 0.5, ""vstan_position_decay"": 0.05, ""vstan_sample_size"": 100}",200,100,0.05,True,,,,,,,,,,0.5
VSTAN,adressa_recbole_sample,cuda,1,2048,1024,1224.93,1663.07,0.0,,,0.014,0.0346,0.008,0.0145,0.006,0.0087,"adressa_recbole_sample::VSTAN::{""vstan_idf_weighting"": true, ""vstan_k"": 200, ""vstan_popularity_weight"": 1.0, ""vstan_position_decay"": 0.05, ""vstan_sample_size"": 100}",success,,2895.63,"{""vstan_idf_weighting"": true, ""vstan_k"": 200, ""vstan_popularity_weight"": 1.0, ""vstan_position_decay"": 0.05, ""vstan_sample_size"": 100}",200,100,0.05,True,,,,,,,,,,1.0
VSTAN,adressa_recbole_sample,cuda,1,2048,1024,1229.54,1653.87,0.0,,,0.2671,0.4192,0.1654,0.2144,0.1324,0.1524,"adressa_recbole_sample::VSTAN::{""vstan_idf_weighting"": false, ""vstan_k"": 200, ""vstan_popularity_weight"": 0.0, ""vstan_position_decay"": 0.05, ""vstan_sample_size"": 100}",success,,2891.35,"{""vstan_idf_weighting"": false, ""vstan_k"": 200, ""vstan_popularity_weight"": 0.0, ""vstan_position_decay"": 0.05, ""vstan_sample_size"": 100}",200,100,0.05,False,,,,,,,,,,0.0
VSTAN,adressa_recbole_sample,cuda,1,2048,1024,1230.27,1670.56,0.0,,,0.1027,0.1758,0.0685,0.0916,0.0572,0.0664,"adressa_recbole_sample::VSTAN::{""vstan_idf_weighting"": false, ""vstan_k"": 200, ""vstan_popularity_weight"": 0.5, ""vstan_position_decay"": 0.05, ""vstan_sample_size"": 100}",success,,2908.43,"{""vstan_idf_weighting"": false, ""vstan_k"": 200, ""vstan_popularity_weight"": 0.5, ""vstan_position_decay"": 0.05, ""vstan_sample_size"": 100}",200,100,0.05,False,,,,,,,,,,0.5
VSTAN,adressa_recbole_sample,cuda,1,2048,1024,1226.69,1668.87,0.0,,,0.0162,0.0443,0.0091,0.018,0.0068,0.0104,"adressa_recbole_sample::VSTAN::{""vstan_idf_weighting"": false, ""vstan_k"": 200, ""vstan_popularity_weight"": 1.0, ""vstan_position_decay"": 0.05, ""vstan_sample_size"": 100}",success,,2903.39,"{""vstan_idf_weighting"": false, ""vstan_k"": 200, ""vstan_popularity_weight"": 1.0, ""vstan_position_decay"": 0.05, ""vstan_sample_size"": 100}",200,100,0.05,False,,,,,,,,,,1.0
VSTAN,adressa_recbole_sample,cuda,1,2048,1024,1198.68,1641.34,0.0,,,0.2477,0.397,0.1567,0.2049,0.1273,0.147,"adressa_recbole_sample::VSTAN::{""vstan_idf_weighting"": true, ""vstan_k"": 200, ""vstan_popularity_weight"": 0.0, ""vstan_position_decay"": 0.1, ""vstan_sample_size"": 100}",success,,2847.61,"{""vstan_idf_weighting"": true, ""vstan_k"": 200, ""vstan_popularity_weight"": 0.0, ""vstan_position_decay"": 0.1, ""vstan_sample_size"": 100}",200,100,0.1,True,,,,,,,,,,0.0
VSTAN,adressa_recbole_sample,cuda,1,2048,1024,1232.94,1669.81,0.0,,,0.0586,0.1126,0.0347,0.052,0.027,0.0341,"adressa_recbole_sample::VSTAN::{""vstan_idf_weighting"": true, ""vstan_k"": 200, ""vstan_popularity_weight"": 0.5, ""vstan_position_decay"": 0.1, ""vstan_sample_size"": 100}",success,,2910.71,"{""vstan_idf_weighting"": true, ""vstan_k"": 200, ""vstan_popularity_weight"": 0.5, ""vstan_position_decay"": 0.1, ""vstan_sample_size"": 100}",200,100,0.1,True,,,,,,,,,,0.5
VSTAN,adressa_recbole_sample,cuda,1,2048,1024,1233.09,1678.02,0.0,,,0.0146,0.0365,0.0084,0.0153,0.0064,0.0091,"adressa_recbole_sample::VSTAN::{""vstan_idf_weighting"": true, ""vstan_k"": 200, ""vstan_popularity_weight"": 1.0, ""vstan_position_decay"": 0.1, ""vstan_sample_size"": 100}",success,,2918.68,"{""vstan_idf_weighting"": true, ""vstan_k"": 200, ""vstan_popularity_weight"": 1.0, ""vstan_position_decay"": 0.1, ""vstan_sample_size"": 100}",200,100,0.1,True,,,,,,,,,,1.0
VSTAN,adressa_recbole_sample,cuda,1,2048,1024,1192.61,1619.74,0.0,,,0.2697,0.4226,0.1675,0.2167,0.1343,0.1544,"adressa_recbole_sample::VSTAN::{""vstan_idf_weighting"": false, ""vstan_k"": 200, ""vstan_popularity_weight"": 0.0, ""vstan_position_decay"": 0.1, ""vstan_sample_size"": 100}",success,,2820.28,"{""vstan_idf_weighting"": false, ""vstan_k"": 200, ""vstan_popularity_weight"": 0.0, ""vstan_position_decay"": 0.1, ""vstan_sample_size"": 100}",200,100,0.1,False,,,,,,,,,,0.0
VSTAN,adressa_recbole_sample,cuda,1,2048,1024,1229.48,1667.96,0.0,,,0.1054,0.1816,0.0691,0.0932,0.0571,0.0668,"adressa_recbole_sample::VSTAN::{""vstan_idf_weighting"": false, ""vstan_k"": 200, ""vstan_popularity_weight"": 0.5, ""vstan_position_decay"": 0.1, ""vstan_sample_size"": 100}",success,,2905.04,"{""vstan_idf_weighting"": false, ""vstan_k"": 200, ""vstan_popularity_weight"": 0.5, ""vstan_position_decay"": 0.1, ""vstan_sample_size"": 100}",200,100,0.1,False,,,,,,,,,,0.5
VSTAN,adressa_recbole_sample,cuda,1,2048,1024,1232.23,1675.07,0.0,,,0.0176,0.0467,0.0098,0.0191,0.0074,0.0111,"adressa_recbole_sample::VSTAN::{""vstan_idf_weighting"": false, ""vstan_k"": 200, ""vstan_popularity_weight"": 1.0, ""vstan_position_decay"": 0.1, ""vstan_sample_size"": 100}",success,,2915.25,"{""vstan_idf_weighting"": false, ""vstan_k"": 200, ""vstan_popularity_weight"": 1.0, ""vstan_position_decay"": 0.1, ""vstan_sample_size"": 100}",200,100,0.1,False,,,,,,,,,,1.0
VSTAN,adressa_recbole_sample,cuda,1,2048,1024,1222.81,1660.75,0.0,,,0.2505,0.39,0.1584,0.2033,0.1285,0.1469,"adressa_recbole_sample::VSTAN::{""vstan_idf_weighting"": true, ""vstan_k"": 200, ""vstan_popularity_weight"": 0.0, ""vstan_position_decay"": 0.2, ""vstan_sample_size"": 100}",success,,2891.15,"{""vstan_idf_weighting"": true, ""vstan_k"": 200, ""vstan_popularity_weight"": 0.0, ""vstan_position_decay"": 0.2, ""vstan_sample_size"": 100}",200,100,0.2,True,,,,,,,,,,0.0
VSTAN,adressa_recbole_sample,cuda,1,2048,1024,1238.84,1677.92,0.0,,,0.0624,0.1183,0.0371,0.0548,0.0289,0.036,"adressa_recbole_sample::VSTAN::{""vstan_idf_weighting"": true, ""vstan_k"": 200, ""vstan_popularity_weight"": 0.5, ""vstan_position_decay"": 0.2, ""vstan_sample_size"": 100}",success,,2924.63,"{""vstan_idf_weighting"": true, ""vstan_k"": 200, ""vstan_popularity_weight"": 0.5, ""vstan_position_decay"": 0.2, ""vstan_sample_size"": 100}",200,100,0.2,True,,,,,,,,,,0.5
VSTAN,adressa_recbole_sample,cuda,1,2048,1024,1260.28,1711.06,0.0,,,0.0164,0.0407,0.0094,0.017,0.0071,0.0102,"adressa_recbole_sample::VSTAN::{""vstan_idf_weighting"": true, ""vstan_k"": 200, ""vstan_popularity_weight"": 1.0, ""vstan_position_decay"": 0.2, ""vstan_sample_size"": 100}",success,,2978.98,"{""vstan_idf_weighting"": true, ""vstan_k"": 200, ""vstan_popularity_weight"": 1.0, ""vstan_position_decay"": 0.2, ""vstan_sample_size"": 100}",200,100,0.2,True,,,,,,,,,,1.0
VSTAN,adressa_recbole_sample,cuda,1,2048,1024,1199.27,1635.45,0.0,,,0.2707,0.4243,0.1691,0.2186,0.1361,0.1564,"adressa_recbole_sample::VSTAN::{""vstan_idf_weighting"": false, ""vstan_k"": 200, ""vstan_popularity_weight"": 0.0, ""vstan_position_decay"": 0.2, ""vstan_sample_size"": 100}",success,,2842.64,"{""vstan_idf_weighting"": false, ""vstan_k"": 200, ""vstan_popularity_weight"": 0.0, ""vstan_position_decay"": 0.2, ""vstan_sample_size"": 100}",200,100,0.2,False,,,,,,,,,,0.0
VSTAN,adressa_recbole_sample,cuda,1,2048,1024,1225.93,1666.25,0.0,,,0.1075,0.187,0.0697,0.095,0.0573,0.0675,"adressa_recbole_sample::VSTAN::{""vstan_idf_weighting"": false, ""vstan_k"": 200, ""vstan_popularity_weight"": 0.5, ""vstan_position_decay"": 0.2, ""vstan_sample_size"": 100}",success,,2899.79,"{""vstan_idf_weighting"": false, ""vstan_k"": 200, ""vstan_popularity_weight"": 0.5, ""vstan_position_decay"": 0.2, ""vstan_sample_size"": 100}",200,100,0.2,False,,,,,,,,,,0.5
VSTAN,adressa_recbole_sample,cuda,1,2048,1024,1235.6,1684.42,0.0,,,0.0213,0.0524,0.0117,0.0216,0.0086,0.0126,"adressa_recbole_sample::VSTAN::{""vstan_idf_weighting"": false, ""vstan_k"": 200, ""vstan_popularity_weight"": 1.0, ""vstan_position_decay"": 0.2, ""vstan_sample_size"": 100}",success,,2927.91,"{""vstan_idf_weighting"": false, ""vstan_k"": 200, ""vstan_popularity_weight"": 1.0, ""vstan_position_decay"": 0.2, ""vstan_sample_size"": 100}",200,100,0.2,False,,,,,,,,,,1.0
VSTAN,adressa_recbole_sample,cuda,1,2048,1024,1306.91,1773.24,0.0,,,0.2388,0.4077,0.1524,0.207,0.1245,0.147,"adressa_recbole_sample::VSTAN::{""vstan_idf_weighting"": true, ""vstan_k"": 200, ""vstan_popularity_weight"": 0.0, ""vstan_position_decay"": 0.05, ""vstan_sample_size"": 250}",success,,3087.73,"{""vstan_idf_weighting"": true, ""vstan_k"": 200, ""vstan_popularity_weight"": 0.0, ""vstan_position_decay"": 0.05, ""vstan_sample_size"": 250}",200,250,0.05,True,,,,,,,,,,0.0
VSTAN,adressa_recbole_sample,cuda,1,2048,1024,1358.04,1847.22,0.0,,,0.0495,0.099,0.0297,0.0455,0.0233,0.0297,"adressa_recbole_sample::VSTAN::{""vstan_idf_weighting"": true, ""vstan_k"": 200, ""vstan_popularity_weight"": 0.5, ""vstan_position_decay"": 0.05, ""vstan_sample_size"": 250}",success,,3213.14,"{""vstan_idf_weighting"": true, ""vstan_k"": 200, ""vstan_popularity_weight"": 0.5, ""vstan_position_decay"": 0.05, ""vstan_sample_size"": 250}",200,250,0.05,True,,,,,,,,,,0.5
VSTAN,adressa_recbole_sample,cuda,1,2048,1024,1363.63,1849.46,0.0,,,0.0084,0.0204,0.0055,0.0093,0.0045,0.0061,"adressa_recbole_sample::VSTAN::{""vstan_idf_weighting"": true, ""vstan_k"": 200, ""vstan_popularity_weight"": 1.0, ""vstan_position_decay"": 0.05, ""vstan_sample_size"": 250}",success,,3220.71,"{""vstan_idf_weighting"": true, ""vstan_k"": 200, ""vstan_popularity_weight"": 1.0, ""vstan_position_decay"": 0.05, ""vstan_sample_size"": 250}",200,250,0.05,True,,,,,,,,,,1.0
VSTAN,adressa_recbole_sample,cuda,1,2048,1024,1297.22,1759.84,0.0,,,0.2679,0.4287,0.1659,0.2179,0.1328,0.1542,"adressa_recbole_sample::VSTAN::{""vstan_idf_weighting"": false, ""vstan_k"": 200, ""vstan_popularity_weight"": 0.0, ""vstan_position_decay"": 0.05, ""vstan_sample_size"": 250}",success,,3064.92,"{""vstan_idf_weighting"": false, ""vstan_k"": 200, ""vstan_popularity_weight"": 0.0, ""vstan_position_decay"": 0.05, ""vstan_sample_size"": 250}",200,250,0.05,False,,,,,,,,,,0.0
VSTAN,adressa_recbole_sample,cuda,1,2048,1024,1348.71,1835.29,0.0,,,0.1071,0.1646,0.0782,0.0964,0.0687,0.076,"adressa_recbole_sample::VSTAN::{""vstan_idf_weighting"": false, ""vstan_k"": 200, ""vstan_popularity_weight"": 0.5, ""vstan_position_decay"": 0.05, ""vstan_sample_size"": 250}",success,,3191.58,"{""vstan_idf_weighting"": false, ""vstan_k"": 200, ""vstan_popularity_weight"": 0.5, ""vstan_position_decay"": 0.05, ""vstan_sample_size"": 250}",200,250,0.05,False,,,,,,,,,,0.5
VSTAN,adressa_recbole_sample,cuda,1,2048,1024,1350.85,1833.76,0.0,,,0.0094,0.0242,0.0059,0.0106,0.0048,0.0067,"adressa_recbole_sample::VSTAN::{""vstan_idf_weighting"": false, ""vstan_k"": 200, ""vstan_popularity_weight"": 1.0, ""vstan_position_decay"": 0.05, ""vstan_sample_size"": 250}",success,,3192.51,"{""vstan_idf_weighting"": false, ""vstan_k"": 200, ""vstan_popularity_weight"": 1.0, ""vstan_position_decay"": 0.05, ""vstan_sample_size"": 250}",200,250,0.05,False,,,,,,,,,,1.0
VSTAN,adressa_recbole_sample,cuda,1,2048,1024,1302.64,1770.36,0.0,,,0.2416,0.4094,0.1543,0.2084,0.126,0.1483,"adressa_recbole_sample::VSTAN::{""vstan_idf_weighting"": true, ""vstan_k"": 200, ""vstan_popularity_weight"": 0.0, ""vstan_position_decay"": 0.1, ""vstan_sample_size"": 250}",success,,3080.63,"{""vstan_idf_weighting"": true, ""vstan_k"": 200, ""vstan_popularity_weight"": 0.0, ""vstan_position_decay"": 0.1, ""vstan_sample_size"": 250}",200,250,0.1,True,,,,,,,,,,0.0
VSTAN,adressa_recbole_sample,cuda,1,2048,1024,1370.94,1863.03,0.0,,,0.0517,0.101,0.0306,0.0464,0.0237,0.0302,"adressa_recbole_sample::VSTAN::{""vstan_idf_weighting"": true, ""vstan_k"": 200, ""vstan_popularity_weight"": 0.5, ""vstan_position_decay"": 0.1, ""vstan_sample_size"": 250}",success,,3241.56,"{""vstan_idf_weighting"": true, ""vstan_k"": 200, ""vstan_popularity_weight"": 0.5, ""vstan_position_decay"": 0.1, ""vstan_sample_size"": 250}",200,250,0.1,True,,,,,,,,,,0.5
VSTAN,adressa_recbole_sample,cuda,1,2048,1024,1371.32,1866.56,0.0,,,0.0087,0.0214,0.0056,0.0097,0.0047,0.0063,"adressa_recbole_sample::VSTAN::{""vstan_idf_weighting"": true, ""vstan_k"": 200, ""vstan_popularity_weight"": 1.0, ""vstan_position_decay"": 0.1, ""vstan_sample_size"": 250}",success,,3245.51,"{""vstan_idf_weighting"": true, ""vstan_k"": 200, ""vstan_popularity_weight"": 1.0, ""vstan_position_decay"": 0.1, ""vstan_sample_size"": 250}",200,250,0.1,True,,,,,,,,,,1.0
VSTAN,adressa_recbole_sample,cuda,1,2048,1024,1300.77,1768.06,0.0,,,0.2725,0.4325,0.169,0.2206,0.1354,0.1566,"adressa_recbole_sample::VSTAN::{""vstan_idf_weighting"": false, ""vstan_k"": 200, ""vstan_popularity_weight"": 0.0, ""vstan_position_decay"": 0.1, ""vstan_sample_size"": 250}",success,,3076.37,"{""vstan_idf_weighting"": false, ""vstan_k"": 200, ""vstan_popularity_weight"": 0.0, ""vstan_position_decay"": 0.1, ""vstan_sample_size"": 250}",200,250,0.1,False,,,,,,,,,,0.0
VSTAN,adressa_recbole_sample,cuda,1,2048,1024,1350.76,1837.69,0.0,,,0.108,0.1684,0.0788,0.098,0.0693,0.077,"adressa_recbole_sample::VSTAN::{""vstan_idf_weighting"": false, ""vstan_k"": 200, ""vstan_popularity_weight"": 0.5, ""vstan_position_decay"": 0.1, ""vstan_sample_size"": 250}",success,,3196.09,"{""vstan_idf_weighting"": false, ""vstan_k"": 200, ""vstan_popularity_weight"": 0.5, ""vstan_position_decay"": 0.1, ""vstan_sample_size"": 250}",200,250,0.1,False,,,,,,,,,,0.5
VSTAN,adressa_recbole_sample,cuda,1,2048,1024,1351.52,1837.27,0.0,,,0.0098,0.0263,0.0062,0.0114,0.005,0.0071,"adressa_recbole_sample::VSTAN::{""vstan_idf_weighting"": false, ""vstan_k"": 200, ""vstan_popularity_weight"": 1.0, ""vstan_position_decay"": 0.1, ""vstan_sample_size"": 250}",success,,3196.39,"{""vstan_idf_weighting"": false, ""vstan_k"": 200, ""vstan_popularity_weight"": 1.0, ""vstan_position_decay"": 0.1, ""vstan_sample_size"": 250}",200,250,0.1,False,,,,,,,,,,1.0
VSTAN,adressa_recbole_sample,cuda,1,2048,1024,1322.49,1794.7,0.0,,,0.2458,0.408,0.1569,0.2092,0.1281,0.1496,"adressa_recbole_sample::VSTAN::{""vstan_idf_weighting"": true, ""vstan_k"": 200, ""vstan_popularity_weight"": 0.0, ""vstan_position_decay"": 0.2, ""vstan_sample_size"": 250}",success,,3124.8,"{""vstan_idf_weighting"": true, ""vstan_k"": 200, ""vstan_popularity_weight"": 0.0, ""vstan_position_decay"": 0.2, ""vstan_sample_size"": 250}",200,250,0.2,True,,,,,,,,,,0.0
VSTAN,adressa_recbole_sample,cuda,1,2048,1024,1373.67,1867.49,0.0,,,0.054,0.1048,0.0317,0.048,0.0245,0.0312,"adressa_recbole_sample::VSTAN::{""vstan_idf_weighting"": true, ""vstan_k"": 200, ""vstan_popularity_weight"": 0.5, ""vstan_position_decay"": 0.2, ""vstan_sample_size"": 250}",success,,3248.74,"{""vstan_idf_weighting"": true, ""vstan_k"": 200, ""vstan_popularity_weight"": 0.5, ""vstan_position_decay"": 0.2, ""vstan_sample_size"": 250}",200,250,0.2,True,,,,,,,,,,0.5
